-- phpMyAdmin SQL Dump
-- version 5.2.0
-- https://www.phpmyadmin.net/
--
-- Host: 127.0.0.1
-- Generation Time: Oct 19, 2024 at 11:49 AM
-- Server version: 10.4.24-MariaDB
-- PHP Version: 8.1.6

SET SQL_MODE = "NO_AUTO_VALUE_ON_ZERO";
START TRANSACTION;
SET time_zone = "+00:00";


/*!40101 SET @OLD_CHARACTER_SET_CLIENT=@@CHARACTER_SET_CLIENT */;
/*!40101 SET @OLD_CHARACTER_SET_RESULTS=@@CHARACTER_SET_RESULTS */;
/*!40101 SET @OLD_COLLATION_CONNECTION=@@COLLATION_CONNECTION */;
/*!40101 SET NAMES utf8mb4 */;

--
-- Database: `audit_code_db`
--

-- --------------------------------------------------------

--
-- Table structure for table `failed_jobs`
--

CREATE TABLE `failed_jobs` (
  `id` bigint(20) UNSIGNED NOT NULL,
  `uuid` varchar(255) COLLATE utf8mb4_unicode_ci NOT NULL,
  `connection` text COLLATE utf8mb4_unicode_ci NOT NULL,
  `queue` text COLLATE utf8mb4_unicode_ci NOT NULL,
  `payload` longtext COLLATE utf8mb4_unicode_ci NOT NULL,
  `exception` longtext COLLATE utf8mb4_unicode_ci NOT NULL,
  `failed_at` timestamp NOT NULL DEFAULT current_timestamp()
) ENGINE=InnoDB DEFAULT CHARSET=utf8mb4 COLLATE=utf8mb4_unicode_ci;

-- --------------------------------------------------------

--
-- Table structure for table `iso_risk_treatment`
--

CREATE TABLE `iso_risk_treatment` (
  `assessment_id` int(11) NOT NULL,
  `project_id` int(11) DEFAULT NULL,
  `asset_id` int(11) DEFAULT NULL,
  `control_num` varchar(100) COLLATE utf8mb4_unicode_ci DEFAULT NULL,
  `applicability` varchar(16) COLLATE utf8mb4_unicode_ci NOT NULL,
  `control_compliance` int(11) DEFAULT NULL,
  `vulnerability` int(11) DEFAULT NULL,
  `threat` int(11) DEFAULT NULL,
  `risk_level` decimal(11,5) DEFAULT NULL,
  `risk_integrity` decimal(11,5) DEFAULT NULL,
  `risk_availability` decimal(11,5) DEFAULT NULL,
  `residual_risk_treatment` varchar(100) COLLATE utf8mb4_unicode_ci DEFAULT NULL,
  `treatment_action` varchar(1000) COLLATE utf8mb4_unicode_ci DEFAULT NULL,
  `treatment_target_date` date DEFAULT NULL,
  `treatment_comp_date` date DEFAULT NULL,
  `responsibility_for_treatment` bigint(20) UNSIGNED DEFAULT NULL,
  `acceptance_justification` varchar(300) COLLATE utf8mb4_unicode_ci DEFAULT NULL,
  `acceptance_target_date` date DEFAULT NULL,
  `acceptance_actual_date` date DEFAULT NULL,
  `acceptance_proposed_responsibility` bigint(20) UNSIGNED DEFAULT NULL,
  `accepted_by` bigint(20) UNSIGNED DEFAULT NULL,
  `last_edited_by` bigint(20) UNSIGNED DEFAULT NULL,
  `last_edited_at` datetime NOT NULL
) ENGINE=InnoDB DEFAULT CHARSET=utf8mb4 COLLATE=utf8mb4_unicode_ci;

--
-- Dumping data for table `iso_risk_treatment`
--

INSERT INTO `iso_risk_treatment` (`assessment_id`, `project_id`, `asset_id`, `control_num`, `applicability`, `control_compliance`, `vulnerability`, `threat`, `risk_level`, `risk_integrity`, `risk_availability`, `residual_risk_treatment`, `treatment_action`, `treatment_target_date`, `treatment_comp_date`, `responsibility_for_treatment`, `acceptance_justification`, `acceptance_target_date`, `acceptance_actual_date`, `acceptance_proposed_responsibility`, `accepted_by`, `last_edited_by`, `last_edited_at`) VALUES
(1, 11, 35, '5.1', 'yes', 1, 99, 100, '9.90000', '4.95000', '4.95000', NULL, NULL, NULL, NULL, NULL, NULL, NULL, NULL, NULL, NULL, 6, '2024-10-11 11:36:36'),
(2, 11, 35, '5.2', 'yes', 100, 0, 100, '0.00000', '0.00000', '0.00000', NULL, NULL, NULL, NULL, NULL, NULL, NULL, NULL, NULL, NULL, 6, '2024-10-11 11:36:36'),
(3, 11, 35, '5.3', 'yes_to_all', 53, 47, 100, '4.70000', '2.35000', '2.35000', NULL, NULL, NULL, NULL, NULL, NULL, NULL, NULL, NULL, NULL, 6, '2024-10-11 11:36:36'),
(4, 11, 36, '5.3', 'yes_to_all', 53, 47, 100, '4.70000', '2.35000', '2.35000', NULL, NULL, NULL, NULL, NULL, NULL, NULL, NULL, NULL, NULL, 6, '2024-10-11 11:36:36'),
(5, 11, 35, '5.4', 'yes', 100, 0, 100, '0.00000', '0.00000', '0.00000', NULL, NULL, NULL, NULL, NULL, NULL, NULL, NULL, NULL, NULL, 6, '2024-10-11 11:36:36'),
(6, 11, 35, '5.5', 'yes', 100, 0, 100, '0.00000', '0.00000', '0.00000', NULL, NULL, NULL, NULL, NULL, NULL, NULL, NULL, NULL, NULL, 6, '2024-10-11 11:36:36'),
(7, 11, 35, '5.6', 'yes', 100, 0, 100, '0.00000', '0.00000', '0.00000', NULL, NULL, NULL, NULL, NULL, NULL, NULL, NULL, NULL, NULL, 6, '2024-10-11 11:36:36'),
(8, 11, 35, '5.7', 'yes', 100, 0, 100, '0.00000', '0.00000', '0.00000', NULL, NULL, NULL, NULL, NULL, NULL, NULL, NULL, NULL, NULL, 6, '2024-10-11 11:36:36'),
(9, 11, 35, '5.8', 'yes', 100, 0, 100, '0.00000', '0.00000', '0.00000', NULL, NULL, NULL, NULL, NULL, NULL, NULL, NULL, NULL, NULL, 6, '2024-10-11 11:36:36'),
(10, 11, 35, '5.9', 'yes', 100, 0, 100, '0.00000', '0.00000', '0.00000', NULL, NULL, NULL, NULL, NULL, NULL, NULL, NULL, NULL, NULL, 6, '2024-10-11 11:36:36'),
(11, 11, 35, '5.10', 'yes', 100, 0, 100, '0.00000', '0.00000', '0.00000', NULL, NULL, NULL, NULL, NULL, NULL, NULL, NULL, NULL, NULL, 6, '2024-10-11 11:36:36'),
(12, 11, 35, '5.11', 'yes', 100, 0, 100, '0.00000', '0.00000', '0.00000', NULL, NULL, NULL, NULL, NULL, NULL, NULL, NULL, NULL, NULL, 6, '2024-10-11 11:36:36'),
(13, 11, 35, '5.12', 'yes', 100, 0, 100, '0.00000', '0.00000', '0.00000', NULL, NULL, NULL, NULL, NULL, NULL, NULL, NULL, NULL, NULL, 6, '2024-10-11 11:36:36'),
(14, 11, 35, '5.13', 'yes', 100, 0, 100, '0.00000', '0.00000', '0.00000', NULL, NULL, NULL, NULL, NULL, NULL, NULL, NULL, NULL, NULL, 6, '2024-10-11 11:36:36'),
(15, 11, 35, '5.14', 'yes', 100, 0, 100, '0.00000', '0.00000', '0.00000', NULL, NULL, NULL, NULL, NULL, NULL, NULL, NULL, NULL, NULL, 6, '2024-10-11 11:36:36'),
(16, 11, 35, '5.15', 'yes', 100, 0, 100, '0.00000', '0.00000', '0.00000', NULL, NULL, NULL, NULL, NULL, NULL, NULL, NULL, NULL, NULL, 6, '2024-10-11 11:36:36'),
(17, 11, 35, '5.16', 'yes', 100, 0, 100, '0.00000', '0.00000', '0.00000', NULL, NULL, NULL, NULL, NULL, NULL, NULL, NULL, NULL, NULL, 6, '2024-10-11 11:36:36'),
(18, 11, 35, '5.17', 'yes', 100, 0, 100, '0.00000', '0.00000', '0.00000', NULL, NULL, NULL, NULL, NULL, NULL, NULL, NULL, NULL, NULL, 6, '2024-10-11 11:36:36'),
(19, 11, 35, '5.18', 'yes', 100, 0, 100, '0.00000', '0.00000', '0.00000', NULL, NULL, NULL, NULL, NULL, NULL, NULL, NULL, NULL, NULL, 6, '2024-10-11 11:36:36'),
(20, 11, 35, '5.19', 'yes', 100, 0, 100, '0.00000', '0.00000', '0.00000', NULL, NULL, NULL, NULL, NULL, NULL, NULL, NULL, NULL, NULL, 6, '2024-10-11 11:36:36'),
(21, 11, 35, '5.20', 'yes', 100, 0, 100, '0.00000', '0.00000', '0.00000', NULL, NULL, NULL, NULL, NULL, NULL, NULL, NULL, NULL, NULL, 6, '2024-10-11 11:36:36'),
(22, 11, 35, '5.21', 'yes', 100, 0, 100, '0.00000', '0.00000', '0.00000', NULL, NULL, NULL, NULL, NULL, NULL, NULL, NULL, NULL, NULL, 6, '2024-10-11 11:36:36'),
(23, 11, 35, '5.22', 'yes', 100, 0, 100, '0.00000', '0.00000', '0.00000', NULL, NULL, NULL, NULL, NULL, NULL, NULL, NULL, NULL, NULL, 6, '2024-10-11 11:36:37'),
(24, 11, 35, '5.23', 'yes', 100, 0, 100, '0.00000', '0.00000', '0.00000', NULL, NULL, NULL, NULL, NULL, NULL, NULL, NULL, NULL, NULL, 6, '2024-10-11 11:36:37'),
(25, 11, 35, '5.24', 'yes', 100, 0, 100, '0.00000', '0.00000', '0.00000', NULL, NULL, NULL, NULL, NULL, NULL, NULL, NULL, NULL, NULL, 6, '2024-10-11 11:36:37'),
(26, 11, 35, '5.25', 'yes', 100, 0, 100, '0.00000', '0.00000', '0.00000', NULL, NULL, NULL, NULL, NULL, NULL, NULL, NULL, NULL, NULL, 6, '2024-10-11 11:36:37'),
(27, 11, 35, '5.26', 'yes', 100, 0, 100, '0.00000', '0.00000', '0.00000', NULL, NULL, NULL, NULL, NULL, NULL, NULL, NULL, NULL, NULL, 6, '2024-10-11 11:36:37'),
(28, 11, 35, '5.27', 'yes', 100, 0, 100, '0.00000', '0.00000', '0.00000', NULL, NULL, NULL, NULL, NULL, NULL, NULL, NULL, NULL, NULL, 6, '2024-10-11 11:36:37'),
(29, 11, 35, '5.28', 'yes', 100, 0, 100, '0.00000', '0.00000', '0.00000', NULL, NULL, NULL, NULL, NULL, NULL, NULL, NULL, NULL, NULL, 6, '2024-10-11 11:36:37'),
(30, 11, 35, '5.29', 'yes', 100, 0, 100, '0.00000', '0.00000', '0.00000', NULL, NULL, NULL, NULL, NULL, NULL, NULL, NULL, NULL, NULL, 6, '2024-10-11 11:36:37'),
(31, 11, 35, '5.30', 'yes', 100, 0, 100, '0.00000', '0.00000', '0.00000', NULL, NULL, NULL, NULL, NULL, NULL, NULL, NULL, NULL, NULL, 6, '2024-10-11 11:36:37'),
(32, 11, 35, '5.31', 'yes', 100, 0, 100, '0.00000', '0.00000', '0.00000', NULL, NULL, NULL, NULL, NULL, NULL, NULL, NULL, NULL, NULL, 6, '2024-10-11 11:36:37'),
(33, 11, 35, '5.32', 'yes', 100, 0, 100, '0.00000', '0.00000', '0.00000', NULL, NULL, NULL, NULL, NULL, NULL, NULL, NULL, NULL, NULL, 6, '2024-10-11 11:36:37'),
(34, 11, 35, '5.33', 'yes', 100, 0, 100, '0.00000', '0.00000', '0.00000', NULL, NULL, NULL, NULL, NULL, NULL, NULL, NULL, NULL, NULL, 6, '2024-10-11 11:36:37'),
(35, 11, 35, '5.34', 'yes', 100, 0, 100, '0.00000', '0.00000', '0.00000', NULL, NULL, NULL, NULL, NULL, NULL, NULL, NULL, NULL, NULL, 6, '2024-10-11 11:36:37'),
(36, 11, 35, '5.35', 'yes', 100, 0, 100, '0.00000', '0.00000', '0.00000', NULL, NULL, NULL, NULL, NULL, NULL, NULL, NULL, NULL, NULL, 6, '2024-10-11 11:36:37'),
(37, 11, 35, '5.36', 'yes', 100, 0, 100, '0.00000', '0.00000', '0.00000', NULL, NULL, NULL, NULL, NULL, NULL, NULL, NULL, NULL, NULL, 6, '2024-10-11 11:36:37'),
(38, 11, 35, '5.37', 'yes', 100, 0, 100, '0.00000', '0.00000', '0.00000', NULL, NULL, NULL, NULL, NULL, NULL, NULL, NULL, NULL, NULL, 6, '2024-10-11 11:36:37'),
(39, 11, 35, '6.1', 'yes', 61, 39, 100, '3.90000', '1.95000', '1.95000', NULL, NULL, NULL, NULL, NULL, NULL, NULL, NULL, NULL, NULL, 6, '2024-10-11 11:36:37'),
(40, 11, 35, '6.2', 'yes', 100, 0, 100, '0.00000', '0.00000', '0.00000', NULL, NULL, NULL, NULL, NULL, NULL, NULL, NULL, NULL, NULL, 6, '2024-10-11 11:36:37'),
(41, 11, 35, '6.3', 'yes', 100, 0, 100, '0.00000', '0.00000', '0.00000', NULL, NULL, NULL, NULL, NULL, NULL, NULL, NULL, NULL, NULL, 6, '2024-10-11 11:36:37'),
(42, 11, 35, '6.4', 'yes', 100, 0, 100, '0.00000', '0.00000', '0.00000', NULL, NULL, NULL, NULL, NULL, NULL, NULL, NULL, NULL, NULL, 6, '2024-10-11 11:36:37'),
(43, 11, 35, '6.5', 'yes', 100, 0, 100, '0.00000', '0.00000', '0.00000', NULL, NULL, NULL, NULL, NULL, NULL, NULL, NULL, NULL, NULL, 6, '2024-10-11 11:36:37'),
(44, 11, 35, '6.6', 'yes', 100, 0, 100, '0.00000', '0.00000', '0.00000', NULL, NULL, NULL, NULL, NULL, NULL, NULL, NULL, NULL, NULL, 6, '2024-10-11 11:36:37'),
(45, 11, 35, '6.7', 'yes', 100, 0, 100, '0.00000', '0.00000', '0.00000', NULL, NULL, NULL, NULL, NULL, NULL, NULL, NULL, NULL, NULL, 6, '2024-10-11 11:36:37'),
(46, 11, 35, '6.8', 'yes', 100, 0, 100, '0.00000', '0.00000', '0.00000', NULL, NULL, NULL, NULL, NULL, NULL, NULL, NULL, NULL, NULL, 6, '2024-10-11 11:36:37'),
(47, 11, 35, '7.1', 'yes', 100, 0, 100, '0.00000', '0.00000', '0.00000', NULL, NULL, NULL, NULL, NULL, NULL, NULL, NULL, NULL, NULL, 6, '2024-10-11 11:36:37'),
(48, 11, 35, '7.2', 'yes', 100, 0, 100, '0.00000', '0.00000', '0.00000', NULL, NULL, NULL, NULL, NULL, NULL, NULL, NULL, NULL, NULL, 6, '2024-10-11 11:36:37'),
(49, 11, 35, '7.3', 'yes', 100, 0, 100, '0.00000', '0.00000', '0.00000', NULL, NULL, NULL, NULL, NULL, NULL, NULL, NULL, NULL, NULL, 6, '2024-10-11 11:36:37'),
(50, 11, 35, '7.4', 'yes', 100, 0, 100, '0.00000', '0.00000', '0.00000', NULL, NULL, NULL, NULL, NULL, NULL, NULL, NULL, NULL, NULL, 6, '2024-10-11 11:36:37'),
(51, 11, 35, '7.5', 'yes', 100, 0, 100, '0.00000', '0.00000', '0.00000', NULL, NULL, NULL, NULL, NULL, NULL, NULL, NULL, NULL, NULL, 6, '2024-10-11 11:36:37'),
(52, 11, 35, '7.6', 'yes', 100, 0, 100, '0.00000', '0.00000', '0.00000', NULL, NULL, NULL, NULL, NULL, NULL, NULL, NULL, NULL, NULL, 6, '2024-10-11 11:36:37'),
(53, 11, 35, '7.7', 'yes', 100, 0, 100, '0.00000', '0.00000', '0.00000', NULL, NULL, NULL, NULL, NULL, NULL, NULL, NULL, NULL, NULL, 6, '2024-10-11 11:36:37'),
(54, 11, 35, '7.8', 'yes', 100, 0, 100, '0.00000', '0.00000', '0.00000', NULL, NULL, NULL, NULL, NULL, NULL, NULL, NULL, NULL, NULL, 6, '2024-10-11 11:36:37'),
(55, 11, 35, '7.9', 'yes', 100, 0, 100, '0.00000', '0.00000', '0.00000', NULL, NULL, NULL, NULL, NULL, NULL, NULL, NULL, NULL, NULL, 6, '2024-10-11 11:36:37'),
(56, 11, 35, '7.10', 'yes', 100, 0, 100, '0.00000', '0.00000', '0.00000', NULL, NULL, NULL, NULL, NULL, NULL, NULL, NULL, NULL, NULL, 6, '2024-10-11 11:36:37'),
(57, 11, 35, '7.11', 'yes', 100, 0, 100, '0.00000', '0.00000', '0.00000', NULL, NULL, NULL, NULL, NULL, NULL, NULL, NULL, NULL, NULL, 6, '2024-10-11 11:36:37'),
(58, 11, 35, '7.12', 'yes', 100, 0, 100, '0.00000', '0.00000', '0.00000', NULL, NULL, NULL, NULL, NULL, NULL, NULL, NULL, NULL, NULL, 6, '2024-10-11 11:36:37'),
(59, 11, 35, '7.13', 'yes', 100, 0, 100, '0.00000', '0.00000', '0.00000', NULL, NULL, NULL, NULL, NULL, NULL, NULL, NULL, NULL, NULL, 6, '2024-10-11 11:36:37'),
(60, 11, 35, '7.14', 'yes', 100, 0, 100, '0.00000', '0.00000', '0.00000', NULL, NULL, NULL, NULL, NULL, NULL, NULL, NULL, NULL, NULL, 6, '2024-10-11 11:36:37'),
(61, 11, 35, '8.1', 'yes', 100, 0, 100, '0.00000', '0.00000', '0.00000', NULL, NULL, NULL, NULL, NULL, NULL, NULL, NULL, NULL, NULL, 6, '2024-10-11 11:36:37'),
(62, 11, 35, '8.2', 'yes', 100, 0, 100, '0.00000', '0.00000', '0.00000', NULL, NULL, NULL, NULL, NULL, NULL, NULL, NULL, NULL, NULL, 6, '2024-10-11 11:36:37'),
(63, 11, 35, '8.3', 'yes', 100, 0, 100, '0.00000', '0.00000', '0.00000', NULL, NULL, NULL, NULL, NULL, NULL, NULL, NULL, NULL, NULL, 6, '2024-10-11 11:36:37'),
(64, 11, 35, '8.4', 'yes', 100, 0, 100, '0.00000', '0.00000', '0.00000', NULL, NULL, NULL, NULL, NULL, NULL, NULL, NULL, NULL, NULL, 6, '2024-10-11 11:36:37'),
(65, 11, 35, '8.5', 'yes', 100, 0, 100, '0.00000', '0.00000', '0.00000', NULL, NULL, NULL, NULL, NULL, NULL, NULL, NULL, NULL, NULL, 6, '2024-10-11 11:36:37'),
(66, 11, 35, '8.6', 'yes', 100, 0, 100, '0.00000', '0.00000', '0.00000', NULL, NULL, NULL, NULL, NULL, NULL, NULL, NULL, NULL, NULL, 6, '2024-10-11 11:36:37'),
(67, 11, 35, '8.7', 'yes', 100, 0, 100, '0.00000', '0.00000', '0.00000', NULL, NULL, NULL, NULL, NULL, NULL, NULL, NULL, NULL, NULL, 6, '2024-10-11 11:36:37'),
(68, 11, 35, '8.8', 'yes', 100, 0, 100, '0.00000', '0.00000', '0.00000', NULL, NULL, NULL, NULL, NULL, NULL, NULL, NULL, NULL, NULL, 6, '2024-10-11 11:36:37'),
(69, 11, 35, '8.9', 'yes', 100, 0, 100, '0.00000', '0.00000', '0.00000', NULL, NULL, NULL, NULL, NULL, NULL, NULL, NULL, NULL, NULL, 6, '2024-10-11 11:36:37'),
(70, 11, 35, '8.10', 'yes', 100, 0, 100, '0.00000', '0.00000', '0.00000', NULL, NULL, NULL, NULL, NULL, NULL, NULL, NULL, NULL, NULL, 6, '2024-10-11 11:36:37'),
(71, 11, 35, '8.11', 'yes', 100, 0, 100, '0.00000', '0.00000', '0.00000', NULL, NULL, NULL, NULL, NULL, NULL, NULL, NULL, NULL, NULL, 6, '2024-10-11 11:36:37'),
(72, 11, 35, '8.12', 'yes', 100, 0, 100, '0.00000', '0.00000', '0.00000', NULL, NULL, NULL, NULL, NULL, NULL, NULL, NULL, NULL, NULL, 6, '2024-10-11 11:36:37'),
(73, 11, 35, '8.13', 'yes', 100, 0, 100, '0.00000', '0.00000', '0.00000', NULL, NULL, NULL, NULL, NULL, NULL, NULL, NULL, NULL, NULL, 6, '2024-10-11 11:36:37'),
(74, 11, 35, '8.14', 'yes', 100, 0, 100, '0.00000', '0.00000', '0.00000', NULL, NULL, NULL, NULL, NULL, NULL, NULL, NULL, NULL, NULL, 6, '2024-10-11 11:36:37'),
(75, 11, 35, '8.15', 'yes', 100, 0, 100, '0.00000', '0.00000', '0.00000', NULL, NULL, NULL, NULL, NULL, NULL, NULL, NULL, NULL, NULL, 6, '2024-10-11 11:36:37'),
(76, 11, 35, '8.16', 'yes', 100, 0, 100, '0.00000', '0.00000', '0.00000', NULL, NULL, NULL, NULL, NULL, NULL, NULL, NULL, NULL, NULL, 6, '2024-10-11 11:36:37'),
(77, 11, 35, '8.17', 'yes', 100, 0, 100, '0.00000', '0.00000', '0.00000', NULL, NULL, NULL, NULL, NULL, NULL, NULL, NULL, NULL, NULL, 6, '2024-10-11 11:36:37'),
(78, 11, 35, '8.18', 'yes', 100, 0, 100, '0.00000', '0.00000', '0.00000', NULL, NULL, NULL, NULL, NULL, NULL, NULL, NULL, NULL, NULL, 6, '2024-10-11 11:36:37'),
(79, 11, 35, '8.19', 'yes', 100, 0, 100, '0.00000', '0.00000', '0.00000', NULL, NULL, NULL, NULL, NULL, NULL, NULL, NULL, NULL, NULL, 6, '2024-10-11 11:36:37'),
(80, 11, 35, '8.20', 'yes', 100, 0, 100, '0.00000', '0.00000', '0.00000', NULL, NULL, NULL, NULL, NULL, NULL, NULL, NULL, NULL, NULL, 6, '2024-10-11 11:36:37'),
(81, 11, 35, '8.21', 'yes', 100, 0, 100, '0.00000', '0.00000', '0.00000', NULL, NULL, NULL, NULL, NULL, NULL, NULL, NULL, NULL, NULL, 6, '2024-10-11 11:36:37'),
(82, 11, 35, '8.22', 'yes', 100, 0, 100, '0.00000', '0.00000', '0.00000', NULL, NULL, NULL, NULL, NULL, NULL, NULL, NULL, NULL, NULL, 6, '2024-10-11 11:36:37'),
(83, 11, 35, '8.23', 'yes', 100, 0, 100, '0.00000', '0.00000', '0.00000', NULL, NULL, NULL, NULL, NULL, NULL, NULL, NULL, NULL, NULL, 6, '2024-10-11 11:36:37'),
(84, 11, 35, '8.24', 'yes', 100, 0, 100, '0.00000', '0.00000', '0.00000', NULL, NULL, NULL, NULL, NULL, NULL, NULL, NULL, NULL, NULL, 6, '2024-10-11 11:36:37'),
(85, 11, 35, '8.25', 'yes', 100, 0, 100, '0.00000', '0.00000', '0.00000', NULL, NULL, NULL, NULL, NULL, NULL, NULL, NULL, NULL, NULL, 6, '2024-10-11 11:36:37'),
(86, 11, 35, '8.26', 'yes', 100, 0, 100, '0.00000', '0.00000', '0.00000', NULL, NULL, NULL, NULL, NULL, NULL, NULL, NULL, NULL, NULL, 6, '2024-10-11 11:36:37'),
(87, 11, 35, '8.27', 'yes', 100, 0, 100, '0.00000', '0.00000', '0.00000', NULL, NULL, NULL, NULL, NULL, NULL, NULL, NULL, NULL, NULL, 6, '2024-10-11 11:36:37'),
(88, 11, 35, '8.28', 'yes', 100, 0, 100, '0.00000', '0.00000', '0.00000', NULL, NULL, NULL, NULL, NULL, NULL, NULL, NULL, NULL, NULL, 6, '2024-10-11 11:36:37'),
(89, 11, 35, '8.29', 'yes', 100, 0, 100, '0.00000', '0.00000', '0.00000', NULL, NULL, NULL, NULL, NULL, NULL, NULL, NULL, NULL, NULL, 6, '2024-10-11 11:36:37'),
(90, 11, 35, '8.30', 'yes', 100, 0, 100, '0.00000', '0.00000', '0.00000', NULL, NULL, NULL, NULL, NULL, NULL, NULL, NULL, NULL, NULL, 6, '2024-10-11 11:36:37'),
(91, 11, 35, '8.31', 'yes', 100, 0, 100, '0.00000', '0.00000', '0.00000', NULL, NULL, NULL, NULL, NULL, NULL, NULL, NULL, NULL, NULL, 6, '2024-10-11 11:36:37'),
(92, 11, 35, '8.32', 'yes', 100, 0, 100, '0.00000', '0.00000', '0.00000', NULL, NULL, NULL, NULL, NULL, NULL, NULL, NULL, NULL, NULL, 6, '2024-10-11 11:36:37'),
(93, 11, 35, '8.33', 'yes', 100, 0, 100, '0.00000', '0.00000', '0.00000', NULL, NULL, NULL, NULL, NULL, NULL, NULL, NULL, NULL, NULL, 6, '2024-10-11 11:36:37'),
(94, 11, 35, '8.34', 'yes', 100, 0, 100, '0.00000', '0.00000', '0.00000', NULL, NULL, NULL, NULL, NULL, NULL, NULL, NULL, NULL, NULL, 6, '2024-10-11 11:36:37'),
(95, 11, 37, '5.1', 'yes', 51, 49, 100, '4.90000', '2.45000', '4.90000', NULL, NULL, NULL, NULL, NULL, NULL, NULL, NULL, NULL, NULL, 6, '2024-09-23 11:15:09'),
(96, 11, 37, '5.2', 'yes', 100, 0, 100, '0.00000', '0.00000', '0.00000', NULL, NULL, NULL, NULL, NULL, NULL, NULL, NULL, NULL, NULL, 6, '2024-09-23 11:15:09'),
(97, 11, 37, '5.3', 'yes', 100, 0, 100, '0.00000', '0.00000', '0.00000', NULL, NULL, NULL, NULL, NULL, NULL, NULL, NULL, NULL, NULL, 6, '2024-09-23 11:15:09'),
(98, 11, 37, '5.4', 'no', 100, 0, 100, '0.00000', '0.00000', '0.00000', NULL, NULL, NULL, NULL, NULL, NULL, NULL, NULL, NULL, NULL, 6, '2024-09-23 11:15:09'),
(99, 11, 37, '5.5', 'yes', 100, 0, 100, '0.00000', '0.00000', '0.00000', NULL, NULL, NULL, NULL, NULL, NULL, NULL, NULL, NULL, NULL, 6, '2024-09-23 11:15:09'),
(100, 11, 37, '5.6', 'yes', 100, 0, 100, '0.00000', '0.00000', '0.00000', NULL, NULL, NULL, NULL, NULL, NULL, NULL, NULL, NULL, NULL, 6, '2024-09-23 11:15:09'),
(101, 11, 37, '5.7', 'yes', 57, 43, 100, '4.30000', '2.15000', '4.30000', NULL, NULL, NULL, NULL, NULL, NULL, NULL, NULL, NULL, NULL, 6, '2024-09-23 11:15:09'),
(102, 11, 37, '5.8', 'yes', 100, 0, 100, '0.00000', '0.00000', '0.00000', NULL, NULL, NULL, NULL, NULL, NULL, NULL, NULL, NULL, NULL, 6, '2024-09-23 11:15:09'),
(103, 11, 37, '5.9', 'yes', 100, 0, 100, '0.00000', '0.00000', '0.00000', NULL, NULL, NULL, NULL, NULL, NULL, NULL, NULL, NULL, NULL, 6, '2024-09-23 11:15:09'),
(104, 11, 37, '5.10', 'yes', 100, 0, 100, '0.00000', '0.00000', '0.00000', NULL, NULL, NULL, NULL, NULL, NULL, NULL, NULL, NULL, NULL, 6, '2024-09-23 11:15:09'),
(105, 11, 37, '5.11', 'yes', 100, 0, 100, '0.00000', '0.00000', '0.00000', NULL, NULL, NULL, NULL, NULL, NULL, NULL, NULL, NULL, NULL, 6, '2024-09-23 11:15:09'),
(106, 11, 37, '5.12', 'yes', 100, 0, 100, '0.00000', '0.00000', '0.00000', NULL, NULL, NULL, NULL, NULL, NULL, NULL, NULL, NULL, NULL, 6, '2024-09-23 11:15:09'),
(107, 11, 37, '5.13', 'yes', 100, 0, 100, '0.00000', '0.00000', '0.00000', NULL, NULL, NULL, NULL, NULL, NULL, NULL, NULL, NULL, NULL, 6, '2024-09-23 11:15:09'),
(108, 11, 37, '5.14', 'yes', 100, 0, 100, '0.00000', '0.00000', '0.00000', NULL, NULL, NULL, NULL, NULL, NULL, NULL, NULL, NULL, NULL, 6, '2024-09-23 11:15:09'),
(109, 11, 37, '5.15', 'yes', 100, 0, 100, '0.00000', '0.00000', '0.00000', NULL, NULL, NULL, NULL, NULL, NULL, NULL, NULL, NULL, NULL, 6, '2024-09-23 11:15:09'),
(110, 11, 37, '5.16', 'yes', 100, 0, 100, '0.00000', '0.00000', '0.00000', NULL, NULL, NULL, NULL, NULL, NULL, NULL, NULL, NULL, NULL, 6, '2024-09-23 11:15:09'),
(111, 11, 37, '5.17', 'yes', 100, 0, 100, '0.00000', '0.00000', '0.00000', NULL, NULL, NULL, NULL, NULL, NULL, NULL, NULL, NULL, NULL, 6, '2024-09-23 11:15:09'),
(112, 11, 37, '5.18', 'yes', 100, 0, 100, '0.00000', '0.00000', '0.00000', NULL, NULL, NULL, NULL, NULL, NULL, NULL, NULL, NULL, NULL, 6, '2024-09-23 11:15:09'),
(113, 11, 37, '5.19', 'yes', 100, 0, 100, '0.00000', '0.00000', '0.00000', NULL, NULL, NULL, NULL, NULL, NULL, NULL, NULL, NULL, NULL, 6, '2024-09-23 11:15:09'),
(114, 11, 37, '5.20', 'yes', 100, 0, 100, '0.00000', '0.00000', '0.00000', NULL, NULL, NULL, NULL, NULL, NULL, NULL, NULL, NULL, NULL, 6, '2024-09-23 11:15:09'),
(115, 11, 37, '5.21', 'yes', 100, 0, 100, '0.00000', '0.00000', '0.00000', NULL, NULL, NULL, NULL, NULL, NULL, NULL, NULL, NULL, NULL, 6, '2024-09-23 11:15:09'),
(116, 11, 37, '5.22', 'yes', 100, 0, 100, '0.00000', '0.00000', '0.00000', NULL, NULL, NULL, NULL, NULL, NULL, NULL, NULL, NULL, NULL, 6, '2024-09-23 11:15:09'),
(117, 11, 37, '5.23', 'yes', 100, 0, 100, '0.00000', '0.00000', '0.00000', NULL, NULL, NULL, NULL, NULL, NULL, NULL, NULL, NULL, NULL, 6, '2024-09-23 11:15:09'),
(118, 11, 37, '5.24', 'yes', 100, 0, 100, '0.00000', '0.00000', '0.00000', NULL, NULL, NULL, NULL, NULL, NULL, NULL, NULL, NULL, NULL, 6, '2024-09-23 11:15:09'),
(119, 11, 37, '5.25', 'yes', 100, 0, 100, '0.00000', '0.00000', '0.00000', NULL, NULL, NULL, NULL, NULL, NULL, NULL, NULL, NULL, NULL, 6, '2024-09-23 11:15:09'),
(120, 11, 37, '5.26', 'yes', 100, 0, 100, '0.00000', '0.00000', '0.00000', NULL, NULL, NULL, NULL, NULL, NULL, NULL, NULL, NULL, NULL, 6, '2024-09-23 11:15:09'),
(121, 11, 37, '5.27', 'yes', 100, 0, 100, '0.00000', '0.00000', '0.00000', NULL, NULL, NULL, NULL, NULL, NULL, NULL, NULL, NULL, NULL, 6, '2024-09-23 11:15:09'),
(122, 11, 37, '5.28', 'yes', 100, 0, 100, '0.00000', '0.00000', '0.00000', NULL, NULL, NULL, NULL, NULL, NULL, NULL, NULL, NULL, NULL, 6, '2024-09-23 11:15:09'),
(123, 11, 37, '5.29', 'yes', 100, 0, 100, '0.00000', '0.00000', '0.00000', NULL, NULL, NULL, NULL, NULL, NULL, NULL, NULL, NULL, NULL, 6, '2024-09-23 11:15:09'),
(124, 11, 37, '5.30', 'yes', 100, 0, 100, '0.00000', '0.00000', '0.00000', NULL, NULL, NULL, NULL, NULL, NULL, NULL, NULL, NULL, NULL, 6, '2024-09-23 11:15:09'),
(125, 11, 37, '5.31', 'yes', 100, 0, 100, '0.00000', '0.00000', '0.00000', NULL, NULL, NULL, NULL, NULL, NULL, NULL, NULL, NULL, NULL, 6, '2024-09-23 11:15:09'),
(126, 11, 37, '5.32', 'yes', 100, 0, 100, '0.00000', '0.00000', '0.00000', NULL, NULL, NULL, NULL, NULL, NULL, NULL, NULL, NULL, NULL, 6, '2024-09-23 11:15:09'),
(127, 11, 37, '5.33', 'yes', 100, 0, 100, '0.00000', '0.00000', '0.00000', NULL, NULL, NULL, NULL, NULL, NULL, NULL, NULL, NULL, NULL, 6, '2024-09-23 11:15:09'),
(128, 11, 37, '5.34', 'yes', 100, 0, 100, '0.00000', '0.00000', '0.00000', NULL, NULL, NULL, NULL, NULL, NULL, NULL, NULL, NULL, NULL, 6, '2024-09-23 11:15:09'),
(129, 11, 37, '5.35', 'yes', 100, 0, 100, '0.00000', '0.00000', '0.00000', NULL, NULL, NULL, NULL, NULL, NULL, NULL, NULL, NULL, NULL, 6, '2024-09-23 11:15:09'),
(130, 11, 37, '5.36', 'yes', 100, 0, 100, '0.00000', '0.00000', '0.00000', NULL, NULL, NULL, NULL, NULL, NULL, NULL, NULL, NULL, NULL, 6, '2024-09-23 11:15:09'),
(131, 11, 37, '5.37', 'yes', 100, 0, 100, '0.00000', '0.00000', '0.00000', NULL, NULL, NULL, NULL, NULL, NULL, NULL, NULL, NULL, NULL, 6, '2024-09-23 11:15:09'),
(132, 11, 37, '6.1', 'yes', 100, 0, 100, '0.00000', '0.00000', '0.00000', NULL, NULL, NULL, NULL, NULL, NULL, NULL, NULL, NULL, NULL, 6, '2024-09-23 11:15:09'),
(133, 11, 37, '6.2', 'yes', 100, 0, 100, '0.00000', '0.00000', '0.00000', NULL, NULL, NULL, NULL, NULL, NULL, NULL, NULL, NULL, NULL, 6, '2024-09-23 11:15:09'),
(134, 11, 37, '6.3', 'yes', 100, 0, 100, '0.00000', '0.00000', '0.00000', NULL, NULL, NULL, NULL, NULL, NULL, NULL, NULL, NULL, NULL, 6, '2024-09-23 11:15:09'),
(135, 11, 37, '6.4', 'yes', 100, 0, 100, '0.00000', '0.00000', '0.00000', NULL, NULL, NULL, NULL, NULL, NULL, NULL, NULL, NULL, NULL, 6, '2024-09-23 11:15:10'),
(136, 11, 37, '6.5', 'yes', 100, 0, 100, '0.00000', '0.00000', '0.00000', NULL, NULL, NULL, NULL, NULL, NULL, NULL, NULL, NULL, NULL, 6, '2024-09-23 11:15:10'),
(137, 11, 37, '6.6', 'yes', 100, 0, 100, '0.00000', '0.00000', '0.00000', NULL, NULL, NULL, NULL, NULL, NULL, NULL, NULL, NULL, NULL, 6, '2024-09-23 11:15:10'),
(138, 11, 37, '6.7', 'yes', 100, 0, 100, '0.00000', '0.00000', '0.00000', NULL, NULL, NULL, NULL, NULL, NULL, NULL, NULL, NULL, NULL, 6, '2024-09-23 11:15:10'),
(139, 11, 37, '6.8', 'yes', 100, 0, 100, '0.00000', '0.00000', '0.00000', NULL, NULL, NULL, NULL, NULL, NULL, NULL, NULL, NULL, NULL, 6, '2024-09-23 11:15:10'),
(140, 11, 37, '7.1', 'yes', 100, 0, 100, '0.00000', '0.00000', '0.00000', NULL, NULL, NULL, NULL, NULL, NULL, NULL, NULL, NULL, NULL, 6, '2024-09-23 11:15:10'),
(141, 11, 37, '7.2', 'yes', 100, 0, 100, '0.00000', '0.00000', '0.00000', NULL, NULL, NULL, NULL, NULL, NULL, NULL, NULL, NULL, NULL, 6, '2024-09-23 11:15:10'),
(142, 11, 37, '7.3', 'yes', 100, 0, 100, '0.00000', '0.00000', '0.00000', NULL, NULL, NULL, NULL, NULL, NULL, NULL, NULL, NULL, NULL, 6, '2024-09-23 11:15:10'),
(143, 11, 37, '7.4', 'yes', 100, 0, 100, '0.00000', '0.00000', '0.00000', NULL, NULL, NULL, NULL, NULL, NULL, NULL, NULL, NULL, NULL, 6, '2024-09-23 11:15:10'),
(144, 11, 37, '7.5', 'yes', 100, 0, 100, '0.00000', '0.00000', '0.00000', NULL, NULL, NULL, NULL, NULL, NULL, NULL, NULL, NULL, NULL, 6, '2024-09-23 11:15:10'),
(145, 11, 37, '7.6', 'yes', 100, 0, 100, '0.00000', '0.00000', '0.00000', NULL, NULL, NULL, NULL, NULL, NULL, NULL, NULL, NULL, NULL, 6, '2024-09-23 11:15:10'),
(146, 11, 37, '7.7', 'yes', 100, 0, 100, '0.00000', '0.00000', '0.00000', NULL, NULL, NULL, NULL, NULL, NULL, NULL, NULL, NULL, NULL, 6, '2024-09-23 11:15:10'),
(147, 11, 37, '7.8', 'yes', 100, 0, 100, '0.00000', '0.00000', '0.00000', NULL, NULL, NULL, NULL, NULL, NULL, NULL, NULL, NULL, NULL, 6, '2024-09-23 11:15:10'),
(148, 11, 37, '7.9', 'yes', 100, 0, 100, '0.00000', '0.00000', '0.00000', NULL, NULL, NULL, NULL, NULL, NULL, NULL, NULL, NULL, NULL, 6, '2024-09-23 11:15:10'),
(149, 11, 37, '7.10', 'yes', 100, 0, 100, '0.00000', '0.00000', '0.00000', NULL, NULL, NULL, NULL, NULL, NULL, NULL, NULL, NULL, NULL, 6, '2024-09-23 11:15:10'),
(150, 11, 37, '7.11', 'yes', 100, 0, 100, '0.00000', '0.00000', '0.00000', NULL, NULL, NULL, NULL, NULL, NULL, NULL, NULL, NULL, NULL, 6, '2024-09-23 11:15:10'),
(151, 11, 37, '7.12', 'yes', 100, 0, 100, '0.00000', '0.00000', '0.00000', NULL, NULL, NULL, NULL, NULL, NULL, NULL, NULL, NULL, NULL, 6, '2024-09-23 11:15:10'),
(152, 11, 37, '7.13', 'yes', 100, 0, 100, '0.00000', '0.00000', '0.00000', NULL, NULL, NULL, NULL, NULL, NULL, NULL, NULL, NULL, NULL, 6, '2024-09-23 11:15:10'),
(153, 11, 37, '7.14', 'yes', 100, 0, 100, '0.00000', '0.00000', '0.00000', NULL, NULL, NULL, NULL, NULL, NULL, NULL, NULL, NULL, NULL, 6, '2024-09-23 11:15:10'),
(154, 11, 37, '8.1', 'yes', 100, 0, 100, '0.00000', '0.00000', '0.00000', NULL, NULL, NULL, NULL, NULL, NULL, NULL, NULL, NULL, NULL, 6, '2024-09-23 11:15:10'),
(155, 11, 37, '8.2', 'yes', 100, 0, 100, '0.00000', '0.00000', '0.00000', NULL, NULL, NULL, NULL, NULL, NULL, NULL, NULL, NULL, NULL, 6, '2024-09-23 11:15:10'),
(156, 11, 37, '8.3', 'yes', 100, 0, 100, '0.00000', '0.00000', '0.00000', NULL, NULL, NULL, NULL, NULL, NULL, NULL, NULL, NULL, NULL, 6, '2024-09-23 11:15:11'),
(157, 11, 37, '8.4', 'yes', 100, 0, 100, '0.00000', '0.00000', '0.00000', NULL, NULL, NULL, NULL, NULL, NULL, NULL, NULL, NULL, NULL, 6, '2024-09-23 11:15:11'),
(158, 11, 37, '8.5', 'yes', 100, 0, 100, '0.00000', '0.00000', '0.00000', NULL, NULL, NULL, NULL, NULL, NULL, NULL, NULL, NULL, NULL, 6, '2024-09-23 11:15:11'),
(159, 11, 37, '8.6', 'yes', 100, 0, 100, '0.00000', '0.00000', '0.00000', NULL, NULL, NULL, NULL, NULL, NULL, NULL, NULL, NULL, NULL, 6, '2024-09-23 11:15:11'),
(160, 11, 37, '8.7', 'yes', 100, 0, 100, '0.00000', '0.00000', '0.00000', NULL, NULL, NULL, NULL, NULL, NULL, NULL, NULL, NULL, NULL, 6, '2024-09-23 11:15:11'),
(161, 11, 37, '8.8', 'yes', 100, 0, 100, '0.00000', '0.00000', '0.00000', NULL, NULL, NULL, NULL, NULL, NULL, NULL, NULL, NULL, NULL, 6, '2024-09-23 11:15:11'),
(162, 11, 37, '8.9', 'yes', 100, 0, 100, '0.00000', '0.00000', '0.00000', NULL, NULL, NULL, NULL, NULL, NULL, NULL, NULL, NULL, NULL, 6, '2024-09-23 11:15:11'),
(163, 11, 37, '8.10', 'yes', 100, 0, 100, '0.00000', '0.00000', '0.00000', NULL, NULL, NULL, NULL, NULL, NULL, NULL, NULL, NULL, NULL, 6, '2024-09-23 11:15:11'),
(164, 11, 37, '8.11', 'yes', 100, 0, 100, '0.00000', '0.00000', '0.00000', NULL, NULL, NULL, NULL, NULL, NULL, NULL, NULL, NULL, NULL, 6, '2024-09-23 11:15:11'),
(165, 11, 37, '8.12', 'yes', 100, 0, 100, '0.00000', '0.00000', '0.00000', NULL, NULL, NULL, NULL, NULL, NULL, NULL, NULL, NULL, NULL, 6, '2024-09-23 11:15:11'),
(166, 11, 37, '8.13', 'yes', 100, 0, 100, '0.00000', '0.00000', '0.00000', NULL, NULL, NULL, NULL, NULL, NULL, NULL, NULL, NULL, NULL, 6, '2024-09-23 11:15:11'),
(167, 11, 37, '8.14', 'yes', 100, 0, 100, '0.00000', '0.00000', '0.00000', NULL, NULL, NULL, NULL, NULL, NULL, NULL, NULL, NULL, NULL, 6, '2024-09-23 11:15:11'),
(168, 11, 37, '8.15', 'yes', 100, 0, 100, '0.00000', '0.00000', '0.00000', NULL, NULL, NULL, NULL, NULL, NULL, NULL, NULL, NULL, NULL, 6, '2024-09-23 11:15:11'),
(169, 11, 37, '8.16', 'yes', 100, 0, 100, '0.00000', '0.00000', '0.00000', NULL, NULL, NULL, NULL, NULL, NULL, NULL, NULL, NULL, NULL, 6, '2024-09-23 11:15:11'),
(170, 11, 37, '8.17', 'yes', 100, 0, 100, '0.00000', '0.00000', '0.00000', NULL, NULL, NULL, NULL, NULL, NULL, NULL, NULL, NULL, NULL, 6, '2024-09-23 11:15:11'),
(171, 11, 37, '8.18', 'yes', 100, 0, 100, '0.00000', '0.00000', '0.00000', NULL, NULL, NULL, NULL, NULL, NULL, NULL, NULL, NULL, NULL, 6, '2024-09-23 11:15:11'),
(172, 11, 37, '8.19', 'yes', 100, 0, 100, '0.00000', '0.00000', '0.00000', NULL, NULL, NULL, NULL, NULL, NULL, NULL, NULL, NULL, NULL, 6, '2024-09-23 11:15:11'),
(173, 11, 37, '8.20', 'yes', 100, 0, 100, '0.00000', '0.00000', '0.00000', NULL, NULL, NULL, NULL, NULL, NULL, NULL, NULL, NULL, NULL, 6, '2024-09-23 11:15:11'),
(174, 11, 37, '8.21', 'yes', 100, 0, 100, '0.00000', '0.00000', '0.00000', NULL, NULL, NULL, NULL, NULL, NULL, NULL, NULL, NULL, NULL, 6, '2024-09-23 11:15:11'),
(175, 11, 37, '8.22', 'yes', 100, 0, 100, '0.00000', '0.00000', '0.00000', NULL, NULL, NULL, NULL, NULL, NULL, NULL, NULL, NULL, NULL, 6, '2024-09-23 11:15:11'),
(176, 11, 37, '8.23', 'yes', 100, 0, 100, '0.00000', '0.00000', '0.00000', NULL, NULL, NULL, NULL, NULL, NULL, NULL, NULL, NULL, NULL, 6, '2024-09-23 11:15:11'),
(177, 11, 37, '8.24', 'yes', 100, 0, 100, '0.00000', '0.00000', '0.00000', NULL, NULL, NULL, NULL, NULL, NULL, NULL, NULL, NULL, NULL, 6, '2024-09-23 11:15:11'),
(178, 11, 37, '8.25', 'yes', 100, 0, 100, '0.00000', '0.00000', '0.00000', NULL, NULL, NULL, NULL, NULL, NULL, NULL, NULL, NULL, NULL, 6, '2024-09-23 11:15:11'),
(179, 11, 37, '8.26', 'yes', 100, 0, 100, '0.00000', '0.00000', '0.00000', NULL, NULL, NULL, NULL, NULL, NULL, NULL, NULL, NULL, NULL, 6, '2024-09-23 11:15:11'),
(180, 11, 37, '8.27', 'yes', 100, 0, 100, '0.00000', '0.00000', '0.00000', NULL, NULL, NULL, NULL, NULL, NULL, NULL, NULL, NULL, NULL, 6, '2024-09-23 11:15:11'),
(181, 11, 37, '8.28', 'yes', 100, 0, 100, '0.00000', '0.00000', '0.00000', NULL, NULL, NULL, NULL, NULL, NULL, NULL, NULL, NULL, NULL, 6, '2024-09-23 11:15:11'),
(182, 11, 37, '8.29', 'yes', 100, 0, 100, '0.00000', '0.00000', '0.00000', NULL, NULL, NULL, NULL, NULL, NULL, NULL, NULL, NULL, NULL, 6, '2024-09-23 11:15:11'),
(183, 11, 37, '8.30', 'yes', 100, 0, 100, '0.00000', '0.00000', '0.00000', NULL, NULL, NULL, NULL, NULL, NULL, NULL, NULL, NULL, NULL, 6, '2024-09-23 11:15:11'),
(184, 11, 37, '8.31', 'yes', 100, 0, 100, '0.00000', '0.00000', '0.00000', NULL, NULL, NULL, NULL, NULL, NULL, NULL, NULL, NULL, NULL, 6, '2024-09-23 11:15:11'),
(185, 11, 37, '8.32', 'yes', 100, 0, 100, '0.00000', '0.00000', '0.00000', NULL, NULL, NULL, NULL, NULL, NULL, NULL, NULL, NULL, NULL, 6, '2024-09-23 11:15:11'),
(186, 11, 37, '8.33', 'yes', 100, 0, 100, '0.00000', '0.00000', '0.00000', NULL, NULL, NULL, NULL, NULL, NULL, NULL, NULL, NULL, NULL, 6, '2024-09-23 11:15:11'),
(187, 11, 37, '8.34', 'yes', 100, 0, 100, '0.00000', '0.00000', '0.00000', NULL, NULL, NULL, NULL, NULL, NULL, NULL, NULL, NULL, NULL, 6, '2024-09-23 11:15:11'),
(188, 11, 36, '5.1', 'yes', 100, 0, 100, '0.00000', '0.00000', '0.00000', NULL, NULL, NULL, NULL, NULL, NULL, NULL, NULL, NULL, NULL, 6, '2024-09-23 11:23:29'),
(189, 11, 36, '5.2', 'yes', 100, 0, 100, '0.00000', '0.00000', '0.00000', NULL, NULL, NULL, NULL, NULL, NULL, NULL, NULL, NULL, NULL, 6, '2024-09-23 11:23:29'),
(190, 11, 36, '5.4', 'yes', 100, 0, 100, '0.00000', '0.00000', '0.00000', NULL, NULL, NULL, NULL, NULL, NULL, NULL, NULL, NULL, NULL, 6, '2024-09-23 11:23:29'),
(191, 11, 36, '5.5', 'yes', 100, 0, 100, '0.00000', '0.00000', '0.00000', NULL, NULL, NULL, NULL, NULL, NULL, NULL, NULL, NULL, NULL, 6, '2024-09-23 11:23:29'),
(192, 11, 36, '5.6', 'yes', 100, 0, 100, '0.00000', '0.00000', '0.00000', NULL, NULL, NULL, NULL, NULL, NULL, NULL, NULL, NULL, NULL, 6, '2024-09-23 11:23:29'),
(193, 11, 36, '5.7', 'yes', 100, 0, 100, '0.00000', '0.00000', '0.00000', NULL, NULL, NULL, NULL, NULL, NULL, NULL, NULL, NULL, NULL, 6, '2024-09-23 11:23:29'),
(194, 11, 36, '5.8', 'yes', 100, 0, 100, '0.00000', '0.00000', '0.00000', NULL, NULL, NULL, NULL, NULL, NULL, NULL, NULL, NULL, NULL, 6, '2024-09-23 11:23:29'),
(195, 11, 36, '5.9', 'yes', 100, 0, 100, '0.00000', '0.00000', '0.00000', NULL, NULL, NULL, NULL, NULL, NULL, NULL, NULL, NULL, NULL, 6, '2024-09-23 11:23:29'),
(196, 11, 36, '5.10', 'yes', 100, 0, 100, '0.00000', '0.00000', '0.00000', NULL, NULL, NULL, NULL, NULL, NULL, NULL, NULL, NULL, NULL, 6, '2024-09-23 11:23:29'),
(197, 11, 36, '5.11', 'yes', 100, 0, 100, '0.00000', '0.00000', '0.00000', NULL, NULL, NULL, NULL, NULL, NULL, NULL, NULL, NULL, NULL, 6, '2024-09-23 11:23:29'),
(198, 11, 36, '5.12', 'yes', 100, 0, 100, '0.00000', '0.00000', '0.00000', NULL, NULL, NULL, NULL, NULL, NULL, NULL, NULL, NULL, NULL, 6, '2024-09-23 11:23:29'),
(199, 11, 36, '5.13', 'yes', 100, 0, 100, '0.00000', '0.00000', '0.00000', NULL, NULL, NULL, NULL, NULL, NULL, NULL, NULL, NULL, NULL, 6, '2024-09-23 11:23:29'),
(200, 11, 36, '5.14', 'yes', 100, 0, 100, '0.00000', '0.00000', '0.00000', NULL, NULL, NULL, NULL, NULL, NULL, NULL, NULL, NULL, NULL, 6, '2024-09-23 11:23:29'),
(201, 11, 36, '5.15', 'yes', 100, 0, 100, '0.00000', '0.00000', '0.00000', NULL, NULL, NULL, NULL, NULL, NULL, NULL, NULL, NULL, NULL, 6, '2024-09-23 11:23:29'),
(202, 11, 36, '5.16', 'yes', 100, 0, 100, '0.00000', '0.00000', '0.00000', NULL, NULL, NULL, NULL, NULL, NULL, NULL, NULL, NULL, NULL, 6, '2024-09-23 11:23:29'),
(203, 11, 36, '5.17', 'yes', 100, 0, 100, '0.00000', '0.00000', '0.00000', NULL, NULL, NULL, NULL, NULL, NULL, NULL, NULL, NULL, NULL, 6, '2024-09-23 11:23:29'),
(204, 11, 36, '5.18', 'yes', 100, 0, 100, '0.00000', '0.00000', '0.00000', NULL, NULL, NULL, NULL, NULL, NULL, NULL, NULL, NULL, NULL, 6, '2024-09-23 11:23:29'),
(205, 11, 36, '5.19', 'yes', 100, 0, 100, '0.00000', '0.00000', '0.00000', NULL, NULL, NULL, NULL, NULL, NULL, NULL, NULL, NULL, NULL, 6, '2024-09-23 11:23:29'),
(206, 11, 36, '5.20', 'yes', 100, 0, 100, '0.00000', '0.00000', '0.00000', NULL, NULL, NULL, NULL, NULL, NULL, NULL, NULL, NULL, NULL, 6, '2024-09-23 11:23:29'),
(207, 11, 36, '5.21', 'yes', 100, 0, 100, '0.00000', '0.00000', '0.00000', NULL, NULL, NULL, NULL, NULL, NULL, NULL, NULL, NULL, NULL, 6, '2024-09-23 11:23:29'),
(208, 11, 36, '5.22', 'yes', 100, 0, 100, '0.00000', '0.00000', '0.00000', NULL, NULL, NULL, NULL, NULL, NULL, NULL, NULL, NULL, NULL, 6, '2024-09-23 11:23:29'),
(209, 11, 36, '5.23', 'yes', 100, 0, 100, '0.00000', '0.00000', '0.00000', NULL, NULL, NULL, NULL, NULL, NULL, NULL, NULL, NULL, NULL, 6, '2024-09-23 11:23:29'),
(210, 11, 36, '5.24', 'yes', 100, 0, 100, '0.00000', '0.00000', '0.00000', NULL, NULL, NULL, NULL, NULL, NULL, NULL, NULL, NULL, NULL, 6, '2024-09-23 11:23:29'),
(211, 11, 36, '5.25', 'yes', 100, 0, 100, '0.00000', '0.00000', '0.00000', NULL, NULL, NULL, NULL, NULL, NULL, NULL, NULL, NULL, NULL, 6, '2024-09-23 11:23:29'),
(212, 11, 36, '5.26', 'yes', 100, 0, 100, '0.00000', '0.00000', '0.00000', NULL, NULL, NULL, NULL, NULL, NULL, NULL, NULL, NULL, NULL, 6, '2024-09-23 11:23:29'),
(213, 11, 36, '5.27', 'yes', 100, 0, 100, '0.00000', '0.00000', '0.00000', NULL, NULL, NULL, NULL, NULL, NULL, NULL, NULL, NULL, NULL, 6, '2024-09-23 11:23:29'),
(214, 11, 36, '5.28', 'yes', 100, 0, 100, '0.00000', '0.00000', '0.00000', NULL, NULL, NULL, NULL, NULL, NULL, NULL, NULL, NULL, NULL, 6, '2024-09-23 11:23:29'),
(215, 11, 36, '5.29', 'yes', 100, 0, 100, '0.00000', '0.00000', '0.00000', NULL, NULL, NULL, NULL, NULL, NULL, NULL, NULL, NULL, NULL, 6, '2024-09-23 11:23:29'),
(216, 11, 36, '5.30', 'yes', 100, 0, 100, '0.00000', '0.00000', '0.00000', NULL, NULL, NULL, NULL, NULL, NULL, NULL, NULL, NULL, NULL, 6, '2024-09-23 11:23:29'),
(217, 11, 36, '5.31', 'yes', 100, 0, 100, '0.00000', '0.00000', '0.00000', NULL, NULL, NULL, NULL, NULL, NULL, NULL, NULL, NULL, NULL, 6, '2024-09-23 11:23:29'),
(218, 11, 36, '5.32', 'yes', 100, 0, 100, '0.00000', '0.00000', '0.00000', NULL, NULL, NULL, NULL, NULL, NULL, NULL, NULL, NULL, NULL, 6, '2024-09-23 11:23:29'),
(219, 11, 36, '5.33', 'yes', 100, 0, 100, '0.00000', '0.00000', '0.00000', NULL, NULL, NULL, NULL, NULL, NULL, NULL, NULL, NULL, NULL, 6, '2024-09-23 11:23:29'),
(220, 11, 36, '5.34', 'yes', 100, 0, 100, '0.00000', '0.00000', '0.00000', NULL, NULL, NULL, NULL, NULL, NULL, NULL, NULL, NULL, NULL, 6, '2024-09-23 11:23:29'),
(221, 11, 36, '5.35', 'yes', 100, 0, 100, '0.00000', '0.00000', '0.00000', NULL, NULL, NULL, NULL, NULL, NULL, NULL, NULL, NULL, NULL, 6, '2024-09-23 11:23:29'),
(222, 11, 36, '5.36', 'yes', 100, 0, 100, '0.00000', '0.00000', '0.00000', NULL, NULL, NULL, NULL, NULL, NULL, NULL, NULL, NULL, NULL, 6, '2024-09-23 11:23:29'),
(223, 11, 36, '5.37', 'yes', 100, 0, 100, '0.00000', '0.00000', '0.00000', NULL, NULL, NULL, NULL, NULL, NULL, NULL, NULL, NULL, NULL, 6, '2024-09-23 11:23:29'),
(224, 11, 36, '6.1', 'yes', 100, 0, 100, '0.00000', '0.00000', '0.00000', NULL, NULL, NULL, NULL, NULL, NULL, NULL, NULL, NULL, NULL, 6, '2024-09-23 11:23:29'),
(225, 11, 36, '6.2', 'yes', 100, 0, 100, '0.00000', '0.00000', '0.00000', NULL, NULL, NULL, NULL, NULL, NULL, NULL, NULL, NULL, NULL, 6, '2024-09-23 11:23:29'),
(226, 11, 36, '6.3', 'yes', 100, 0, 100, '0.00000', '0.00000', '0.00000', NULL, NULL, NULL, NULL, NULL, NULL, NULL, NULL, NULL, NULL, 6, '2024-09-23 11:23:29'),
(227, 11, 36, '6.4', 'yes', 100, 0, 100, '0.00000', '0.00000', '0.00000', NULL, NULL, NULL, NULL, NULL, NULL, NULL, NULL, NULL, NULL, 6, '2024-09-23 11:23:29'),
(228, 11, 36, '6.5', 'yes', 100, 0, 100, '0.00000', '0.00000', '0.00000', NULL, NULL, NULL, NULL, NULL, NULL, NULL, NULL, NULL, NULL, 6, '2024-09-23 11:23:29'),
(229, 11, 36, '6.6', 'yes', 100, 0, 100, '0.00000', '0.00000', '0.00000', NULL, NULL, NULL, NULL, NULL, NULL, NULL, NULL, NULL, NULL, 6, '2024-09-23 11:23:29'),
(230, 11, 36, '6.7', 'yes', 100, 0, 100, '0.00000', '0.00000', '0.00000', NULL, NULL, NULL, NULL, NULL, NULL, NULL, NULL, NULL, NULL, 6, '2024-09-23 11:23:29'),
(231, 11, 36, '6.8', 'yes', 100, 0, 100, '0.00000', '0.00000', '0.00000', NULL, NULL, NULL, NULL, NULL, NULL, NULL, NULL, NULL, NULL, 6, '2024-09-23 11:23:29'),
(232, 11, 36, '7.1', 'yes', 100, 0, 100, '0.00000', '0.00000', '0.00000', NULL, NULL, NULL, NULL, NULL, NULL, NULL, NULL, NULL, NULL, 6, '2024-09-23 11:23:29'),
(233, 11, 36, '7.2', 'yes', 100, 0, 100, '0.00000', '0.00000', '0.00000', NULL, NULL, NULL, NULL, NULL, NULL, NULL, NULL, NULL, NULL, 6, '2024-09-23 11:23:29'),
(234, 11, 36, '7.3', 'yes', 100, 0, 100, '0.00000', '0.00000', '0.00000', NULL, NULL, NULL, NULL, NULL, NULL, NULL, NULL, NULL, NULL, 6, '2024-09-23 11:23:29'),
(235, 11, 36, '7.4', 'yes', 100, 0, 100, '0.00000', '0.00000', '0.00000', NULL, NULL, NULL, NULL, NULL, NULL, NULL, NULL, NULL, NULL, 6, '2024-09-23 11:23:29'),
(236, 11, 36, '7.5', 'yes', 100, 0, 100, '0.00000', '0.00000', '0.00000', NULL, NULL, NULL, NULL, NULL, NULL, NULL, NULL, NULL, NULL, 6, '2024-09-23 11:23:29'),
(237, 11, 36, '7.6', 'yes', 100, 0, 100, '0.00000', '0.00000', '0.00000', NULL, NULL, NULL, NULL, NULL, NULL, NULL, NULL, NULL, NULL, 6, '2024-09-23 11:23:29'),
(238, 11, 36, '7.7', 'yes', 100, 0, 100, '0.00000', '0.00000', '0.00000', NULL, NULL, NULL, NULL, NULL, NULL, NULL, NULL, NULL, NULL, 6, '2024-09-23 11:23:29'),
(239, 11, 36, '7.8', 'yes', 100, 0, 100, '0.00000', '0.00000', '0.00000', NULL, NULL, NULL, NULL, NULL, NULL, NULL, NULL, NULL, NULL, 6, '2024-09-23 11:23:29'),
(240, 11, 36, '7.9', 'yes', 100, 0, 100, '0.00000', '0.00000', '0.00000', NULL, NULL, NULL, NULL, NULL, NULL, NULL, NULL, NULL, NULL, 6, '2024-09-23 11:23:29'),
(241, 11, 36, '7.10', 'yes', 100, 0, 100, '0.00000', '0.00000', '0.00000', NULL, NULL, NULL, NULL, NULL, NULL, NULL, NULL, NULL, NULL, 6, '2024-09-23 11:23:29'),
(242, 11, 36, '7.11', 'yes', 100, 0, 100, '0.00000', '0.00000', '0.00000', NULL, NULL, NULL, NULL, NULL, NULL, NULL, NULL, NULL, NULL, 6, '2024-09-23 11:23:29'),
(243, 11, 36, '7.12', 'yes', 100, 0, 100, '0.00000', '0.00000', '0.00000', NULL, NULL, NULL, NULL, NULL, NULL, NULL, NULL, NULL, NULL, 6, '2024-09-23 11:23:29'),
(244, 11, 36, '7.13', 'yes', 100, 0, 100, '0.00000', '0.00000', '0.00000', NULL, NULL, NULL, NULL, NULL, NULL, NULL, NULL, NULL, NULL, 6, '2024-09-23 11:23:29'),
(245, 11, 36, '7.14', 'yes', 100, 0, 100, '0.00000', '0.00000', '0.00000', NULL, NULL, NULL, NULL, NULL, NULL, NULL, NULL, NULL, NULL, 6, '2024-09-23 11:23:29'),
(246, 11, 36, '8.1', 'yes', 100, 0, 100, '0.00000', '0.00000', '0.00000', NULL, NULL, NULL, NULL, NULL, NULL, NULL, NULL, NULL, NULL, 6, '2024-09-23 11:23:29'),
(247, 11, 36, '8.2', 'yes', 100, 0, 100, '0.00000', '0.00000', '0.00000', NULL, NULL, NULL, NULL, NULL, NULL, NULL, NULL, NULL, NULL, 6, '2024-09-23 11:23:29'),
(248, 11, 36, '8.3', 'yes', 100, 0, 100, '0.00000', '0.00000', '0.00000', NULL, NULL, NULL, NULL, NULL, NULL, NULL, NULL, NULL, NULL, 6, '2024-09-23 11:23:29'),
(249, 11, 36, '8.4', 'yes', 100, 0, 100, '0.00000', '0.00000', '0.00000', NULL, NULL, NULL, NULL, NULL, NULL, NULL, NULL, NULL, NULL, 6, '2024-09-23 11:23:29'),
(250, 11, 36, '8.5', 'yes', 100, 0, 100, '0.00000', '0.00000', '0.00000', NULL, NULL, NULL, NULL, NULL, NULL, NULL, NULL, NULL, NULL, 6, '2024-09-23 11:23:30'),
(251, 11, 36, '8.6', 'yes', 100, 0, 100, '0.00000', '0.00000', '0.00000', NULL, NULL, NULL, NULL, NULL, NULL, NULL, NULL, NULL, NULL, 6, '2024-09-23 11:23:30'),
(252, 11, 36, '8.7', 'yes', 100, 0, 100, '0.00000', '0.00000', '0.00000', NULL, NULL, NULL, NULL, NULL, NULL, NULL, NULL, NULL, NULL, 6, '2024-09-23 11:23:30'),
(253, 11, 36, '8.8', 'yes', 100, 0, 100, '0.00000', '0.00000', '0.00000', NULL, NULL, NULL, NULL, NULL, NULL, NULL, NULL, NULL, NULL, 6, '2024-09-23 11:23:30'),
(254, 11, 36, '8.9', 'yes', 100, 0, 100, '0.00000', '0.00000', '0.00000', NULL, NULL, NULL, NULL, NULL, NULL, NULL, NULL, NULL, NULL, 6, '2024-09-23 11:23:30'),
(255, 11, 36, '8.10', 'yes', 100, 0, 100, '0.00000', '0.00000', '0.00000', NULL, NULL, NULL, NULL, NULL, NULL, NULL, NULL, NULL, NULL, 6, '2024-09-23 11:23:30'),
(256, 11, 36, '8.11', 'yes', 100, 0, 100, '0.00000', '0.00000', '0.00000', NULL, NULL, NULL, NULL, NULL, NULL, NULL, NULL, NULL, NULL, 6, '2024-09-23 11:23:30'),
(257, 11, 36, '8.12', 'yes', 100, 0, 100, '0.00000', '0.00000', '0.00000', NULL, NULL, NULL, NULL, NULL, NULL, NULL, NULL, NULL, NULL, 6, '2024-09-23 11:23:30'),
(258, 11, 36, '8.13', 'yes', 100, 0, 100, '0.00000', '0.00000', '0.00000', NULL, NULL, NULL, NULL, NULL, NULL, NULL, NULL, NULL, NULL, 6, '2024-09-23 11:23:30'),
(259, 11, 36, '8.14', 'yes', 100, 0, 100, '0.00000', '0.00000', '0.00000', NULL, NULL, NULL, NULL, NULL, NULL, NULL, NULL, NULL, NULL, 6, '2024-09-23 11:23:30'),
(260, 11, 36, '8.15', 'yes', 100, 0, 100, '0.00000', '0.00000', '0.00000', NULL, NULL, NULL, NULL, NULL, NULL, NULL, NULL, NULL, NULL, 6, '2024-09-23 11:23:30'),
(261, 11, 36, '8.16', 'yes', 100, 0, 100, '0.00000', '0.00000', '0.00000', NULL, NULL, NULL, NULL, NULL, NULL, NULL, NULL, NULL, NULL, 6, '2024-09-23 11:23:30'),
(262, 11, 36, '8.17', 'yes', 100, 0, 100, '0.00000', '0.00000', '0.00000', NULL, NULL, NULL, NULL, NULL, NULL, NULL, NULL, NULL, NULL, 6, '2024-09-23 11:23:30'),
(263, 11, 36, '8.18', 'yes', 100, 0, 100, '0.00000', '0.00000', '0.00000', NULL, NULL, NULL, NULL, NULL, NULL, NULL, NULL, NULL, NULL, 6, '2024-09-23 11:23:30'),
(264, 11, 36, '8.19', 'yes', 100, 0, 100, '0.00000', '0.00000', '0.00000', NULL, NULL, NULL, NULL, NULL, NULL, NULL, NULL, NULL, NULL, 6, '2024-09-23 11:23:30'),
(265, 11, 36, '8.20', 'yes', 100, 0, 100, '0.00000', '0.00000', '0.00000', NULL, NULL, NULL, NULL, NULL, NULL, NULL, NULL, NULL, NULL, 6, '2024-09-23 11:23:30'),
(266, 11, 36, '8.21', 'yes', 100, 0, 100, '0.00000', '0.00000', '0.00000', NULL, NULL, NULL, NULL, NULL, NULL, NULL, NULL, NULL, NULL, 6, '2024-09-23 11:23:30'),
(267, 11, 36, '8.22', 'yes', 100, 0, 100, '0.00000', '0.00000', '0.00000', NULL, NULL, NULL, NULL, NULL, NULL, NULL, NULL, NULL, NULL, 6, '2024-09-23 11:23:30'),
(268, 11, 36, '8.23', 'yes', 100, 0, 100, '0.00000', '0.00000', '0.00000', NULL, NULL, NULL, NULL, NULL, NULL, NULL, NULL, NULL, NULL, 6, '2024-09-23 11:23:30'),
(269, 11, 36, '8.24', 'yes', 100, 0, 100, '0.00000', '0.00000', '0.00000', NULL, NULL, NULL, NULL, NULL, NULL, NULL, NULL, NULL, NULL, 6, '2024-09-23 11:23:30'),
(270, 11, 36, '8.25', 'yes', 100, 0, 100, '0.00000', '0.00000', '0.00000', NULL, NULL, NULL, NULL, NULL, NULL, NULL, NULL, NULL, NULL, 6, '2024-09-23 11:23:30'),
(271, 11, 36, '8.26', 'yes', 100, 0, 100, '0.00000', '0.00000', '0.00000', NULL, NULL, NULL, NULL, NULL, NULL, NULL, NULL, NULL, NULL, 6, '2024-09-23 11:23:30'),
(272, 11, 36, '8.27', 'yes', 100, 0, 100, '0.00000', '0.00000', '0.00000', NULL, NULL, NULL, NULL, NULL, NULL, NULL, NULL, NULL, NULL, 6, '2024-09-23 11:23:30'),
(273, 11, 36, '8.28', 'yes', 100, 0, 100, '0.00000', '0.00000', '0.00000', NULL, NULL, NULL, NULL, NULL, NULL, NULL, NULL, NULL, NULL, 6, '2024-09-23 11:23:30'),
(274, 11, 36, '8.29', 'yes', 100, 0, 100, '0.00000', '0.00000', '0.00000', NULL, NULL, NULL, NULL, NULL, NULL, NULL, NULL, NULL, NULL, 6, '2024-09-23 11:23:30'),
(275, 11, 36, '8.30', 'yes', 100, 0, 100, '0.00000', '0.00000', '0.00000', NULL, NULL, NULL, NULL, NULL, NULL, NULL, NULL, NULL, NULL, 6, '2024-09-23 11:23:30'),
(276, 11, 36, '8.31', 'yes', 100, 0, 100, '0.00000', '0.00000', '0.00000', NULL, NULL, NULL, NULL, NULL, NULL, NULL, NULL, NULL, NULL, 6, '2024-09-23 11:23:30'),
(277, 11, 36, '8.32', 'yes', 100, 0, 100, '0.00000', '0.00000', '0.00000', NULL, NULL, NULL, NULL, NULL, NULL, NULL, NULL, NULL, NULL, 6, '2024-09-23 11:23:30'),
(278, 11, 36, '8.33', 'yes', 100, 0, 100, '0.00000', '0.00000', '0.00000', NULL, NULL, NULL, NULL, NULL, NULL, NULL, NULL, NULL, NULL, 6, '2024-09-23 11:23:30'),
(279, 11, 36, '8.34', 'yes', 100, 0, 100, '0.00000', '0.00000', '0.00000', NULL, NULL, NULL, NULL, NULL, NULL, NULL, NULL, NULL, NULL, 6, '2024-09-23 11:23:30'),
(466, 13, 41, '5.1', 'yes', 1, 99, 100, '9.90000', '0.99000', '4.95000', 'modify risk', NULL, NULL, NULL, NULL, NULL, NULL, NULL, NULL, NULL, 6, '2024-09-29 19:37:18'),
(467, 13, 41, '5.2', 'yes', 100, 0, 100, '0.00000', '0.00000', '0.00000', NULL, NULL, NULL, NULL, NULL, NULL, NULL, NULL, NULL, NULL, 6, '2024-09-29 19:37:18'),
(468, 13, 41, '5.3', 'yes', 100, 0, 100, '0.00000', '0.00000', '0.00000', NULL, NULL, NULL, NULL, NULL, NULL, NULL, NULL, NULL, NULL, 6, '2024-09-29 19:37:18'),
(469, 13, 41, '5.4', 'yes', 100, 0, 100, '0.00000', '0.00000', '0.00000', NULL, NULL, NULL, NULL, NULL, NULL, NULL, NULL, NULL, NULL, 6, '2024-09-29 19:37:18'),
(470, 13, 41, '5.5', 'yes', 100, 0, 100, '0.00000', '0.00000', '0.00000', NULL, NULL, NULL, NULL, NULL, NULL, NULL, NULL, NULL, NULL, 6, '2024-09-29 19:37:18'),
(471, 13, 41, '5.6', 'yes', 100, 0, 100, '0.00000', '0.00000', '0.00000', NULL, NULL, NULL, NULL, NULL, NULL, NULL, NULL, NULL, NULL, 6, '2024-09-29 19:37:18'),
(472, 13, 41, '5.7', 'yes', 100, 0, 100, '0.00000', '0.00000', '0.00000', NULL, NULL, NULL, NULL, NULL, NULL, NULL, NULL, NULL, NULL, 6, '2024-09-29 19:37:18'),
(473, 13, 41, '5.8', 'yes', 100, 0, 100, '0.00000', '0.00000', '0.00000', NULL, NULL, NULL, NULL, NULL, NULL, NULL, NULL, NULL, NULL, 6, '2024-09-29 19:37:18'),
(474, 13, 41, '5.9', 'yes', 100, 0, 100, '0.00000', '0.00000', '0.00000', NULL, NULL, NULL, NULL, NULL, NULL, NULL, NULL, NULL, NULL, 6, '2024-09-29 19:37:18'),
(475, 13, 41, '5.10', 'yes', 100, 0, 100, '0.00000', '0.00000', '0.00000', NULL, NULL, NULL, NULL, NULL, NULL, NULL, NULL, NULL, NULL, 6, '2024-09-29 19:37:18'),
(476, 13, 41, '5.11', 'yes', 100, 0, 100, '0.00000', '0.00000', '0.00000', NULL, NULL, NULL, NULL, NULL, NULL, NULL, NULL, NULL, NULL, 6, '2024-09-29 19:37:18'),
(477, 13, 41, '5.12', 'yes', 100, 0, 100, '0.00000', '0.00000', '0.00000', NULL, NULL, NULL, NULL, NULL, NULL, NULL, NULL, NULL, NULL, 6, '2024-09-29 19:37:18'),
(478, 13, 41, '5.13', 'yes', 100, 0, 100, '0.00000', '0.00000', '0.00000', NULL, NULL, NULL, NULL, NULL, NULL, NULL, NULL, NULL, NULL, 6, '2024-09-29 19:37:18'),
(479, 13, 41, '5.14', 'yes', 100, 0, 100, '0.00000', '0.00000', '0.00000', NULL, NULL, NULL, NULL, NULL, NULL, NULL, NULL, NULL, NULL, 6, '2024-09-29 19:37:18'),
(480, 13, 41, '5.15', 'yes', 100, 0, 100, '0.00000', '0.00000', '0.00000', NULL, NULL, NULL, NULL, NULL, NULL, NULL, NULL, NULL, NULL, 6, '2024-09-29 19:37:18'),
(481, 13, 41, '5.16', 'yes', 100, 0, 100, '0.00000', '0.00000', '0.00000', NULL, NULL, NULL, NULL, NULL, NULL, NULL, NULL, NULL, NULL, 6, '2024-09-29 19:37:18'),
(482, 13, 41, '5.17', 'yes', 100, 0, 100, '0.00000', '0.00000', '0.00000', NULL, NULL, NULL, NULL, NULL, NULL, NULL, NULL, NULL, NULL, 6, '2024-09-29 19:37:18'),
(483, 13, 41, '5.18', 'yes', 100, 0, 100, '0.00000', '0.00000', '0.00000', NULL, NULL, NULL, NULL, NULL, NULL, NULL, NULL, NULL, NULL, 6, '2024-09-29 19:37:18'),
(484, 13, 41, '5.19', 'yes', 100, 0, 100, '0.00000', '0.00000', '0.00000', NULL, NULL, NULL, NULL, NULL, NULL, NULL, NULL, NULL, NULL, 6, '2024-09-29 19:37:18'),
(485, 13, 41, '5.20', 'yes', 100, 0, 100, '0.00000', '0.00000', '0.00000', NULL, NULL, NULL, NULL, NULL, NULL, NULL, NULL, NULL, NULL, 6, '2024-09-29 19:37:18'),
(486, 13, 41, '5.21', 'yes', 100, 0, 100, '0.00000', '0.00000', '0.00000', NULL, NULL, NULL, NULL, NULL, NULL, NULL, NULL, NULL, NULL, 6, '2024-09-23 11:58:20'),
(487, 13, 41, '5.22', 'yes', 100, 0, 100, '0.00000', '0.00000', '0.00000', NULL, NULL, NULL, NULL, NULL, NULL, NULL, NULL, NULL, NULL, 6, '2024-09-23 11:58:20'),
(488, 13, 41, '5.23', 'yes', 100, 0, 100, '0.00000', '0.00000', '0.00000', NULL, NULL, NULL, NULL, NULL, NULL, NULL, NULL, NULL, NULL, 6, '2024-09-23 11:58:20'),
(489, 13, 41, '5.24', 'yes', 100, 0, 100, '0.00000', '0.00000', '0.00000', NULL, NULL, NULL, NULL, NULL, NULL, NULL, NULL, NULL, NULL, 6, '2024-09-23 11:58:20'),
(490, 13, 41, '5.25', 'yes', 100, 0, 100, '0.00000', '0.00000', '0.00000', NULL, NULL, NULL, NULL, NULL, NULL, NULL, NULL, NULL, NULL, 6, '2024-09-23 11:58:20'),
(491, 13, 41, '5.26', 'yes', 100, 0, 100, '0.00000', '0.00000', '0.00000', NULL, NULL, NULL, NULL, NULL, NULL, NULL, NULL, NULL, NULL, 6, '2024-09-29 19:37:18'),
(492, 13, 41, '5.27', 'yes', 100, 0, 100, '0.00000', '0.00000', '0.00000', NULL, NULL, NULL, NULL, NULL, NULL, NULL, NULL, NULL, NULL, 6, '2024-09-29 19:37:18'),
(493, 13, 41, '5.28', 'yes', 100, 0, 100, '0.00000', '0.00000', '0.00000', NULL, NULL, NULL, NULL, NULL, NULL, NULL, NULL, NULL, NULL, 6, '2024-09-29 19:37:18'),
(494, 13, 41, '5.29', 'yes', 100, 0, 100, '0.00000', '0.00000', '0.00000', NULL, NULL, NULL, NULL, NULL, NULL, NULL, NULL, NULL, NULL, 6, '2024-09-29 19:37:18'),
(495, 13, 41, '5.30', 'yes', 100, 0, 100, '0.00000', '0.00000', '0.00000', NULL, NULL, NULL, NULL, NULL, NULL, NULL, NULL, NULL, NULL, 6, '2024-09-29 19:37:18'),
(496, 13, 41, '5.31', 'yes', 100, 0, 100, '0.00000', '0.00000', '0.00000', NULL, NULL, NULL, NULL, NULL, NULL, NULL, NULL, NULL, NULL, 6, '2024-09-29 19:37:18');
INSERT INTO `iso_risk_treatment` (`assessment_id`, `project_id`, `asset_id`, `control_num`, `applicability`, `control_compliance`, `vulnerability`, `threat`, `risk_level`, `risk_integrity`, `risk_availability`, `residual_risk_treatment`, `treatment_action`, `treatment_target_date`, `treatment_comp_date`, `responsibility_for_treatment`, `acceptance_justification`, `acceptance_target_date`, `acceptance_actual_date`, `acceptance_proposed_responsibility`, `accepted_by`, `last_edited_by`, `last_edited_at`) VALUES
(497, 13, 41, '5.32', 'yes', 100, 0, 100, '0.00000', '0.00000', '0.00000', NULL, NULL, NULL, NULL, NULL, NULL, NULL, NULL, NULL, NULL, 6, '2024-09-29 19:37:18'),
(498, 13, 41, '5.33', 'yes', 100, 0, 100, '0.00000', '0.00000', '0.00000', NULL, NULL, NULL, NULL, NULL, NULL, NULL, NULL, NULL, NULL, 6, '2024-09-29 19:37:18'),
(499, 13, 41, '5.34', 'yes', 100, 0, 100, '0.00000', '0.00000', '0.00000', NULL, NULL, NULL, NULL, NULL, NULL, NULL, NULL, NULL, NULL, 6, '2024-09-29 19:37:18'),
(500, 13, 41, '5.35', 'yes', 100, 0, 100, '0.00000', '0.00000', '0.00000', NULL, NULL, NULL, NULL, NULL, NULL, NULL, NULL, NULL, NULL, 6, '2024-09-29 19:37:18'),
(501, 13, 41, '5.36', 'yes', 100, 0, 100, '0.00000', '0.00000', '0.00000', NULL, NULL, NULL, NULL, NULL, NULL, NULL, NULL, NULL, NULL, 6, '2024-09-29 19:37:18'),
(502, 13, 41, '5.37', 'yes', 100, 0, 100, '0.00000', '0.00000', '0.00000', NULL, NULL, NULL, NULL, NULL, NULL, NULL, NULL, NULL, NULL, 6, '2024-09-29 19:37:18'),
(503, 13, 41, '6.1', 'yes', 100, 0, 100, '0.00000', '0.00000', '0.00000', NULL, NULL, NULL, NULL, NULL, NULL, NULL, NULL, NULL, NULL, 6, '2024-09-29 19:37:18'),
(504, 13, 41, '6.2', 'yes', 100, 0, 100, '0.00000', '0.00000', '0.00000', NULL, NULL, NULL, NULL, NULL, NULL, NULL, NULL, NULL, NULL, 6, '2024-09-29 19:37:18'),
(505, 13, 41, '6.3', 'yes', 100, 0, 100, '0.00000', '0.00000', '0.00000', NULL, NULL, NULL, NULL, NULL, NULL, NULL, NULL, NULL, NULL, 6, '2024-09-29 19:37:18'),
(506, 13, 41, '6.4', 'yes', 100, 0, 100, '0.00000', '0.00000', '0.00000', NULL, NULL, NULL, NULL, NULL, NULL, NULL, NULL, NULL, NULL, 6, '2024-09-29 19:37:18'),
(507, 13, 41, '6.5', 'yes', 100, 0, 100, '0.00000', '0.00000', '0.00000', NULL, NULL, NULL, NULL, NULL, NULL, NULL, NULL, NULL, NULL, 6, '2024-09-29 19:37:18'),
(508, 13, 41, '6.6', 'yes', 100, 0, 100, '0.00000', '0.00000', '0.00000', NULL, NULL, NULL, NULL, NULL, NULL, NULL, NULL, NULL, NULL, 6, '2024-09-29 19:37:18'),
(509, 13, 41, '6.7', 'yes', 100, 0, 100, '0.00000', '0.00000', '0.00000', NULL, NULL, NULL, NULL, NULL, NULL, NULL, NULL, NULL, NULL, 6, '2024-09-29 19:37:18'),
(510, 13, 41, '6.8', 'yes', 100, 0, 100, '0.00000', '0.00000', '0.00000', NULL, NULL, NULL, NULL, NULL, NULL, NULL, NULL, NULL, NULL, 6, '2024-09-29 19:37:18'),
(511, 13, 41, '7.1', 'yes', 100, 0, 100, '0.00000', '0.00000', '0.00000', NULL, NULL, NULL, NULL, NULL, NULL, NULL, NULL, NULL, NULL, 6, '2024-09-29 19:37:18'),
(512, 13, 41, '7.2', 'yes', 100, 0, 100, '0.00000', '0.00000', '0.00000', NULL, NULL, NULL, NULL, NULL, NULL, NULL, NULL, NULL, NULL, 6, '2024-09-29 19:37:18'),
(513, 13, 41, '7.3', 'yes', 100, 0, 100, '0.00000', '0.00000', '0.00000', NULL, NULL, NULL, NULL, NULL, NULL, NULL, NULL, NULL, NULL, 6, '2024-09-29 19:37:18'),
(514, 13, 41, '7.4', 'yes', 100, 0, 100, '0.00000', '0.00000', '0.00000', NULL, NULL, NULL, NULL, NULL, NULL, NULL, NULL, NULL, NULL, 6, '2024-09-29 19:37:18'),
(515, 13, 41, '7.5', 'yes', 100, 0, 100, '0.00000', '0.00000', '0.00000', NULL, NULL, NULL, NULL, NULL, NULL, NULL, NULL, NULL, NULL, 6, '2024-09-29 19:37:18'),
(516, 13, 41, '7.6', 'yes', 100, 0, 100, '0.00000', '0.00000', '0.00000', NULL, NULL, NULL, NULL, NULL, NULL, NULL, NULL, NULL, NULL, 6, '2024-09-29 19:37:18'),
(517, 13, 41, '7.7', 'yes', 100, 0, 100, '0.00000', '0.00000', '0.00000', NULL, NULL, NULL, NULL, NULL, NULL, NULL, NULL, NULL, NULL, 6, '2024-09-29 19:37:18'),
(518, 13, 41, '7.8', 'yes', 100, 0, 100, '0.00000', '0.00000', '0.00000', NULL, NULL, NULL, NULL, NULL, NULL, NULL, NULL, NULL, NULL, 6, '2024-09-29 19:37:18'),
(519, 13, 41, '7.9', 'yes', 100, 0, 100, '0.00000', '0.00000', '0.00000', NULL, NULL, NULL, NULL, NULL, NULL, NULL, NULL, NULL, NULL, 6, '2024-09-29 19:37:18'),
(520, 13, 41, '7.10', 'yes', 100, 0, 100, '0.00000', '0.00000', '0.00000', NULL, NULL, NULL, NULL, NULL, NULL, NULL, NULL, NULL, NULL, 6, '2024-09-29 19:37:18'),
(521, 13, 41, '7.11', 'yes', 100, 0, 100, '0.00000', '0.00000', '0.00000', NULL, NULL, NULL, NULL, NULL, NULL, NULL, NULL, NULL, NULL, 6, '2024-09-29 19:37:18'),
(522, 13, 41, '7.12', 'yes', 100, 0, 100, '0.00000', '0.00000', '0.00000', NULL, NULL, NULL, NULL, NULL, NULL, NULL, NULL, NULL, NULL, 6, '2024-09-29 19:37:18'),
(523, 13, 41, '7.13', 'yes', 100, 0, 100, '0.00000', '0.00000', '0.00000', NULL, NULL, NULL, NULL, NULL, NULL, NULL, NULL, NULL, NULL, 6, '2024-09-29 19:37:18'),
(524, 13, 41, '7.14', 'yes', 100, 0, 100, '0.00000', '0.00000', '0.00000', NULL, NULL, NULL, NULL, NULL, NULL, NULL, NULL, NULL, NULL, 6, '2024-09-29 19:37:18'),
(525, 13, 41, '8.1', 'yes', 100, 0, 100, '0.00000', '0.00000', '0.00000', NULL, NULL, NULL, NULL, NULL, NULL, NULL, NULL, NULL, NULL, 6, '2024-09-29 19:37:18'),
(526, 13, 41, '8.2', 'yes', 100, 0, 100, '0.00000', '0.00000', '0.00000', NULL, NULL, NULL, NULL, NULL, NULL, NULL, NULL, NULL, NULL, 6, '2024-09-29 19:37:19'),
(527, 13, 41, '8.3', 'yes', 100, 0, 100, '0.00000', '0.00000', '0.00000', NULL, NULL, NULL, NULL, NULL, NULL, NULL, NULL, NULL, NULL, 6, '2024-09-29 19:37:19'),
(528, 13, 41, '8.4', 'yes', 100, 0, 100, '0.00000', '0.00000', '0.00000', NULL, NULL, NULL, NULL, NULL, NULL, NULL, NULL, NULL, NULL, 6, '2024-09-29 19:37:19'),
(529, 13, 41, '8.5', 'yes', 100, 0, 100, '0.00000', '0.00000', '0.00000', NULL, NULL, NULL, NULL, NULL, NULL, NULL, NULL, NULL, NULL, 6, '2024-09-29 19:37:19'),
(530, 13, 41, '8.6', 'yes', 100, 0, 100, '0.00000', '0.00000', '0.00000', NULL, NULL, NULL, NULL, NULL, NULL, NULL, NULL, NULL, NULL, 6, '2024-09-29 19:37:19'),
(531, 13, 41, '8.7', 'yes', 100, 0, 100, '0.00000', '0.00000', '0.00000', NULL, NULL, NULL, NULL, NULL, NULL, NULL, NULL, NULL, NULL, 6, '2024-09-29 19:37:19'),
(532, 13, 41, '8.8', 'yes', 100, 0, 100, '0.00000', '0.00000', '0.00000', NULL, NULL, NULL, NULL, NULL, NULL, NULL, NULL, NULL, NULL, 6, '2024-09-29 19:37:19'),
(533, 13, 41, '8.9', 'yes', 100, 0, 100, '0.00000', '0.00000', '0.00000', NULL, NULL, NULL, NULL, NULL, NULL, NULL, NULL, NULL, NULL, 6, '2024-09-29 19:37:19'),
(534, 13, 41, '8.10', 'yes', 100, 0, 100, '0.00000', '0.00000', '0.00000', NULL, NULL, NULL, NULL, NULL, NULL, NULL, NULL, NULL, NULL, 6, '2024-09-29 19:37:19'),
(535, 13, 41, '8.11', 'yes', 100, 0, 100, '0.00000', '0.00000', '0.00000', NULL, NULL, NULL, NULL, NULL, NULL, NULL, NULL, NULL, NULL, 6, '2024-09-29 19:37:19'),
(536, 13, 41, '8.12', 'yes', 100, 0, 100, '0.00000', '0.00000', '0.00000', NULL, NULL, NULL, NULL, NULL, NULL, NULL, NULL, NULL, NULL, 6, '2024-09-29 19:37:19'),
(537, 13, 41, '8.13', 'yes', 100, 0, 100, '0.00000', '0.00000', '0.00000', NULL, NULL, NULL, NULL, NULL, NULL, NULL, NULL, NULL, NULL, 6, '2024-09-29 19:37:19'),
(538, 13, 41, '8.14', 'yes', 100, 0, 100, '0.00000', '0.00000', '0.00000', NULL, NULL, NULL, NULL, NULL, NULL, NULL, NULL, NULL, NULL, 6, '2024-09-29 19:37:19'),
(539, 13, 41, '8.15', 'yes', 100, 0, 100, '0.00000', '0.00000', '0.00000', NULL, NULL, NULL, NULL, NULL, NULL, NULL, NULL, NULL, NULL, 6, '2024-09-29 19:37:19'),
(540, 13, 41, '8.16', 'yes', 100, 0, 100, '0.00000', '0.00000', '0.00000', NULL, NULL, NULL, NULL, NULL, NULL, NULL, NULL, NULL, NULL, 6, '2024-09-29 19:37:19'),
(541, 13, 41, '8.17', 'yes', 100, 0, 100, '0.00000', '0.00000', '0.00000', NULL, NULL, NULL, NULL, NULL, NULL, NULL, NULL, NULL, NULL, 6, '2024-09-29 19:37:19'),
(542, 13, 41, '8.18', 'yes', 100, 0, 100, '0.00000', '0.00000', '0.00000', NULL, NULL, NULL, NULL, NULL, NULL, NULL, NULL, NULL, NULL, 6, '2024-09-29 19:37:19'),
(543, 13, 41, '8.19', 'yes', 100, 0, 100, '0.00000', '0.00000', '0.00000', NULL, NULL, NULL, NULL, NULL, NULL, NULL, NULL, NULL, NULL, 6, '2024-09-29 19:37:19'),
(544, 13, 41, '8.20', 'yes', 100, 0, 100, '0.00000', '0.00000', '0.00000', NULL, NULL, NULL, NULL, NULL, NULL, NULL, NULL, NULL, NULL, 6, '2024-09-29 19:37:19'),
(545, 13, 41, '8.21', 'yes', 100, 0, 100, '0.00000', '0.00000', '0.00000', NULL, NULL, NULL, NULL, NULL, NULL, NULL, NULL, NULL, NULL, 6, '2024-09-29 19:37:19'),
(546, 13, 41, '8.22', 'yes', 100, 0, 100, '0.00000', '0.00000', '0.00000', NULL, NULL, NULL, NULL, NULL, NULL, NULL, NULL, NULL, NULL, 6, '2024-09-29 19:37:19'),
(547, 13, 41, '8.23', 'yes', 100, 0, 100, '0.00000', '0.00000', '0.00000', NULL, NULL, NULL, NULL, NULL, NULL, NULL, NULL, NULL, NULL, 6, '2024-09-29 19:37:19'),
(548, 13, 41, '8.24', 'yes', 100, 0, 100, '0.00000', '0.00000', '0.00000', NULL, NULL, NULL, NULL, NULL, NULL, NULL, NULL, NULL, NULL, 6, '2024-09-29 19:37:19'),
(549, 13, 41, '8.25', 'yes', 100, 0, 100, '0.00000', '0.00000', '0.00000', NULL, NULL, NULL, NULL, NULL, NULL, NULL, NULL, NULL, NULL, 6, '2024-09-29 19:37:19'),
(550, 13, 41, '8.26', 'yes', 100, 0, 100, '0.00000', '0.00000', '0.00000', NULL, NULL, NULL, NULL, NULL, NULL, NULL, NULL, NULL, NULL, 6, '2024-09-29 19:37:19'),
(551, 13, 41, '8.27', 'yes', 100, 0, 100, '0.00000', '0.00000', '0.00000', NULL, NULL, NULL, NULL, NULL, NULL, NULL, NULL, NULL, NULL, 6, '2024-09-29 19:37:19'),
(552, 13, 41, '8.28', 'yes', 100, 0, 100, '0.00000', '0.00000', '0.00000', NULL, NULL, NULL, NULL, NULL, NULL, NULL, NULL, NULL, NULL, 6, '2024-09-29 19:37:19'),
(553, 13, 41, '8.29', 'yes', 100, 0, 100, '0.00000', '0.00000', '0.00000', NULL, NULL, NULL, NULL, NULL, NULL, NULL, NULL, NULL, NULL, 6, '2024-09-29 19:37:19'),
(554, 13, 41, '8.30', 'yes', 100, 0, 100, '0.00000', '0.00000', '0.00000', NULL, NULL, NULL, NULL, NULL, NULL, NULL, NULL, NULL, NULL, 6, '2024-09-29 19:37:19'),
(555, 13, 41, '8.31', 'yes', 100, 0, 100, '0.00000', '0.00000', '0.00000', NULL, NULL, NULL, NULL, NULL, NULL, NULL, NULL, NULL, NULL, 6, '2024-09-29 19:37:19'),
(556, 13, 41, '8.32', 'yes', 100, 0, 100, '0.00000', '0.00000', '0.00000', NULL, NULL, NULL, NULL, NULL, NULL, NULL, NULL, NULL, NULL, 6, '2024-09-29 19:37:19'),
(557, 13, 41, '8.33', 'yes', 100, 0, 100, '0.00000', '0.00000', '0.00000', NULL, NULL, NULL, NULL, NULL, NULL, NULL, NULL, NULL, NULL, 6, '2024-09-29 19:37:19'),
(558, 13, 41, '8.34', 'yes', 100, 0, 100, '0.00000', '0.00000', '0.00000', NULL, NULL, NULL, NULL, NULL, NULL, NULL, NULL, NULL, NULL, 6, '2024-09-23 11:58:20'),
(559, 14, 45, '5.1', 'yes', 80, 20, 100, '2.00000', '2.00000', '2.00000', NULL, NULL, NULL, NULL, NULL, NULL, NULL, NULL, NULL, NULL, 6, '2024-10-04 04:51:54'),
(560, 14, 45, '5.2', 'yes', 20, 80, 100, '8.00000', '8.00000', '8.00000', NULL, NULL, NULL, NULL, NULL, NULL, NULL, NULL, NULL, NULL, 6, '2024-10-04 04:51:54'),
(561, 14, 45, '5.3', 'yes', 40, 60, 100, '6.00000', '6.00000', '6.00000', NULL, NULL, NULL, NULL, NULL, NULL, NULL, NULL, NULL, NULL, 6, '2024-10-04 04:51:54'),
(562, 14, 45, '5.4', 'yes', 100, 0, 100, '0.00000', '0.00000', '0.00000', NULL, NULL, NULL, NULL, NULL, NULL, NULL, NULL, NULL, NULL, 6, '2024-10-04 04:51:54'),
(563, 14, 45, '5.5', 'yes', 70, 30, 100, '3.00000', '3.00000', '3.00000', NULL, NULL, NULL, NULL, NULL, NULL, NULL, NULL, NULL, NULL, 6, '2024-10-04 04:51:54'),
(564, 14, 45, '5.6', 'yes', 100, 0, 100, '0.00000', '0.00000', '0.00000', NULL, NULL, NULL, NULL, NULL, NULL, NULL, NULL, NULL, NULL, 6, '2024-10-04 04:51:54'),
(565, 14, 45, '5.7', 'yes', 10, 90, 100, '9.00000', '9.00000', '9.00000', NULL, NULL, NULL, NULL, NULL, NULL, NULL, NULL, NULL, NULL, 6, '2024-10-04 04:51:54'),
(566, 14, 45, '5.8', 'yes', 100, 0, 100, '0.00000', '0.00000', '0.00000', NULL, NULL, NULL, NULL, NULL, NULL, NULL, NULL, NULL, NULL, 6, '2024-10-04 04:51:54'),
(567, 14, 45, '5.9', 'yes', 100, 0, 100, '0.00000', '0.00000', '0.00000', NULL, NULL, NULL, NULL, NULL, NULL, NULL, NULL, NULL, NULL, 6, '2024-10-04 04:51:54'),
(568, 14, 45, '5.10', 'yes', 100, 0, 100, '0.00000', '0.00000', '0.00000', NULL, NULL, NULL, NULL, NULL, NULL, NULL, NULL, NULL, NULL, 6, '2024-10-04 04:51:54'),
(569, 14, 45, '5.11', 'yes', 100, 0, 100, '0.00000', '0.00000', '0.00000', NULL, NULL, NULL, NULL, NULL, NULL, NULL, NULL, NULL, NULL, 6, '2024-10-04 04:51:54'),
(570, 14, 45, '5.12', 'yes', 100, 0, 100, '0.00000', '0.00000', '0.00000', NULL, NULL, NULL, NULL, NULL, NULL, NULL, NULL, NULL, NULL, 6, '2024-10-04 04:51:54'),
(571, 14, 45, '5.13', 'yes', 100, 0, 100, '0.00000', '0.00000', '0.00000', NULL, NULL, NULL, NULL, NULL, NULL, NULL, NULL, NULL, NULL, 6, '2024-10-04 04:51:54'),
(572, 14, 45, '5.14', 'yes', 100, 0, 100, '0.00000', '0.00000', '0.00000', NULL, NULL, NULL, NULL, NULL, NULL, NULL, NULL, NULL, NULL, 6, '2024-10-04 04:51:54'),
(573, 14, 45, '5.15', 'yes', 100, 0, 100, '0.00000', '0.00000', '0.00000', NULL, NULL, NULL, NULL, NULL, NULL, NULL, NULL, NULL, NULL, 6, '2024-10-04 04:51:54'),
(574, 14, 45, '5.16', 'yes', 100, 0, 100, '0.00000', '0.00000', '0.00000', NULL, NULL, NULL, NULL, NULL, NULL, NULL, NULL, NULL, NULL, 6, '2024-10-04 04:51:54'),
(575, 14, 45, '5.17', 'yes', 100, 0, 100, '0.00000', '0.00000', '0.00000', NULL, NULL, NULL, NULL, NULL, NULL, NULL, NULL, NULL, NULL, 6, '2024-10-04 04:51:54'),
(576, 14, 45, '5.18', 'yes', 100, 0, 100, '0.00000', '0.00000', '0.00000', NULL, NULL, NULL, NULL, NULL, NULL, NULL, NULL, NULL, NULL, 6, '2024-10-04 04:51:54'),
(577, 14, 45, '5.19', 'yes', 100, 0, 100, '0.00000', '0.00000', '0.00000', NULL, NULL, NULL, NULL, NULL, NULL, NULL, NULL, NULL, NULL, 6, '2024-10-04 04:51:54'),
(578, 14, 45, '5.20', 'yes', 100, 0, 100, '0.00000', '0.00000', '0.00000', NULL, NULL, NULL, NULL, NULL, NULL, NULL, NULL, NULL, NULL, 6, '2024-10-04 04:51:54'),
(579, 14, 45, '5.21', 'yes', 100, 0, 100, '0.00000', '0.00000', '0.00000', NULL, NULL, NULL, NULL, NULL, NULL, NULL, NULL, NULL, NULL, 6, '2024-10-04 04:51:54'),
(580, 14, 45, '5.22', 'yes', 100, 0, 100, '0.00000', '0.00000', '0.00000', NULL, NULL, NULL, NULL, NULL, NULL, NULL, NULL, NULL, NULL, 6, '2024-10-04 04:51:54'),
(581, 14, 45, '5.23', 'yes', 100, 0, 100, '0.00000', '0.00000', '0.00000', NULL, NULL, NULL, NULL, NULL, NULL, NULL, NULL, NULL, NULL, 6, '2024-10-04 04:51:54'),
(582, 14, 45, '5.24', 'yes', 100, 0, 100, '0.00000', '0.00000', '0.00000', NULL, NULL, NULL, NULL, NULL, NULL, NULL, NULL, NULL, NULL, 6, '2024-10-04 04:51:54'),
(583, 14, 45, '5.25', 'yes', 100, 0, 100, '0.00000', '0.00000', '0.00000', NULL, NULL, NULL, NULL, NULL, NULL, NULL, NULL, NULL, NULL, 6, '2024-10-04 04:51:54'),
(584, 14, 45, '5.26', 'yes', 100, 0, 100, '0.00000', '0.00000', '0.00000', NULL, NULL, NULL, NULL, NULL, NULL, NULL, NULL, NULL, NULL, 6, '2024-10-04 04:51:54'),
(585, 14, 45, '5.27', 'yes', 100, 0, 100, '0.00000', '0.00000', '0.00000', NULL, NULL, NULL, NULL, NULL, NULL, NULL, NULL, NULL, NULL, 6, '2024-10-04 04:51:54'),
(586, 14, 45, '5.28', 'yes', 100, 0, 100, '0.00000', '0.00000', '0.00000', NULL, NULL, NULL, NULL, NULL, NULL, NULL, NULL, NULL, NULL, 6, '2024-10-04 04:51:54'),
(587, 14, 45, '5.29', 'yes', 100, 0, 100, '0.00000', '0.00000', '0.00000', NULL, NULL, NULL, NULL, NULL, NULL, NULL, NULL, NULL, NULL, 6, '2024-10-04 04:51:54'),
(588, 14, 45, '5.30', 'yes', 100, 0, 100, '0.00000', '0.00000', '0.00000', NULL, NULL, NULL, NULL, NULL, NULL, NULL, NULL, NULL, NULL, 6, '2024-10-04 04:51:54'),
(589, 14, 45, '5.31', 'yes', 100, 0, 100, '0.00000', '0.00000', '0.00000', NULL, NULL, NULL, NULL, NULL, NULL, NULL, NULL, NULL, NULL, 6, '2024-10-04 04:51:55'),
(590, 14, 45, '5.32', 'yes', 100, 0, 100, '0.00000', '0.00000', '0.00000', NULL, NULL, NULL, NULL, NULL, NULL, NULL, NULL, NULL, NULL, 6, '2024-10-04 04:51:55'),
(591, 14, 45, '5.33', 'yes', 100, 0, 100, '0.00000', '0.00000', '0.00000', NULL, NULL, NULL, NULL, NULL, NULL, NULL, NULL, NULL, NULL, 6, '2024-10-04 04:51:55'),
(592, 14, 45, '5.34', 'yes', 100, 0, 100, '0.00000', '0.00000', '0.00000', NULL, NULL, NULL, NULL, NULL, NULL, NULL, NULL, NULL, NULL, 6, '2024-10-04 04:51:55'),
(593, 14, 45, '5.35', 'yes', 100, 0, 100, '0.00000', '0.00000', '0.00000', NULL, NULL, NULL, NULL, NULL, NULL, NULL, NULL, NULL, NULL, 6, '2024-10-04 04:51:55'),
(594, 14, 45, '5.36', 'yes', 100, 0, 90, '0.00000', '0.00000', '0.00000', NULL, NULL, NULL, NULL, NULL, NULL, NULL, NULL, NULL, NULL, 6, '2024-10-04 04:51:55'),
(595, 14, 45, '5.37', 'yes', 100, 0, 80, '0.00000', '0.00000', '0.00000', NULL, NULL, NULL, NULL, NULL, NULL, NULL, NULL, NULL, NULL, 6, '2024-10-04 04:51:55'),
(596, 14, 45, '6.1', 'yes', 100, 0, 100, '0.00000', '0.00000', '0.00000', NULL, NULL, NULL, NULL, NULL, NULL, NULL, NULL, NULL, NULL, 6, '2024-10-04 04:51:55'),
(597, 14, 45, '6.2', 'yes', 100, 0, 60, '0.00000', '0.00000', '0.00000', NULL, NULL, NULL, NULL, NULL, NULL, NULL, NULL, NULL, NULL, 6, '2024-10-04 04:51:55'),
(598, 14, 45, '6.3', 'yes', 100, 0, 60, '0.00000', '0.00000', '0.00000', NULL, NULL, NULL, NULL, NULL, NULL, NULL, NULL, NULL, NULL, 6, '2024-10-04 04:51:55'),
(599, 14, 45, '6.4', 'yes', 30, 70, 50, '3.50000', '3.50000', '3.50000', NULL, NULL, NULL, NULL, NULL, NULL, NULL, NULL, NULL, NULL, 6, '2024-10-04 04:51:55'),
(600, 14, 45, '6.5', 'yes', 10, 90, 100, '9.00000', '9.00000', '9.00000', NULL, NULL, NULL, NULL, NULL, NULL, NULL, NULL, NULL, NULL, 6, '2024-10-04 04:51:55'),
(601, 14, 45, '6.6', 'yes', 20, 80, 40, '3.20000', '3.20000', '3.20000', NULL, NULL, NULL, NULL, NULL, NULL, NULL, NULL, NULL, NULL, 6, '2024-10-04 04:51:55'),
(602, 14, 45, '6.7', 'yes', 40, 60, 10, '0.60000', '0.60000', '0.60000', NULL, NULL, NULL, NULL, NULL, NULL, NULL, NULL, NULL, NULL, 6, '2024-10-04 04:51:55'),
(603, 14, 45, '6.8', 'yes', 60, 40, 100, '4.00000', '4.00000', '4.00000', NULL, NULL, NULL, NULL, NULL, NULL, NULL, NULL, NULL, NULL, 6, '2024-10-04 04:51:55'),
(604, 14, 45, '7.1', 'yes', 70, 30, 20, '0.60000', '0.60000', '0.60000', NULL, NULL, NULL, NULL, NULL, NULL, NULL, NULL, NULL, NULL, 6, '2024-10-04 04:51:55'),
(605, 14, 45, '7.2', 'yes', 100, 0, 100, '0.00000', '0.00000', '0.00000', NULL, NULL, NULL, NULL, NULL, NULL, NULL, NULL, NULL, NULL, 6, '2024-10-04 04:51:55'),
(606, 14, 45, '7.3', 'yes', 100, 0, 30, '0.00000', '0.00000', '0.00000', NULL, NULL, NULL, NULL, NULL, NULL, NULL, NULL, NULL, NULL, 6, '2024-10-04 04:51:55'),
(607, 14, 45, '7.4', 'yes', 100, 0, 100, '0.00000', '0.00000', '0.00000', NULL, NULL, NULL, NULL, NULL, NULL, NULL, NULL, NULL, NULL, 6, '2024-10-04 04:51:55'),
(608, 14, 45, '7.5', 'yes', 100, 0, 100, '0.00000', '0.00000', '0.00000', NULL, NULL, NULL, NULL, NULL, NULL, NULL, NULL, NULL, NULL, 6, '2024-10-04 04:51:55'),
(609, 14, 45, '7.6', 'yes', 100, 0, 100, '0.00000', '0.00000', '0.00000', NULL, NULL, NULL, NULL, NULL, NULL, NULL, NULL, NULL, NULL, 6, '2024-10-04 04:51:55'),
(610, 14, 45, '7.7', 'yes', 100, 0, 100, '0.00000', '0.00000', '0.00000', NULL, NULL, NULL, NULL, NULL, NULL, NULL, NULL, NULL, NULL, 6, '2024-10-04 04:51:55'),
(611, 14, 45, '7.8', 'yes', 100, 0, 100, '0.00000', '0.00000', '0.00000', NULL, NULL, NULL, NULL, NULL, NULL, NULL, NULL, NULL, NULL, 6, '2024-10-04 04:51:55'),
(612, 14, 45, '7.9', 'yes', 100, 0, 100, '0.00000', '0.00000', '0.00000', NULL, NULL, NULL, NULL, NULL, NULL, NULL, NULL, NULL, NULL, 6, '2024-10-04 04:51:55'),
(613, 14, 45, '7.10', 'yes', 100, 0, 100, '0.00000', '0.00000', '0.00000', NULL, NULL, NULL, NULL, NULL, NULL, NULL, NULL, NULL, NULL, 6, '2024-10-04 04:51:55'),
(614, 14, 45, '7.11', 'yes', 100, 0, 100, '0.00000', '0.00000', '0.00000', NULL, NULL, NULL, NULL, NULL, NULL, NULL, NULL, NULL, NULL, 6, '2024-10-04 04:51:55'),
(615, 14, 45, '7.12', 'yes', 100, 0, 100, '0.00000', '0.00000', '0.00000', NULL, NULL, NULL, NULL, NULL, NULL, NULL, NULL, NULL, NULL, 6, '2024-10-04 04:51:55'),
(616, 14, 45, '7.13', 'yes', 100, 0, 100, '0.00000', '0.00000', '0.00000', NULL, NULL, NULL, NULL, NULL, NULL, NULL, NULL, NULL, NULL, 6, '2024-10-04 04:51:55'),
(617, 14, 45, '7.14', 'yes', 100, 0, 100, '0.00000', '0.00000', '0.00000', NULL, NULL, NULL, NULL, NULL, NULL, NULL, NULL, NULL, NULL, 6, '2024-10-04 04:51:55'),
(618, 14, 45, '8.1', 'yes', 100, 0, 100, '0.00000', '0.00000', '0.00000', NULL, NULL, NULL, NULL, NULL, NULL, NULL, NULL, NULL, NULL, 6, '2024-10-04 04:51:55'),
(619, 14, 45, '8.2', 'yes', 100, 0, 100, '0.00000', '0.00000', '0.00000', NULL, NULL, NULL, NULL, NULL, NULL, NULL, NULL, NULL, NULL, 6, '2024-10-04 04:51:55'),
(620, 14, 45, '8.3', 'yes', 100, 0, 100, '0.00000', '0.00000', '0.00000', NULL, NULL, NULL, NULL, NULL, NULL, NULL, NULL, NULL, NULL, 6, '2024-10-04 04:51:55'),
(621, 14, 45, '8.4', 'yes', 100, 0, 100, '0.00000', '0.00000', '0.00000', NULL, NULL, NULL, NULL, NULL, NULL, NULL, NULL, NULL, NULL, 6, '2024-10-04 04:51:55'),
(622, 14, 45, '8.5', 'yes', 100, 0, 100, '0.00000', '0.00000', '0.00000', NULL, NULL, NULL, NULL, NULL, NULL, NULL, NULL, NULL, NULL, 6, '2024-10-04 04:51:55'),
(623, 14, 45, '8.6', 'yes', 100, 0, 100, '0.00000', '0.00000', '0.00000', NULL, NULL, NULL, NULL, NULL, NULL, NULL, NULL, NULL, NULL, 6, '2024-10-04 04:51:55'),
(624, 14, 45, '8.7', 'yes', 100, 0, 100, '0.00000', '0.00000', '0.00000', NULL, NULL, NULL, NULL, NULL, NULL, NULL, NULL, NULL, NULL, 6, '2024-10-04 04:51:55'),
(625, 14, 45, '8.8', 'yes', 100, 0, 100, '0.00000', '0.00000', '0.00000', NULL, NULL, NULL, NULL, NULL, NULL, NULL, NULL, NULL, NULL, 6, '2024-10-04 04:51:55'),
(626, 14, 45, '8.9', 'yes', 100, 0, 100, '0.00000', '0.00000', '0.00000', NULL, NULL, NULL, NULL, NULL, NULL, NULL, NULL, NULL, NULL, 6, '2024-10-04 04:51:55'),
(627, 14, 45, '8.10', 'yes', 100, 0, 100, '0.00000', '0.00000', '0.00000', NULL, NULL, NULL, NULL, NULL, NULL, NULL, NULL, NULL, NULL, 6, '2024-10-04 04:51:55'),
(628, 14, 45, '8.11', 'yes', 100, 0, 100, '0.00000', '0.00000', '0.00000', NULL, NULL, NULL, NULL, NULL, NULL, NULL, NULL, NULL, NULL, 6, '2024-10-04 04:51:55'),
(629, 14, 45, '8.12', 'yes', 100, 0, 100, '0.00000', '0.00000', '0.00000', NULL, NULL, NULL, NULL, NULL, NULL, NULL, NULL, NULL, NULL, 6, '2024-10-04 04:51:55'),
(630, 14, 45, '8.13', 'yes', 100, 0, 100, '0.00000', '0.00000', '0.00000', NULL, NULL, NULL, NULL, NULL, NULL, NULL, NULL, NULL, NULL, 6, '2024-10-04 04:51:55'),
(631, 14, 45, '8.14', 'yes', 100, 0, 100, '0.00000', '0.00000', '0.00000', NULL, NULL, NULL, NULL, NULL, NULL, NULL, NULL, NULL, NULL, 6, '2024-10-04 04:51:55'),
(632, 14, 45, '8.15', 'yes', 100, 0, 100, '0.00000', '0.00000', '0.00000', NULL, NULL, NULL, NULL, NULL, NULL, NULL, NULL, NULL, NULL, 6, '2024-10-04 04:51:55'),
(633, 14, 45, '8.16', 'yes', 100, 0, 100, '0.00000', '0.00000', '0.00000', NULL, NULL, NULL, NULL, NULL, NULL, NULL, NULL, NULL, NULL, 6, '2024-10-04 04:51:55'),
(634, 14, 45, '8.17', 'yes', 100, 0, 100, '0.00000', '0.00000', '0.00000', NULL, NULL, NULL, NULL, NULL, NULL, NULL, NULL, NULL, NULL, 6, '2024-10-04 04:51:55'),
(635, 14, 45, '8.18', 'yes', 100, 0, 100, '0.00000', '0.00000', '0.00000', NULL, NULL, NULL, NULL, NULL, NULL, NULL, NULL, NULL, NULL, 6, '2024-10-04 04:51:55'),
(636, 14, 45, '8.19', 'yes', 100, 0, 100, '0.00000', '0.00000', '0.00000', NULL, NULL, NULL, NULL, NULL, NULL, NULL, NULL, NULL, NULL, 6, '2024-10-04 04:51:55'),
(637, 14, 45, '8.20', 'yes', 100, 0, 100, '0.00000', '0.00000', '0.00000', NULL, NULL, NULL, NULL, NULL, NULL, NULL, NULL, NULL, NULL, 6, '2024-10-04 04:51:55'),
(638, 14, 45, '8.21', 'yes', 100, 0, 100, '0.00000', '0.00000', '0.00000', NULL, NULL, NULL, NULL, NULL, NULL, NULL, NULL, NULL, NULL, 6, '2024-10-04 04:51:55'),
(639, 14, 45, '8.22', 'yes', 100, 0, 100, '0.00000', '0.00000', '0.00000', NULL, NULL, NULL, NULL, NULL, NULL, NULL, NULL, NULL, NULL, 6, '2024-10-04 04:51:55'),
(640, 14, 45, '8.23', 'yes', 100, 0, 100, '0.00000', '0.00000', '0.00000', NULL, NULL, NULL, NULL, NULL, NULL, NULL, NULL, NULL, NULL, 6, '2024-10-04 04:51:55'),
(641, 14, 45, '8.24', 'yes', 100, 0, 100, '0.00000', '0.00000', '0.00000', NULL, NULL, NULL, NULL, NULL, NULL, NULL, NULL, NULL, NULL, 6, '2024-10-04 04:51:55'),
(642, 14, 45, '8.25', 'yes', 100, 0, 100, '0.00000', '0.00000', '0.00000', NULL, NULL, NULL, NULL, NULL, NULL, NULL, NULL, NULL, NULL, 6, '2024-10-04 04:51:55'),
(643, 14, 45, '8.26', 'yes', 100, 0, 100, '0.00000', '0.00000', '0.00000', NULL, NULL, NULL, NULL, NULL, NULL, NULL, NULL, NULL, NULL, 6, '2024-10-04 04:51:55'),
(644, 14, 45, '8.27', 'yes', 100, 0, 100, '0.00000', '0.00000', '0.00000', NULL, NULL, NULL, NULL, NULL, NULL, NULL, NULL, NULL, NULL, 6, '2024-10-04 04:51:55'),
(645, 14, 45, '8.28', 'yes', 100, 0, 100, '0.00000', '0.00000', '0.00000', NULL, NULL, NULL, NULL, NULL, NULL, NULL, NULL, NULL, NULL, 6, '2024-10-04 04:51:55'),
(646, 14, 45, '8.29', 'yes', 100, 0, 100, '0.00000', '0.00000', '0.00000', NULL, NULL, NULL, NULL, NULL, NULL, NULL, NULL, NULL, NULL, 6, '2024-10-04 04:51:55'),
(647, 14, 45, '8.30', 'yes', 100, 0, 100, '0.00000', '0.00000', '0.00000', NULL, NULL, NULL, NULL, NULL, NULL, NULL, NULL, NULL, NULL, 6, '2024-10-04 04:51:55'),
(648, 14, 45, '8.31', 'yes', 100, 0, 100, '0.00000', '0.00000', '0.00000', NULL, NULL, NULL, NULL, NULL, NULL, NULL, NULL, NULL, NULL, 6, '2024-10-04 04:51:55'),
(649, 14, 45, '8.32', 'yes', 100, 0, 100, '0.00000', '0.00000', '0.00000', NULL, NULL, NULL, NULL, NULL, NULL, NULL, NULL, NULL, NULL, 6, '2024-10-04 04:51:55'),
(650, 14, 45, '8.33', 'yes', 100, 0, 100, '0.00000', '0.00000', '0.00000', NULL, NULL, NULL, NULL, NULL, NULL, NULL, NULL, NULL, NULL, 6, '2024-10-04 04:51:55'),
(651, 14, 45, '8.34', 'yes', 100, 0, 100, '0.00000', '0.00000', '0.00000', NULL, NULL, NULL, NULL, NULL, NULL, NULL, NULL, NULL, NULL, 6, '2024-10-04 04:51:55'),
(652, 14, 44, '5.1', 'yes', 70, 30, 100, '3.00000', '1.50000', '3.00000', NULL, NULL, NULL, NULL, NULL, NULL, NULL, NULL, NULL, NULL, 6, '2024-09-30 18:21:04'),
(653, 14, 44, '5.2', 'yes', 80, 20, 100, '2.00000', '1.00000', '2.00000', NULL, NULL, NULL, NULL, NULL, NULL, NULL, NULL, NULL, NULL, 6, '2024-09-30 18:21:04'),
(654, 14, 44, '5.3', 'yes', 100, 0, 100, '0.00000', '0.00000', '0.00000', NULL, NULL, NULL, NULL, NULL, NULL, NULL, NULL, NULL, NULL, 6, '2024-09-30 18:21:04'),
(655, 14, 44, '5.4', 'yes', 100, 0, 100, '0.00000', '0.00000', '0.00000', NULL, NULL, NULL, NULL, NULL, NULL, NULL, NULL, NULL, NULL, 6, '2024-09-30 18:21:04'),
(656, 14, 44, '5.5', 'yes', 100, 0, 100, '0.00000', '0.00000', '0.00000', NULL, NULL, NULL, NULL, NULL, NULL, NULL, NULL, NULL, NULL, 6, '2024-09-30 18:21:04'),
(657, 14, 44, '5.6', 'yes', 100, 0, 100, '0.00000', '0.00000', '0.00000', NULL, NULL, NULL, NULL, NULL, NULL, NULL, NULL, NULL, NULL, 6, '2024-09-30 18:21:04'),
(658, 14, 44, '5.7', 'yes', 100, 0, 100, '0.00000', '0.00000', '0.00000', NULL, NULL, NULL, NULL, NULL, NULL, NULL, NULL, NULL, NULL, 6, '2024-09-30 18:21:04'),
(659, 14, 44, '5.8', 'yes', 100, 0, 100, '0.00000', '0.00000', '0.00000', NULL, NULL, NULL, NULL, NULL, NULL, NULL, NULL, NULL, NULL, 6, '2024-09-30 18:21:04'),
(660, 14, 44, '5.9', 'yes', 100, 0, 100, '0.00000', '0.00000', '0.00000', NULL, NULL, NULL, NULL, NULL, NULL, NULL, NULL, NULL, NULL, 6, '2024-09-30 18:21:04'),
(661, 14, 44, '5.10', 'yes', 100, 0, 100, '0.00000', '0.00000', '0.00000', NULL, NULL, NULL, NULL, NULL, NULL, NULL, NULL, NULL, NULL, 6, '2024-09-30 18:21:04'),
(662, 14, 44, '5.11', 'yes', 100, 0, 100, '0.00000', '0.00000', '0.00000', NULL, NULL, NULL, NULL, NULL, NULL, NULL, NULL, NULL, NULL, 6, '2024-09-30 18:21:04'),
(663, 14, 44, '5.12', 'yes', 100, 0, 100, '0.00000', '0.00000', '0.00000', NULL, NULL, NULL, NULL, NULL, NULL, NULL, NULL, NULL, NULL, 6, '2024-09-30 18:21:04'),
(664, 14, 44, '5.13', 'yes', 100, 0, 100, '0.00000', '0.00000', '0.00000', NULL, NULL, NULL, NULL, NULL, NULL, NULL, NULL, NULL, NULL, 6, '2024-09-30 18:21:04'),
(665, 14, 44, '5.14', 'yes', 100, 0, 100, '0.00000', '0.00000', '0.00000', NULL, NULL, NULL, NULL, NULL, NULL, NULL, NULL, NULL, NULL, 6, '2024-09-30 18:21:04'),
(666, 14, 44, '5.15', 'yes', 100, 0, 100, '0.00000', '0.00000', '0.00000', NULL, NULL, NULL, NULL, NULL, NULL, NULL, NULL, NULL, NULL, 6, '2024-09-30 18:21:04'),
(667, 14, 44, '5.16', 'yes', 100, 0, 100, '0.00000', '0.00000', '0.00000', NULL, NULL, NULL, NULL, NULL, NULL, NULL, NULL, NULL, NULL, 6, '2024-09-30 18:21:04'),
(668, 14, 44, '5.17', 'yes', 100, 0, 100, '0.00000', '0.00000', '0.00000', NULL, NULL, NULL, NULL, NULL, NULL, NULL, NULL, NULL, NULL, 6, '2024-09-30 18:21:04'),
(669, 14, 44, '5.18', 'yes', 100, 0, 100, '0.00000', '0.00000', '0.00000', NULL, NULL, NULL, NULL, NULL, NULL, NULL, NULL, NULL, NULL, 6, '2024-09-30 18:21:04'),
(670, 14, 44, '5.19', 'yes', 100, 0, 100, '0.00000', '0.00000', '0.00000', NULL, NULL, NULL, NULL, NULL, NULL, NULL, NULL, NULL, NULL, 6, '2024-09-30 18:21:04'),
(671, 14, 44, '5.20', 'yes', 100, 0, 100, '0.00000', '0.00000', '0.00000', NULL, NULL, NULL, NULL, NULL, NULL, NULL, NULL, NULL, NULL, 6, '2024-09-30 18:21:04'),
(672, 14, 44, '5.21', 'yes', 100, 0, 100, '0.00000', '0.00000', '0.00000', NULL, NULL, NULL, NULL, NULL, NULL, NULL, NULL, NULL, NULL, 6, '2024-09-30 18:21:04'),
(673, 14, 44, '5.22', 'yes', 100, 0, 100, '0.00000', '0.00000', '0.00000', NULL, NULL, NULL, NULL, NULL, NULL, NULL, NULL, NULL, NULL, 6, '2024-09-30 18:21:04'),
(674, 14, 44, '5.23', 'yes', 100, 0, 100, '0.00000', '0.00000', '0.00000', NULL, NULL, NULL, NULL, NULL, NULL, NULL, NULL, NULL, NULL, 6, '2024-09-30 18:21:04'),
(675, 14, 44, '5.24', 'yes', 100, 0, 100, '0.00000', '0.00000', '0.00000', NULL, NULL, NULL, NULL, NULL, NULL, NULL, NULL, NULL, NULL, 6, '2024-09-30 18:21:04'),
(676, 14, 44, '5.25', 'yes', 100, 0, 100, '0.00000', '0.00000', '0.00000', NULL, NULL, NULL, NULL, NULL, NULL, NULL, NULL, NULL, NULL, 6, '2024-09-30 18:21:04'),
(677, 14, 44, '5.26', 'yes', 100, 0, 100, '0.00000', '0.00000', '0.00000', NULL, NULL, NULL, NULL, NULL, NULL, NULL, NULL, NULL, NULL, 6, '2024-09-30 18:21:04'),
(678, 14, 44, '5.27', 'yes', 100, 0, 100, '0.00000', '0.00000', '0.00000', NULL, NULL, NULL, NULL, NULL, NULL, NULL, NULL, NULL, NULL, 6, '2024-09-30 18:21:04'),
(679, 14, 44, '5.28', 'yes', 100, 0, 100, '0.00000', '0.00000', '0.00000', NULL, NULL, NULL, NULL, NULL, NULL, NULL, NULL, NULL, NULL, 6, '2024-09-30 18:21:04'),
(680, 14, 44, '5.29', 'yes', 100, 0, 100, '0.00000', '0.00000', '0.00000', NULL, NULL, NULL, NULL, NULL, NULL, NULL, NULL, NULL, NULL, 6, '2024-09-30 18:21:04'),
(681, 14, 44, '5.30', 'yes', 100, 0, 100, '0.00000', '0.00000', '0.00000', NULL, NULL, NULL, NULL, NULL, NULL, NULL, NULL, NULL, NULL, 6, '2024-09-30 18:21:04'),
(682, 14, 44, '5.31', 'yes', 100, 0, 100, '0.00000', '0.00000', '0.00000', NULL, NULL, NULL, NULL, NULL, NULL, NULL, NULL, NULL, NULL, 6, '2024-09-30 18:21:04'),
(683, 14, 44, '5.32', 'yes', 100, 0, 100, '0.00000', '0.00000', '0.00000', NULL, NULL, NULL, NULL, NULL, NULL, NULL, NULL, NULL, NULL, 6, '2024-09-30 18:21:04'),
(684, 14, 44, '5.33', 'yes', 100, 0, 100, '0.00000', '0.00000', '0.00000', NULL, NULL, NULL, NULL, NULL, NULL, NULL, NULL, NULL, NULL, 6, '2024-09-30 18:21:04'),
(685, 14, 44, '5.34', 'yes', 100, 0, 100, '0.00000', '0.00000', '0.00000', NULL, NULL, NULL, NULL, NULL, NULL, NULL, NULL, NULL, NULL, 6, '2024-09-30 18:21:04'),
(686, 14, 44, '5.35', 'yes', 100, 0, 100, '0.00000', '0.00000', '0.00000', NULL, NULL, NULL, NULL, NULL, NULL, NULL, NULL, NULL, NULL, 6, '2024-09-30 18:21:04'),
(687, 14, 44, '5.36', 'yes', 100, 0, 100, '0.00000', '0.00000', '0.00000', NULL, NULL, NULL, NULL, NULL, NULL, NULL, NULL, NULL, NULL, 6, '2024-09-30 18:21:04'),
(688, 14, 44, '5.37', 'yes', 100, 0, 100, '0.00000', '0.00000', '0.00000', NULL, NULL, NULL, NULL, NULL, NULL, NULL, NULL, NULL, NULL, 6, '2024-09-30 18:21:04'),
(689, 14, 44, '6.1', 'yes', 100, 0, 100, '0.00000', '0.00000', '0.00000', NULL, NULL, NULL, NULL, NULL, NULL, NULL, NULL, NULL, NULL, 6, '2024-09-30 18:21:04'),
(690, 14, 44, '6.2', 'yes', 100, 0, 100, '0.00000', '0.00000', '0.00000', NULL, NULL, NULL, NULL, NULL, NULL, NULL, NULL, NULL, NULL, 6, '2024-09-30 18:21:04'),
(691, 14, 44, '6.3', 'yes', 100, 0, 100, '0.00000', '0.00000', '0.00000', NULL, NULL, NULL, NULL, NULL, NULL, NULL, NULL, NULL, NULL, 6, '2024-09-30 18:21:04'),
(692, 14, 44, '6.4', 'yes', 100, 0, 100, '0.00000', '0.00000', '0.00000', NULL, NULL, NULL, NULL, NULL, NULL, NULL, NULL, NULL, NULL, 6, '2024-09-30 18:21:04'),
(693, 14, 44, '6.5', 'yes', 100, 0, 100, '0.00000', '0.00000', '0.00000', NULL, NULL, NULL, NULL, NULL, NULL, NULL, NULL, NULL, NULL, 6, '2024-09-30 18:21:04'),
(694, 14, 44, '6.6', 'yes', 100, 0, 100, '0.00000', '0.00000', '0.00000', NULL, NULL, NULL, NULL, NULL, NULL, NULL, NULL, NULL, NULL, 6, '2024-09-30 18:21:04'),
(695, 14, 44, '6.7', 'yes', 100, 0, 100, '0.00000', '0.00000', '0.00000', NULL, NULL, NULL, NULL, NULL, NULL, NULL, NULL, NULL, NULL, 6, '2024-09-30 18:21:04'),
(696, 14, 44, '6.8', 'yes', 100, 0, 100, '0.00000', '0.00000', '0.00000', NULL, NULL, NULL, NULL, NULL, NULL, NULL, NULL, NULL, NULL, 6, '2024-09-30 18:21:04'),
(697, 14, 44, '7.1', 'yes', 100, 0, 100, '0.00000', '0.00000', '0.00000', NULL, NULL, NULL, NULL, NULL, NULL, NULL, NULL, NULL, NULL, 6, '2024-09-30 18:21:04'),
(698, 14, 44, '7.2', 'yes', 100, 0, 100, '0.00000', '0.00000', '0.00000', NULL, NULL, NULL, NULL, NULL, NULL, NULL, NULL, NULL, NULL, 6, '2024-09-30 18:21:04'),
(699, 14, 44, '7.3', 'yes', 100, 0, 100, '0.00000', '0.00000', '0.00000', NULL, NULL, NULL, NULL, NULL, NULL, NULL, NULL, NULL, NULL, 6, '2024-09-30 18:21:04'),
(700, 14, 44, '7.4', 'yes', 100, 0, 100, '0.00000', '0.00000', '0.00000', NULL, NULL, NULL, NULL, NULL, NULL, NULL, NULL, NULL, NULL, 6, '2024-09-30 18:21:04'),
(701, 14, 44, '7.5', 'yes', 100, 0, 100, '0.00000', '0.00000', '0.00000', NULL, NULL, NULL, NULL, NULL, NULL, NULL, NULL, NULL, NULL, 6, '2024-09-30 18:21:04'),
(702, 14, 44, '7.6', 'yes', 100, 0, 100, '0.00000', '0.00000', '0.00000', NULL, NULL, NULL, NULL, NULL, NULL, NULL, NULL, NULL, NULL, 6, '2024-09-30 18:21:04'),
(703, 14, 44, '7.7', 'yes', 100, 0, 100, '0.00000', '0.00000', '0.00000', NULL, NULL, NULL, NULL, NULL, NULL, NULL, NULL, NULL, NULL, 6, '2024-09-30 18:21:04'),
(704, 14, 44, '7.8', 'yes', 100, 0, 100, '0.00000', '0.00000', '0.00000', NULL, NULL, NULL, NULL, NULL, NULL, NULL, NULL, NULL, NULL, 6, '2024-09-30 18:21:04'),
(705, 14, 44, '7.9', 'yes', 100, 0, 100, '0.00000', '0.00000', '0.00000', NULL, NULL, NULL, NULL, NULL, NULL, NULL, NULL, NULL, NULL, 6, '2024-09-30 18:21:04'),
(706, 14, 44, '7.10', 'yes', 100, 0, 100, '0.00000', '0.00000', '0.00000', NULL, NULL, NULL, NULL, NULL, NULL, NULL, NULL, NULL, NULL, 6, '2024-09-30 18:21:04'),
(707, 14, 44, '7.11', 'yes', 100, 0, 100, '0.00000', '0.00000', '0.00000', NULL, NULL, NULL, NULL, NULL, NULL, NULL, NULL, NULL, NULL, 6, '2024-09-30 18:21:04'),
(708, 14, 44, '7.12', 'yes', 100, 0, 100, '0.00000', '0.00000', '0.00000', NULL, NULL, NULL, NULL, NULL, NULL, NULL, NULL, NULL, NULL, 6, '2024-09-30 18:21:04'),
(709, 14, 44, '7.13', 'yes', 100, 0, 100, '0.00000', '0.00000', '0.00000', NULL, NULL, NULL, NULL, NULL, NULL, NULL, NULL, NULL, NULL, 6, '2024-09-30 18:21:04'),
(710, 14, 44, '7.14', 'yes', 100, 0, 100, '0.00000', '0.00000', '0.00000', NULL, NULL, NULL, NULL, NULL, NULL, NULL, NULL, NULL, NULL, 6, '2024-09-30 18:21:04'),
(711, 14, 44, '8.1', 'yes', 100, 0, 100, '0.00000', '0.00000', '0.00000', NULL, NULL, NULL, NULL, NULL, NULL, NULL, NULL, NULL, NULL, 6, '2024-09-30 18:21:04'),
(712, 14, 44, '8.2', 'yes', 100, 0, 100, '0.00000', '0.00000', '0.00000', NULL, NULL, NULL, NULL, NULL, NULL, NULL, NULL, NULL, NULL, 6, '2024-09-30 18:21:04'),
(713, 14, 44, '8.3', 'yes', 100, 0, 100, '0.00000', '0.00000', '0.00000', NULL, NULL, NULL, NULL, NULL, NULL, NULL, NULL, NULL, NULL, 6, '2024-09-30 18:21:04'),
(714, 14, 44, '8.4', 'yes', 100, 0, 100, '0.00000', '0.00000', '0.00000', NULL, NULL, NULL, NULL, NULL, NULL, NULL, NULL, NULL, NULL, 6, '2024-09-30 18:21:04'),
(715, 14, 44, '8.5', 'yes', 100, 0, 100, '0.00000', '0.00000', '0.00000', NULL, NULL, NULL, NULL, NULL, NULL, NULL, NULL, NULL, NULL, 6, '2024-09-30 18:21:04'),
(716, 14, 44, '8.6', 'yes', 100, 0, 100, '0.00000', '0.00000', '0.00000', NULL, NULL, NULL, NULL, NULL, NULL, NULL, NULL, NULL, NULL, 6, '2024-09-30 18:21:04'),
(717, 14, 44, '8.7', 'yes', 100, 0, 100, '0.00000', '0.00000', '0.00000', NULL, NULL, NULL, NULL, NULL, NULL, NULL, NULL, NULL, NULL, 6, '2024-09-30 18:21:04'),
(718, 14, 44, '8.8', 'yes', 100, 0, 100, '0.00000', '0.00000', '0.00000', NULL, NULL, NULL, NULL, NULL, NULL, NULL, NULL, NULL, NULL, 6, '2024-09-30 18:21:04'),
(719, 14, 44, '8.9', 'yes', 100, 0, 100, '0.00000', '0.00000', '0.00000', NULL, NULL, NULL, NULL, NULL, NULL, NULL, NULL, NULL, NULL, 6, '2024-09-30 18:21:04'),
(720, 14, 44, '8.10', 'yes', 100, 0, 100, '0.00000', '0.00000', '0.00000', NULL, NULL, NULL, NULL, NULL, NULL, NULL, NULL, NULL, NULL, 6, '2024-09-30 18:21:04'),
(721, 14, 44, '8.11', 'yes', 100, 0, 100, '0.00000', '0.00000', '0.00000', NULL, NULL, NULL, NULL, NULL, NULL, NULL, NULL, NULL, NULL, 6, '2024-09-30 18:21:04'),
(722, 14, 44, '8.12', 'yes', 100, 0, 100, '0.00000', '0.00000', '0.00000', NULL, NULL, NULL, NULL, NULL, NULL, NULL, NULL, NULL, NULL, 6, '2024-09-30 18:21:04'),
(723, 14, 44, '8.13', 'yes', 100, 0, 100, '0.00000', '0.00000', '0.00000', NULL, NULL, NULL, NULL, NULL, NULL, NULL, NULL, NULL, NULL, 6, '2024-09-30 18:21:04'),
(724, 14, 44, '8.14', 'yes', 100, 0, 100, '0.00000', '0.00000', '0.00000', NULL, NULL, NULL, NULL, NULL, NULL, NULL, NULL, NULL, NULL, 6, '2024-09-30 18:21:04'),
(725, 14, 44, '8.15', 'yes', 100, 0, 100, '0.00000', '0.00000', '0.00000', NULL, NULL, NULL, NULL, NULL, NULL, NULL, NULL, NULL, NULL, 6, '2024-09-30 18:21:04'),
(726, 14, 44, '8.16', 'yes', 100, 0, 100, '0.00000', '0.00000', '0.00000', NULL, NULL, NULL, NULL, NULL, NULL, NULL, NULL, NULL, NULL, 6, '2024-09-30 18:21:04'),
(727, 14, 44, '8.17', 'yes', 100, 0, 100, '0.00000', '0.00000', '0.00000', NULL, NULL, NULL, NULL, NULL, NULL, NULL, NULL, NULL, NULL, 6, '2024-09-30 18:21:04'),
(728, 14, 44, '8.18', 'yes', 100, 0, 100, '0.00000', '0.00000', '0.00000', NULL, NULL, NULL, NULL, NULL, NULL, NULL, NULL, NULL, NULL, 6, '2024-09-30 18:21:04'),
(729, 14, 44, '8.19', 'yes', 100, 0, 100, '0.00000', '0.00000', '0.00000', NULL, NULL, NULL, NULL, NULL, NULL, NULL, NULL, NULL, NULL, 6, '2024-09-30 18:21:04'),
(730, 14, 44, '8.20', 'yes', 100, 0, 100, '0.00000', '0.00000', '0.00000', NULL, NULL, NULL, NULL, NULL, NULL, NULL, NULL, NULL, NULL, 6, '2024-09-30 18:21:04'),
(731, 14, 44, '8.21', 'yes', 100, 0, 100, '0.00000', '0.00000', '0.00000', NULL, NULL, NULL, NULL, NULL, NULL, NULL, NULL, NULL, NULL, 6, '2024-09-30 18:21:04'),
(732, 14, 44, '8.22', 'yes', 100, 0, 100, '0.00000', '0.00000', '0.00000', NULL, NULL, NULL, NULL, NULL, NULL, NULL, NULL, NULL, NULL, 6, '2024-09-30 18:21:04'),
(733, 14, 44, '8.23', 'yes', 100, 0, 100, '0.00000', '0.00000', '0.00000', NULL, NULL, NULL, NULL, NULL, NULL, NULL, NULL, NULL, NULL, 6, '2024-09-30 18:21:04'),
(734, 14, 44, '8.24', 'yes', 100, 0, 100, '0.00000', '0.00000', '0.00000', NULL, NULL, NULL, NULL, NULL, NULL, NULL, NULL, NULL, NULL, 6, '2024-09-30 18:21:04'),
(735, 14, 44, '8.25', 'yes', 100, 0, 100, '0.00000', '0.00000', '0.00000', NULL, NULL, NULL, NULL, NULL, NULL, NULL, NULL, NULL, NULL, 6, '2024-09-30 18:21:04'),
(736, 14, 44, '8.26', 'yes', 100, 0, 100, '0.00000', '0.00000', '0.00000', NULL, NULL, NULL, NULL, NULL, NULL, NULL, NULL, NULL, NULL, 6, '2024-09-30 18:21:04'),
(737, 14, 44, '8.27', 'yes', 100, 0, 100, '0.00000', '0.00000', '0.00000', NULL, NULL, NULL, NULL, NULL, NULL, NULL, NULL, NULL, NULL, 6, '2024-09-30 18:21:04'),
(738, 14, 44, '8.28', 'yes', 100, 0, 100, '0.00000', '0.00000', '0.00000', NULL, NULL, NULL, NULL, NULL, NULL, NULL, NULL, NULL, NULL, 6, '2024-09-30 18:21:04'),
(739, 14, 44, '8.29', 'yes', 100, 0, 100, '0.00000', '0.00000', '0.00000', NULL, NULL, NULL, NULL, NULL, NULL, NULL, NULL, NULL, NULL, 6, '2024-09-30 18:21:04'),
(740, 14, 44, '8.30', 'yes', 100, 0, 100, '0.00000', '0.00000', '0.00000', NULL, NULL, NULL, NULL, NULL, NULL, NULL, NULL, NULL, NULL, 6, '2024-09-30 18:21:04'),
(741, 14, 44, '8.31', 'yes', 100, 0, 100, '0.00000', '0.00000', '0.00000', NULL, NULL, NULL, NULL, NULL, NULL, NULL, NULL, NULL, NULL, 6, '2024-09-30 18:21:04'),
(742, 14, 44, '8.32', 'yes', 100, 0, 100, '0.00000', '0.00000', '0.00000', NULL, NULL, NULL, NULL, NULL, NULL, NULL, NULL, NULL, NULL, 6, '2024-09-30 18:21:04'),
(743, 14, 44, '8.33', 'yes', 100, 0, 100, '0.00000', '0.00000', '0.00000', NULL, NULL, NULL, NULL, NULL, NULL, NULL, NULL, NULL, NULL, 6, '2024-09-30 18:21:04'),
(744, 14, 44, '8.34', 'yes', 100, 0, 100, '0.00000', '0.00000', '0.00000', NULL, NULL, NULL, NULL, NULL, NULL, NULL, NULL, NULL, NULL, 6, '2024-09-30 18:21:04'),
(745, 14, 43, '5.1', 'yes', 50, 50, 100, '5.00000', '2.50000', '5.00000', NULL, NULL, NULL, NULL, NULL, NULL, NULL, NULL, NULL, NULL, 6, '2024-09-30 18:21:19'),
(746, 14, 43, '5.2', 'yes', 100, 0, 100, '0.00000', '0.00000', '0.00000', NULL, NULL, NULL, NULL, NULL, NULL, NULL, NULL, NULL, NULL, 6, '2024-09-30 18:21:20'),
(747, 14, 43, '5.3', 'yes', 100, 0, 100, '0.00000', '0.00000', '0.00000', NULL, NULL, NULL, NULL, NULL, NULL, NULL, NULL, NULL, NULL, 6, '2024-09-30 18:21:20'),
(748, 14, 43, '5.4', 'yes', 100, 0, 100, '0.00000', '0.00000', '0.00000', NULL, NULL, NULL, NULL, NULL, NULL, NULL, NULL, NULL, NULL, 6, '2024-09-30 18:21:20'),
(749, 14, 43, '5.5', 'yes', 100, 0, 100, '0.00000', '0.00000', '0.00000', NULL, NULL, NULL, NULL, NULL, NULL, NULL, NULL, NULL, NULL, 6, '2024-09-30 18:21:20'),
(750, 14, 43, '5.6', 'yes', 100, 0, 100, '0.00000', '0.00000', '0.00000', NULL, NULL, NULL, NULL, NULL, NULL, NULL, NULL, NULL, NULL, 6, '2024-09-30 18:21:20'),
(751, 14, 43, '5.7', 'yes', 100, 0, 100, '0.00000', '0.00000', '0.00000', NULL, NULL, NULL, NULL, NULL, NULL, NULL, NULL, NULL, NULL, 6, '2024-09-30 18:21:20'),
(752, 14, 43, '5.8', 'yes', 100, 0, 100, '0.00000', '0.00000', '0.00000', NULL, NULL, NULL, NULL, NULL, NULL, NULL, NULL, NULL, NULL, 6, '2024-09-30 18:21:20'),
(753, 14, 43, '5.9', 'yes', 100, 0, 100, '0.00000', '0.00000', '0.00000', NULL, NULL, NULL, NULL, NULL, NULL, NULL, NULL, NULL, NULL, 6, '2024-09-30 18:21:20'),
(754, 14, 43, '5.10', 'yes', 100, 0, 100, '0.00000', '0.00000', '0.00000', NULL, NULL, NULL, NULL, NULL, NULL, NULL, NULL, NULL, NULL, 6, '2024-09-30 18:21:20'),
(755, 14, 43, '5.11', 'yes', 100, 0, 100, '0.00000', '0.00000', '0.00000', NULL, NULL, NULL, NULL, NULL, NULL, NULL, NULL, NULL, NULL, 6, '2024-09-30 18:21:20'),
(756, 14, 43, '5.12', 'yes', 100, 0, 100, '0.00000', '0.00000', '0.00000', NULL, NULL, NULL, NULL, NULL, NULL, NULL, NULL, NULL, NULL, 6, '2024-09-30 18:21:20'),
(757, 14, 43, '5.13', 'yes', 100, 0, 100, '0.00000', '0.00000', '0.00000', NULL, NULL, NULL, NULL, NULL, NULL, NULL, NULL, NULL, NULL, 6, '2024-09-30 18:21:20'),
(758, 14, 43, '5.14', 'yes', 100, 0, 100, '0.00000', '0.00000', '0.00000', NULL, NULL, NULL, NULL, NULL, NULL, NULL, NULL, NULL, NULL, 6, '2024-09-30 18:21:20'),
(759, 14, 43, '5.15', 'yes', 100, 0, 100, '0.00000', '0.00000', '0.00000', NULL, NULL, NULL, NULL, NULL, NULL, NULL, NULL, NULL, NULL, 6, '2024-09-30 18:21:20'),
(760, 14, 43, '5.16', 'yes', 100, 0, 100, '0.00000', '0.00000', '0.00000', NULL, NULL, NULL, NULL, NULL, NULL, NULL, NULL, NULL, NULL, 6, '2024-09-30 18:21:20'),
(761, 14, 43, '5.17', 'yes', 100, 0, 100, '0.00000', '0.00000', '0.00000', NULL, NULL, NULL, NULL, NULL, NULL, NULL, NULL, NULL, NULL, 6, '2024-09-30 18:21:20'),
(762, 14, 43, '5.18', 'yes', 100, 0, 100, '0.00000', '0.00000', '0.00000', NULL, NULL, NULL, NULL, NULL, NULL, NULL, NULL, NULL, NULL, 6, '2024-09-30 18:21:20'),
(763, 14, 43, '5.19', 'yes', 100, 0, 100, '0.00000', '0.00000', '0.00000', NULL, NULL, NULL, NULL, NULL, NULL, NULL, NULL, NULL, NULL, 6, '2024-09-30 18:21:20'),
(764, 14, 43, '5.20', 'yes', 100, 0, 100, '0.00000', '0.00000', '0.00000', NULL, NULL, NULL, NULL, NULL, NULL, NULL, NULL, NULL, NULL, 6, '2024-09-30 18:21:20'),
(765, 14, 43, '5.21', 'yes', 100, 0, 100, '0.00000', '0.00000', '0.00000', NULL, NULL, NULL, NULL, NULL, NULL, NULL, NULL, NULL, NULL, 6, '2024-09-30 18:21:20'),
(766, 14, 43, '5.22', 'yes', 100, 0, 100, '0.00000', '0.00000', '0.00000', NULL, NULL, NULL, NULL, NULL, NULL, NULL, NULL, NULL, NULL, 6, '2024-09-30 18:21:20'),
(767, 14, 43, '5.23', 'yes', 100, 0, 100, '0.00000', '0.00000', '0.00000', NULL, NULL, NULL, NULL, NULL, NULL, NULL, NULL, NULL, NULL, 6, '2024-09-30 18:21:20'),
(768, 14, 43, '5.24', 'yes', 100, 0, 100, '0.00000', '0.00000', '0.00000', NULL, NULL, NULL, NULL, NULL, NULL, NULL, NULL, NULL, NULL, 6, '2024-09-30 18:21:20'),
(769, 14, 43, '5.25', 'yes', 100, 0, 100, '0.00000', '0.00000', '0.00000', NULL, NULL, NULL, NULL, NULL, NULL, NULL, NULL, NULL, NULL, 6, '2024-09-30 18:21:20'),
(770, 14, 43, '5.26', 'yes', 100, 0, 100, '0.00000', '0.00000', '0.00000', NULL, NULL, NULL, NULL, NULL, NULL, NULL, NULL, NULL, NULL, 6, '2024-09-30 18:21:20'),
(771, 14, 43, '5.27', 'yes', 100, 0, 100, '0.00000', '0.00000', '0.00000', NULL, NULL, NULL, NULL, NULL, NULL, NULL, NULL, NULL, NULL, 6, '2024-09-30 18:21:20'),
(772, 14, 43, '5.28', 'yes', 100, 0, 100, '0.00000', '0.00000', '0.00000', NULL, NULL, NULL, NULL, NULL, NULL, NULL, NULL, NULL, NULL, 6, '2024-09-30 18:21:20'),
(773, 14, 43, '5.29', 'yes', 100, 0, 100, '0.00000', '0.00000', '0.00000', NULL, NULL, NULL, NULL, NULL, NULL, NULL, NULL, NULL, NULL, 6, '2024-09-30 18:21:20'),
(774, 14, 43, '5.30', 'yes', 100, 0, 100, '0.00000', '0.00000', '0.00000', NULL, NULL, NULL, NULL, NULL, NULL, NULL, NULL, NULL, NULL, 6, '2024-09-30 18:21:20'),
(775, 14, 43, '5.31', 'yes', 100, 0, 100, '0.00000', '0.00000', '0.00000', NULL, NULL, NULL, NULL, NULL, NULL, NULL, NULL, NULL, NULL, 6, '2024-09-30 18:21:20'),
(776, 14, 43, '5.32', 'yes', 100, 0, 100, '0.00000', '0.00000', '0.00000', NULL, NULL, NULL, NULL, NULL, NULL, NULL, NULL, NULL, NULL, 6, '2024-09-30 18:21:20'),
(777, 14, 43, '5.33', 'yes', 100, 0, 100, '0.00000', '0.00000', '0.00000', NULL, NULL, NULL, NULL, NULL, NULL, NULL, NULL, NULL, NULL, 6, '2024-09-30 18:21:20'),
(778, 14, 43, '5.34', 'yes', 100, 0, 100, '0.00000', '0.00000', '0.00000', NULL, NULL, NULL, NULL, NULL, NULL, NULL, NULL, NULL, NULL, 6, '2024-09-30 18:21:20'),
(779, 14, 43, '5.35', 'yes', 100, 0, 100, '0.00000', '0.00000', '0.00000', NULL, NULL, NULL, NULL, NULL, NULL, NULL, NULL, NULL, NULL, 6, '2024-09-30 18:21:20'),
(780, 14, 43, '5.36', 'yes', 100, 0, 100, '0.00000', '0.00000', '0.00000', NULL, NULL, NULL, NULL, NULL, NULL, NULL, NULL, NULL, NULL, 6, '2024-09-30 18:21:20'),
(781, 14, 43, '5.37', 'yes', 100, 0, 100, '0.00000', '0.00000', '0.00000', NULL, NULL, NULL, NULL, NULL, NULL, NULL, NULL, NULL, NULL, 6, '2024-09-30 18:21:20'),
(782, 14, 43, '6.1', 'yes', 100, 0, 100, '0.00000', '0.00000', '0.00000', NULL, NULL, NULL, NULL, NULL, NULL, NULL, NULL, NULL, NULL, 6, '2024-09-30 18:21:20'),
(783, 14, 43, '6.2', 'yes', 100, 0, 100, '0.00000', '0.00000', '0.00000', NULL, NULL, NULL, NULL, NULL, NULL, NULL, NULL, NULL, NULL, 6, '2024-09-30 18:21:20'),
(784, 14, 43, '6.3', 'yes', 100, 0, 100, '0.00000', '0.00000', '0.00000', NULL, NULL, NULL, NULL, NULL, NULL, NULL, NULL, NULL, NULL, 6, '2024-09-30 18:21:20'),
(785, 14, 43, '6.4', 'yes', 100, 0, 100, '0.00000', '0.00000', '0.00000', NULL, NULL, NULL, NULL, NULL, NULL, NULL, NULL, NULL, NULL, 6, '2024-09-30 18:21:20'),
(786, 14, 43, '6.5', 'yes', 100, 0, 100, '0.00000', '0.00000', '0.00000', NULL, NULL, NULL, NULL, NULL, NULL, NULL, NULL, NULL, NULL, 6, '2024-09-30 18:21:20'),
(787, 14, 43, '6.6', 'yes', 100, 0, 100, '0.00000', '0.00000', '0.00000', NULL, NULL, NULL, NULL, NULL, NULL, NULL, NULL, NULL, NULL, 6, '2024-09-30 18:21:20'),
(788, 14, 43, '6.7', 'yes', 100, 0, 100, '0.00000', '0.00000', '0.00000', NULL, NULL, NULL, NULL, NULL, NULL, NULL, NULL, NULL, NULL, 6, '2024-09-30 18:21:20'),
(789, 14, 43, '6.8', 'yes', 100, 0, 100, '0.00000', '0.00000', '0.00000', NULL, NULL, NULL, NULL, NULL, NULL, NULL, NULL, NULL, NULL, 6, '2024-09-30 18:21:20'),
(790, 14, 43, '7.1', 'yes', 100, 0, 100, '0.00000', '0.00000', '0.00000', NULL, NULL, NULL, NULL, NULL, NULL, NULL, NULL, NULL, NULL, 6, '2024-09-30 18:21:20'),
(791, 14, 43, '7.2', 'yes', 100, 0, 100, '0.00000', '0.00000', '0.00000', NULL, NULL, NULL, NULL, NULL, NULL, NULL, NULL, NULL, NULL, 6, '2024-09-30 18:21:20'),
(792, 14, 43, '7.3', 'yes', 100, 0, 100, '0.00000', '0.00000', '0.00000', NULL, NULL, NULL, NULL, NULL, NULL, NULL, NULL, NULL, NULL, 6, '2024-09-30 18:21:20'),
(793, 14, 43, '7.4', 'yes', 100, 0, 100, '0.00000', '0.00000', '0.00000', NULL, NULL, NULL, NULL, NULL, NULL, NULL, NULL, NULL, NULL, 6, '2024-09-30 18:21:20'),
(794, 14, 43, '7.5', 'yes', 100, 0, 100, '0.00000', '0.00000', '0.00000', NULL, NULL, NULL, NULL, NULL, NULL, NULL, NULL, NULL, NULL, 6, '2024-09-30 18:21:20'),
(795, 14, 43, '7.6', 'yes', 100, 0, 100, '0.00000', '0.00000', '0.00000', NULL, NULL, NULL, NULL, NULL, NULL, NULL, NULL, NULL, NULL, 6, '2024-09-30 18:21:20'),
(796, 14, 43, '7.7', 'yes', 100, 0, 100, '0.00000', '0.00000', '0.00000', NULL, NULL, NULL, NULL, NULL, NULL, NULL, NULL, NULL, NULL, 6, '2024-09-30 18:21:20'),
(797, 14, 43, '7.8', 'yes', 100, 0, 100, '0.00000', '0.00000', '0.00000', NULL, NULL, NULL, NULL, NULL, NULL, NULL, NULL, NULL, NULL, 6, '2024-09-30 18:21:20'),
(798, 14, 43, '7.9', 'yes', 100, 0, 100, '0.00000', '0.00000', '0.00000', NULL, NULL, NULL, NULL, NULL, NULL, NULL, NULL, NULL, NULL, 6, '2024-09-30 18:21:20'),
(799, 14, 43, '7.10', 'yes', 100, 0, 100, '0.00000', '0.00000', '0.00000', NULL, NULL, NULL, NULL, NULL, NULL, NULL, NULL, NULL, NULL, 6, '2024-09-30 18:21:20'),
(800, 14, 43, '7.11', 'yes', 100, 0, 100, '0.00000', '0.00000', '0.00000', NULL, NULL, NULL, NULL, NULL, NULL, NULL, NULL, NULL, NULL, 6, '2024-09-30 18:21:20'),
(801, 14, 43, '7.12', 'yes', 100, 0, 100, '0.00000', '0.00000', '0.00000', NULL, NULL, NULL, NULL, NULL, NULL, NULL, NULL, NULL, NULL, 6, '2024-09-30 18:21:20'),
(802, 14, 43, '7.13', 'yes', 100, 0, 100, '0.00000', '0.00000', '0.00000', NULL, NULL, NULL, NULL, NULL, NULL, NULL, NULL, NULL, NULL, 6, '2024-09-30 18:21:20'),
(803, 14, 43, '7.14', 'yes', 100, 0, 100, '0.00000', '0.00000', '0.00000', NULL, NULL, NULL, NULL, NULL, NULL, NULL, NULL, NULL, NULL, 6, '2024-09-30 18:21:20'),
(804, 14, 43, '8.1', 'yes', 100, 0, 100, '0.00000', '0.00000', '0.00000', NULL, NULL, NULL, NULL, NULL, NULL, NULL, NULL, NULL, NULL, 6, '2024-09-30 18:21:20'),
(805, 14, 43, '8.2', 'yes', 100, 0, 100, '0.00000', '0.00000', '0.00000', NULL, NULL, NULL, NULL, NULL, NULL, NULL, NULL, NULL, NULL, 6, '2024-09-30 18:21:20'),
(806, 14, 43, '8.3', 'yes', 100, 0, 100, '0.00000', '0.00000', '0.00000', NULL, NULL, NULL, NULL, NULL, NULL, NULL, NULL, NULL, NULL, 6, '2024-09-30 18:21:20');
INSERT INTO `iso_risk_treatment` (`assessment_id`, `project_id`, `asset_id`, `control_num`, `applicability`, `control_compliance`, `vulnerability`, `threat`, `risk_level`, `risk_integrity`, `risk_availability`, `residual_risk_treatment`, `treatment_action`, `treatment_target_date`, `treatment_comp_date`, `responsibility_for_treatment`, `acceptance_justification`, `acceptance_target_date`, `acceptance_actual_date`, `acceptance_proposed_responsibility`, `accepted_by`, `last_edited_by`, `last_edited_at`) VALUES
(807, 14, 43, '8.4', 'yes', 100, 0, 100, '0.00000', '0.00000', '0.00000', NULL, NULL, NULL, NULL, NULL, NULL, NULL, NULL, NULL, NULL, 6, '2024-09-30 18:21:20'),
(808, 14, 43, '8.5', 'yes', 100, 0, 100, '0.00000', '0.00000', '0.00000', NULL, NULL, NULL, NULL, NULL, NULL, NULL, NULL, NULL, NULL, 6, '2024-09-30 18:21:20'),
(809, 14, 43, '8.6', 'yes', 100, 0, 100, '0.00000', '0.00000', '0.00000', NULL, NULL, NULL, NULL, NULL, NULL, NULL, NULL, NULL, NULL, 6, '2024-09-30 18:21:20'),
(810, 14, 43, '8.7', 'yes', 100, 0, 100, '0.00000', '0.00000', '0.00000', NULL, NULL, NULL, NULL, NULL, NULL, NULL, NULL, NULL, NULL, 6, '2024-09-30 18:21:20'),
(811, 14, 43, '8.8', 'yes', 100, 0, 100, '0.00000', '0.00000', '0.00000', NULL, NULL, NULL, NULL, NULL, NULL, NULL, NULL, NULL, NULL, 6, '2024-09-30 18:21:20'),
(812, 14, 43, '8.9', 'yes', 100, 0, 100, '0.00000', '0.00000', '0.00000', NULL, NULL, NULL, NULL, NULL, NULL, NULL, NULL, NULL, NULL, 6, '2024-09-30 18:21:20'),
(813, 14, 43, '8.10', 'yes', 100, 0, 100, '0.00000', '0.00000', '0.00000', NULL, NULL, NULL, NULL, NULL, NULL, NULL, NULL, NULL, NULL, 6, '2024-09-30 18:21:20'),
(814, 14, 43, '8.11', 'yes', 100, 0, 100, '0.00000', '0.00000', '0.00000', NULL, NULL, NULL, NULL, NULL, NULL, NULL, NULL, NULL, NULL, 6, '2024-09-30 18:21:20'),
(815, 14, 43, '8.12', 'yes', 100, 0, 100, '0.00000', '0.00000', '0.00000', NULL, NULL, NULL, NULL, NULL, NULL, NULL, NULL, NULL, NULL, 6, '2024-09-30 18:21:20'),
(816, 14, 43, '8.13', 'yes', 100, 0, 100, '0.00000', '0.00000', '0.00000', NULL, NULL, NULL, NULL, NULL, NULL, NULL, NULL, NULL, NULL, 6, '2024-09-30 18:21:20'),
(817, 14, 43, '8.14', 'yes', 100, 0, 100, '0.00000', '0.00000', '0.00000', NULL, NULL, NULL, NULL, NULL, NULL, NULL, NULL, NULL, NULL, 6, '2024-09-30 18:21:20'),
(818, 14, 43, '8.15', 'yes', 100, 0, 100, '0.00000', '0.00000', '0.00000', NULL, NULL, NULL, NULL, NULL, NULL, NULL, NULL, NULL, NULL, 6, '2024-09-30 18:21:20'),
(819, 14, 43, '8.16', 'yes', 100, 0, 100, '0.00000', '0.00000', '0.00000', NULL, NULL, NULL, NULL, NULL, NULL, NULL, NULL, NULL, NULL, 6, '2024-09-30 18:21:20'),
(820, 14, 43, '8.17', 'yes', 100, 0, 100, '0.00000', '0.00000', '0.00000', NULL, NULL, NULL, NULL, NULL, NULL, NULL, NULL, NULL, NULL, 6, '2024-09-30 18:21:20'),
(821, 14, 43, '8.18', 'yes', 100, 0, 100, '0.00000', '0.00000', '0.00000', NULL, NULL, NULL, NULL, NULL, NULL, NULL, NULL, NULL, NULL, 6, '2024-09-30 18:21:20'),
(822, 14, 43, '8.19', 'yes', 100, 0, 100, '0.00000', '0.00000', '0.00000', NULL, NULL, NULL, NULL, NULL, NULL, NULL, NULL, NULL, NULL, 6, '2024-09-30 18:21:20'),
(823, 14, 43, '8.20', 'yes', 100, 0, 100, '0.00000', '0.00000', '0.00000', NULL, NULL, NULL, NULL, NULL, NULL, NULL, NULL, NULL, NULL, 6, '2024-09-30 18:21:20'),
(824, 14, 43, '8.21', 'yes', 100, 0, 100, '0.00000', '0.00000', '0.00000', NULL, NULL, NULL, NULL, NULL, NULL, NULL, NULL, NULL, NULL, 6, '2024-09-30 18:21:20'),
(825, 14, 43, '8.22', 'yes', 100, 0, 100, '0.00000', '0.00000', '0.00000', NULL, NULL, NULL, NULL, NULL, NULL, NULL, NULL, NULL, NULL, 6, '2024-09-30 18:21:20'),
(826, 14, 43, '8.23', 'yes', 100, 0, 100, '0.00000', '0.00000', '0.00000', NULL, NULL, NULL, NULL, NULL, NULL, NULL, NULL, NULL, NULL, 6, '2024-09-30 18:21:20'),
(827, 14, 43, '8.24', 'yes', 100, 0, 100, '0.00000', '0.00000', '0.00000', NULL, NULL, NULL, NULL, NULL, NULL, NULL, NULL, NULL, NULL, 6, '2024-09-30 18:21:20'),
(828, 14, 43, '8.25', 'yes', 100, 0, 100, '0.00000', '0.00000', '0.00000', NULL, NULL, NULL, NULL, NULL, NULL, NULL, NULL, NULL, NULL, 6, '2024-09-30 18:21:20'),
(829, 14, 43, '8.26', 'yes', 100, 0, 100, '0.00000', '0.00000', '0.00000', NULL, NULL, NULL, NULL, NULL, NULL, NULL, NULL, NULL, NULL, 6, '2024-09-30 18:21:20'),
(830, 14, 43, '8.27', 'yes', 100, 0, 100, '0.00000', '0.00000', '0.00000', NULL, NULL, NULL, NULL, NULL, NULL, NULL, NULL, NULL, NULL, 6, '2024-09-30 18:21:20'),
(831, 14, 43, '8.28', 'yes', 100, 0, 100, '0.00000', '0.00000', '0.00000', NULL, NULL, NULL, NULL, NULL, NULL, NULL, NULL, NULL, NULL, 6, '2024-09-30 18:21:20'),
(832, 14, 43, '8.29', 'yes', 100, 0, 100, '0.00000', '0.00000', '0.00000', NULL, NULL, NULL, NULL, NULL, NULL, NULL, NULL, NULL, NULL, 6, '2024-09-30 18:21:20'),
(833, 14, 43, '8.30', 'yes', 100, 0, 100, '0.00000', '0.00000', '0.00000', NULL, NULL, NULL, NULL, NULL, NULL, NULL, NULL, NULL, NULL, 6, '2024-09-30 18:21:20'),
(834, 14, 43, '8.31', 'yes', 100, 0, 100, '0.00000', '0.00000', '0.00000', NULL, NULL, NULL, NULL, NULL, NULL, NULL, NULL, NULL, NULL, 6, '2024-09-30 18:21:20'),
(835, 14, 43, '8.32', 'yes', 100, 0, 100, '0.00000', '0.00000', '0.00000', NULL, NULL, NULL, NULL, NULL, NULL, NULL, NULL, NULL, NULL, 6, '2024-09-30 18:21:20'),
(836, 14, 43, '8.33', 'yes', 100, 0, 100, '0.00000', '0.00000', '0.00000', NULL, NULL, NULL, NULL, NULL, NULL, NULL, NULL, NULL, NULL, 6, '2024-09-30 18:21:20'),
(837, 14, 43, '8.34', 'yes', 100, 0, 100, '0.00000', '0.00000', '0.00000', NULL, NULL, NULL, NULL, NULL, NULL, NULL, NULL, NULL, NULL, 6, '2024-09-30 18:21:20');

-- --------------------------------------------------------

--
-- Table structure for table `iso_sec2_4_a5`
--

CREATE TABLE `iso_sec2_4_a5` (
  `assessment_id` int(11) NOT NULL,
  `project_id` int(11) DEFAULT NULL,
  `asset_id` int(11) NOT NULL,
  `control_num` varchar(100) COLLATE utf8mb4_unicode_ci NOT NULL,
  `justification` varchar(3000) COLLATE utf8mb4_unicode_ci DEFAULT NULL,
  `ref_of_risk` varchar(3000) COLLATE utf8mb4_unicode_ci DEFAULT NULL,
  `last_edited_by` bigint(20) UNSIGNED DEFAULT NULL,
  `last_edited_at` datetime NOT NULL
) ENGINE=InnoDB DEFAULT CHARSET=utf8mb4 COLLATE=utf8mb4_unicode_ci;

-- --------------------------------------------------------

--
-- Table structure for table `iso_sec2_4_a6`
--

CREATE TABLE `iso_sec2_4_a6` (
  `assessment_id` int(11) NOT NULL,
  `project_id` int(11) DEFAULT NULL,
  `asset_id` int(11) NOT NULL,
  `control_num` varchar(100) COLLATE utf8mb4_unicode_ci NOT NULL,
  `justification` varchar(3000) COLLATE utf8mb4_unicode_ci DEFAULT NULL,
  `ref_of_risk` varchar(3000) COLLATE utf8mb4_unicode_ci DEFAULT NULL,
  `last_edited_by` bigint(20) UNSIGNED DEFAULT NULL,
  `last_edited_at` datetime NOT NULL
) ENGINE=InnoDB DEFAULT CHARSET=utf8mb4 COLLATE=utf8mb4_unicode_ci;

-- --------------------------------------------------------

--
-- Table structure for table `iso_sec2_4_a7`
--

CREATE TABLE `iso_sec2_4_a7` (
  `assessment_id` int(11) NOT NULL,
  `project_id` int(11) DEFAULT NULL,
  `asset_id` int(11) NOT NULL,
  `control_num` varchar(100) COLLATE utf8mb4_unicode_ci NOT NULL,
  `justification` varchar(3000) COLLATE utf8mb4_unicode_ci DEFAULT NULL,
  `ref_of_risk` varchar(3000) COLLATE utf8mb4_unicode_ci DEFAULT NULL,
  `last_edited_by` bigint(20) UNSIGNED DEFAULT NULL,
  `last_edited_at` datetime NOT NULL
) ENGINE=InnoDB DEFAULT CHARSET=utf8mb4 COLLATE=utf8mb4_unicode_ci;

-- --------------------------------------------------------

--
-- Table structure for table `iso_sec2_4_a8`
--

CREATE TABLE `iso_sec2_4_a8` (
  `assessment_id` int(11) NOT NULL,
  `project_id` int(11) DEFAULT NULL,
  `asset_id` int(11) NOT NULL,
  `control_num` varchar(100) COLLATE utf8mb4_unicode_ci NOT NULL,
  `justification` varchar(3000) COLLATE utf8mb4_unicode_ci DEFAULT NULL,
  `ref_of_risk` varchar(3000) COLLATE utf8mb4_unicode_ci DEFAULT NULL,
  `last_edited_by` bigint(20) UNSIGNED DEFAULT NULL,
  `last_edited_at` datetime NOT NULL
) ENGINE=InnoDB DEFAULT CHARSET=utf8mb4 COLLATE=utf8mb4_unicode_ci;

-- --------------------------------------------------------

--
-- Table structure for table `iso_sec_2_1`
--

CREATE TABLE `iso_sec_2_1` (
  `assessment_id` int(11) NOT NULL,
  `project_id` int(11) DEFAULT NULL,
  `g_name` varchar(100) COLLATE utf8mb4_unicode_ci NOT NULL,
  `name` varchar(100) COLLATE utf8mb4_unicode_ci NOT NULL,
  `c_name` varchar(100) COLLATE utf8mb4_unicode_ci NOT NULL,
  `s_name` varchar(100) COLLATE utf8mb4_unicode_ci NOT NULL,
  `owner_dept` varchar(300) COLLATE utf8mb4_unicode_ci NOT NULL,
  `physical_loc` varchar(300) COLLATE utf8mb4_unicode_ci NOT NULL,
  `logical_loc` varchar(300) COLLATE utf8mb4_unicode_ci NOT NULL,
  `risk_confidentiality` int(11) NOT NULL DEFAULT 10,
  `risk_integrity` int(11) NOT NULL DEFAULT 10,
  `risk_availability` int(11) NOT NULL DEFAULT 10,
  `last_edited_by` bigint(20) UNSIGNED DEFAULT NULL,
  `last_edited_at` datetime NOT NULL
) ENGINE=InnoDB DEFAULT CHARSET=utf8mb4 COLLATE=utf8mb4_unicode_ci;

--
-- Dumping data for table `iso_sec_2_1`
--

INSERT INTO `iso_sec_2_1` (`assessment_id`, `project_id`, `g_name`, `name`, `c_name`, `s_name`, `owner_dept`, `physical_loc`, `logical_loc`, `risk_confidentiality`, `risk_integrity`, `risk_availability`, `last_edited_by`, `last_edited_at`) VALUES
(35, 11, 'AssetG1', 'Asset1', 'Component1', 'Service1', 'Owner1', 'Physical1', 'Logical1', 10, 5, 5, 6, '2024-09-13 11:00:44'),
(36, 11, 'Group1', 'Asset1', 'Component2', 'Service1', 'dfdd', 'Physical1', 'Logical1', 10, 5, 5, 6, '2024-09-13 11:01:04'),
(37, 11, 'Group2', 'Asset2', 'Component3', 'Service2', 'dfdd', 'fdfddf', 'Logical1', 10, 5, 10, 6, '2024-09-13 11:01:28'),
(41, 13, 'AssetG1', 'Asset1', 'Component1', 'Service1', 'Owner1', 'Physical1', 'Logical1', 10, 1, 5, 6, '2024-09-23 11:56:16'),
(42, 13, 'Group1', 'Asset1', 'Component2', 'Service1', 'dfdd', 'Physical1', 'Logical1', 10, 1, 5, 6, '2024-09-23 11:56:16'),
(43, 14, 'AssetG1', 'Asset1', 'Component1', 'Service1', 'Owner1', 'Physical1', 'Logical1', 10, 5, 10, 6, '2024-09-30 18:19:46'),
(44, 14, 'Asset G2', 'Asset1', 'Component2', 'Service1', 'dfdd', 'Physical1', 'Logical1', 10, 5, 10, 6, '2024-09-30 18:20:02'),
(45, 14, 'Asset G1', 'Asset1', 'Asset C1', 'Service 2', 'Owner1', 'Physical1', '33', 10, 10, 10, 6, '2024-09-30 18:20:31'),
(46, 19, 'Group1', 'Asset1', 'Component1', 'Service 1', 'Owner1', 'Physical1', 'Logical1', 10, 10, 10, 6, '2024-10-15 12:27:47');

-- --------------------------------------------------------

--
-- Table structure for table `iso_sec_2_2`
--

CREATE TABLE `iso_sec_2_2` (
  `assessment_id` int(11) NOT NULL,
  `project_id` int(11) DEFAULT NULL,
  `title_num` int(11) DEFAULT NULL,
  `sub_req` varchar(100) COLLATE utf8mb4_unicode_ci DEFAULT NULL,
  `comp_status` varchar(10) COLLATE utf8mb4_unicode_ci DEFAULT NULL,
  `comments` varchar(3000) COLLATE utf8mb4_unicode_ci DEFAULT NULL,
  `attachment` varchar(1000) COLLATE utf8mb4_unicode_ci DEFAULT NULL,
  `last_edited_by` bigint(20) UNSIGNED DEFAULT NULL,
  `last_edited_at` datetime NOT NULL
) ENGINE=InnoDB DEFAULT CHARSET=utf8mb4 COLLATE=utf8mb4_unicode_ci;

--
-- Dumping data for table `iso_sec_2_2`
--

INSERT INTO `iso_sec_2_2` (`assessment_id`, `project_id`, `title_num`, `sub_req`, `comp_status`, `comments`, `attachment`, `last_edited_by`, `last_edited_at`) VALUES
(4, 19, 3, '1', 'yes', 'optional', '1728982179.jpg', 6, '2024-10-15 14:00:15'),
(5, 19, 3, '2', 'partial', NULL, NULL, 6, '2024-10-15 13:50:10'),
(6, 19, 3, '4', 'yes', NULL, NULL, 6, '2024-10-15 13:59:45'),
(7, 20, 1, '1.1.1', 'partial', 'okok', '1729059018.jpg', 6, '2024-10-16 11:10:18'),
(8, 20, 3, '3.1.1', 'yes', NULL, NULL, 6, '2024-10-16 11:10:45'),
(9, 21, 2, '2-1-1', 'no', 'okok', '1729138878.jpg', 6, '2024-10-17 09:21:31'),
(10, 21, 5, '5-1-1', 'yes', 'pk', NULL, 6, '2024-10-17 09:22:03');

-- --------------------------------------------------------

--
-- Table structure for table `iso_sec_2_3`
--

CREATE TABLE `iso_sec_2_3` (
  `sec2_3_key` int(11) NOT NULL,
  `asset_id` int(11) DEFAULT NULL,
  `project_id` int(11) DEFAULT NULL,
  `asset_value` int(11) NOT NULL,
  `last_edited_by` bigint(20) UNSIGNED DEFAULT NULL,
  `last_edited_at` datetime NOT NULL
) ENGINE=InnoDB DEFAULT CHARSET=utf8mb4 COLLATE=utf8mb4_unicode_ci;

-- --------------------------------------------------------

--
-- Table structure for table `iso_sec_2_3_1`
--

CREATE TABLE `iso_sec_2_3_1` (
  `assessment_id` int(11) NOT NULL,
  `project_id` int(11) DEFAULT NULL,
  `asset_id` int(11) DEFAULT NULL,
  `control_num` varchar(100) COLLATE utf8mb4_unicode_ci DEFAULT NULL,
  `applicability` varchar(16) COLLATE utf8mb4_unicode_ci NOT NULL,
  `control_compliance` int(11) DEFAULT NULL,
  `desc_vulnerability` varchar(500) COLLATE utf8mb4_unicode_ci NOT NULL DEFAULT 'Description of control is fully met',
  `desc_vulnerability_other` varchar(300) COLLATE utf8mb4_unicode_ci DEFAULT NULL,
  `vulnerability` int(11) DEFAULT NULL,
  `desc_threat` varchar(500) COLLATE utf8mb4_unicode_ci NOT NULL DEFAULT 'Asset component is directly publicly exposed',
  `desc_threat_other` varchar(500) COLLATE utf8mb4_unicode_ci DEFAULT NULL,
  `threat` int(11) DEFAULT NULL,
  `risk_level` decimal(11,5) DEFAULT NULL,
  `risk_integrity` decimal(11,5) DEFAULT NULL,
  `risk_availability` decimal(11,5) DEFAULT NULL,
  `desc_risk` longtext CHARACTER SET utf8mb4 COLLATE utf8mb4_bin DEFAULT NULL CHECK (json_valid(`desc_risk`)),
  `desc_risk_other` varchar(500) COLLATE utf8mb4_unicode_ci DEFAULT NULL,
  `residual_risk_treatment` varchar(100) COLLATE utf8mb4_unicode_ci DEFAULT NULL,
  `treatment_action` varchar(1000) COLLATE utf8mb4_unicode_ci DEFAULT NULL,
  `treatment_target_date` date DEFAULT NULL,
  `treatment_comp_date` date DEFAULT NULL,
  `responsibility_for_treatment` bigint(20) UNSIGNED DEFAULT NULL,
  `last_edited_by` bigint(20) UNSIGNED DEFAULT NULL,
  `last_edited_at` datetime NOT NULL
) ENGINE=InnoDB DEFAULT CHARSET=utf8mb4 COLLATE=utf8mb4_unicode_ci;

--
-- Dumping data for table `iso_sec_2_3_1`
--

INSERT INTO `iso_sec_2_3_1` (`assessment_id`, `project_id`, `asset_id`, `control_num`, `applicability`, `control_compliance`, `desc_vulnerability`, `desc_vulnerability_other`, `vulnerability`, `desc_threat`, `desc_threat_other`, `threat`, `risk_level`, `risk_integrity`, `risk_availability`, `desc_risk`, `desc_risk_other`, `residual_risk_treatment`, `treatment_action`, `treatment_target_date`, `treatment_comp_date`, `responsibility_for_treatment`, `last_edited_by`, `last_edited_at`) VALUES
(1, 11, 35, '5.1', 'yes', 1, 'Description of control is fully met', NULL, 99, 'Asset component is directly publicly exposed', NULL, 100, '9.90000', '4.95000', '4.95000', NULL, NULL, NULL, NULL, NULL, NULL, NULL, 6, '2024-10-11 11:36:36'),
(2, 11, 35, '5.2', 'yes', 100, 'Description of control is fully met', NULL, 0, 'Asset component is directly publicly exposed', NULL, 100, '0.00000', '0.00000', '0.00000', NULL, NULL, NULL, NULL, NULL, NULL, NULL, 6, '2024-10-11 11:36:36'),
(3, 11, 35, '5.3', 'yes_to_all', 53, 'Description of control is fully met', NULL, 47, 'Asset component is directly publicly exposed', NULL, 100, '4.70000', '2.35000', '2.35000', NULL, NULL, NULL, NULL, NULL, NULL, NULL, 6, '2024-10-11 11:36:36'),
(4, 11, 36, '5.3', 'yes_to_all', 53, 'Description of control is fully met', NULL, 47, 'Asset component is directly publicly exposed', NULL, 100, '4.70000', '2.35000', '2.35000', NULL, NULL, NULL, NULL, NULL, NULL, NULL, 6, '2024-10-11 11:36:36'),
(5, 11, 35, '5.4', 'yes', 100, 'Description of control is fully met', NULL, 0, 'Asset component is directly publicly exposed', NULL, 100, '0.00000', '0.00000', '0.00000', NULL, NULL, NULL, NULL, NULL, NULL, NULL, 6, '2024-10-11 11:36:36'),
(6, 11, 35, '5.5', 'yes', 100, 'Description of control is fully met', NULL, 0, 'Asset component is directly publicly exposed', NULL, 100, '0.00000', '0.00000', '0.00000', NULL, NULL, NULL, NULL, NULL, NULL, NULL, 6, '2024-10-11 11:36:36'),
(7, 11, 35, '5.6', 'yes', 100, 'Description of control is fully met', NULL, 0, 'Asset component is directly publicly exposed', NULL, 100, '0.00000', '0.00000', '0.00000', NULL, NULL, NULL, NULL, NULL, NULL, NULL, 6, '2024-10-11 11:36:36'),
(8, 11, 35, '5.7', 'yes', 100, 'Description of control is fully met', NULL, 0, 'Asset component is directly publicly exposed', NULL, 100, '0.00000', '0.00000', '0.00000', NULL, NULL, NULL, NULL, NULL, NULL, NULL, 6, '2024-10-11 11:36:36'),
(9, 11, 35, '5.8', 'yes', 100, 'Description of control is fully met', NULL, 0, 'Asset component is directly publicly exposed', NULL, 100, '0.00000', '0.00000', '0.00000', NULL, NULL, NULL, NULL, NULL, NULL, NULL, 6, '2024-10-11 11:36:36'),
(10, 11, 35, '5.9', 'yes', 100, 'Description of control is fully met', NULL, 0, 'Asset component is directly publicly exposed', NULL, 100, '0.00000', '0.00000', '0.00000', NULL, NULL, NULL, NULL, NULL, NULL, NULL, 6, '2024-10-11 11:36:36'),
(11, 11, 35, '5.10', 'yes', 100, 'Description of control is fully met', NULL, 0, 'Asset component is directly publicly exposed', NULL, 100, '0.00000', '0.00000', '0.00000', NULL, NULL, NULL, NULL, NULL, NULL, NULL, 6, '2024-10-11 11:36:36'),
(12, 11, 35, '5.11', 'yes', 100, 'Description of control is fully met', NULL, 0, 'Asset component is directly publicly exposed', NULL, 100, '0.00000', '0.00000', '0.00000', NULL, NULL, NULL, NULL, NULL, NULL, NULL, 6, '2024-10-11 11:36:36'),
(13, 11, 35, '5.12', 'yes', 100, 'Description of control is fully met', NULL, 0, 'Asset component is directly publicly exposed', NULL, 100, '0.00000', '0.00000', '0.00000', NULL, NULL, NULL, NULL, NULL, NULL, NULL, 6, '2024-10-11 11:36:36'),
(14, 11, 35, '5.13', 'yes', 100, 'Description of control is fully met', NULL, 0, 'Asset component is directly publicly exposed', NULL, 100, '0.00000', '0.00000', '0.00000', NULL, NULL, NULL, NULL, NULL, NULL, NULL, 6, '2024-10-11 11:36:36'),
(15, 11, 35, '5.14', 'yes', 100, 'Description of control is fully met', NULL, 0, 'Asset component is directly publicly exposed', NULL, 100, '0.00000', '0.00000', '0.00000', NULL, NULL, NULL, NULL, NULL, NULL, NULL, 6, '2024-10-11 11:36:36'),
(16, 11, 35, '5.15', 'yes', 100, 'Description of control is fully met', NULL, 0, 'Asset component is directly publicly exposed', NULL, 100, '0.00000', '0.00000', '0.00000', NULL, NULL, NULL, NULL, NULL, NULL, NULL, 6, '2024-10-11 11:36:36'),
(17, 11, 35, '5.16', 'yes', 100, 'Description of control is fully met', NULL, 0, 'Asset component is directly publicly exposed', NULL, 100, '0.00000', '0.00000', '0.00000', NULL, NULL, NULL, NULL, NULL, NULL, NULL, 6, '2024-10-11 11:36:36'),
(18, 11, 35, '5.17', 'yes', 100, 'Description of control is fully met', NULL, 0, 'Asset component is directly publicly exposed', NULL, 100, '0.00000', '0.00000', '0.00000', NULL, NULL, NULL, NULL, NULL, NULL, NULL, 6, '2024-10-11 11:36:36'),
(19, 11, 35, '5.18', 'yes', 100, 'Description of control is fully met', NULL, 0, 'Asset component is directly publicly exposed', NULL, 100, '0.00000', '0.00000', '0.00000', NULL, NULL, NULL, NULL, NULL, NULL, NULL, 6, '2024-10-11 11:36:36'),
(20, 11, 35, '5.19', 'yes', 100, 'Description of control is fully met', NULL, 0, 'Asset component is directly publicly exposed', NULL, 100, '0.00000', '0.00000', '0.00000', NULL, NULL, NULL, NULL, NULL, NULL, NULL, 6, '2024-10-11 11:36:36'),
(21, 11, 35, '5.20', 'yes', 100, 'Description of control is fully met', NULL, 0, 'Asset component is directly publicly exposed', NULL, 100, '0.00000', '0.00000', '0.00000', NULL, NULL, NULL, NULL, NULL, NULL, NULL, 6, '2024-10-11 11:36:36'),
(22, 11, 35, '5.21', 'yes', 100, 'Description of control is fully met', NULL, 0, 'Asset component is directly publicly exposed', NULL, 100, '0.00000', '0.00000', '0.00000', NULL, NULL, NULL, NULL, NULL, NULL, NULL, 6, '2024-10-11 11:36:36'),
(23, 11, 35, '5.22', 'yes', 100, 'Description of control is fully met', NULL, 0, 'Asset component is directly publicly exposed', NULL, 100, '0.00000', '0.00000', '0.00000', NULL, NULL, NULL, NULL, NULL, NULL, NULL, 6, '2024-10-11 11:36:36'),
(24, 11, 35, '5.23', 'yes', 100, 'Description of control is fully met', NULL, 0, 'Asset component is directly publicly exposed', NULL, 100, '0.00000', '0.00000', '0.00000', NULL, NULL, NULL, NULL, NULL, NULL, NULL, 6, '2024-10-11 11:36:37'),
(25, 11, 35, '5.24', 'yes', 100, 'Description of control is fully met', NULL, 0, 'Asset component is directly publicly exposed', NULL, 100, '0.00000', '0.00000', '0.00000', NULL, NULL, NULL, NULL, NULL, NULL, NULL, 6, '2024-10-11 11:36:37'),
(26, 11, 35, '5.25', 'yes', 100, 'Description of control is fully met', NULL, 0, 'Asset component is directly publicly exposed', NULL, 100, '0.00000', '0.00000', '0.00000', NULL, NULL, NULL, NULL, NULL, NULL, NULL, 6, '2024-10-11 11:36:37'),
(27, 11, 35, '5.26', 'yes', 100, 'Description of control is fully met', NULL, 0, 'Asset component is directly publicly exposed', NULL, 100, '0.00000', '0.00000', '0.00000', NULL, NULL, NULL, NULL, NULL, NULL, NULL, 6, '2024-10-11 11:36:37'),
(28, 11, 35, '5.27', 'yes', 100, 'Description of control is fully met', NULL, 0, 'Asset component is directly publicly exposed', NULL, 100, '0.00000', '0.00000', '0.00000', NULL, NULL, NULL, NULL, NULL, NULL, NULL, 6, '2024-10-11 11:36:37'),
(29, 11, 35, '5.28', 'yes', 100, 'Description of control is fully met', NULL, 0, 'Asset component is directly publicly exposed', NULL, 100, '0.00000', '0.00000', '0.00000', NULL, NULL, NULL, NULL, NULL, NULL, NULL, 6, '2024-10-11 11:36:37'),
(30, 11, 35, '5.29', 'yes', 100, 'Description of control is fully met', NULL, 0, 'Asset component is directly publicly exposed', NULL, 100, '0.00000', '0.00000', '0.00000', NULL, NULL, NULL, NULL, NULL, NULL, NULL, 6, '2024-10-11 11:36:37'),
(31, 11, 35, '5.30', 'yes', 100, 'Description of control is fully met', NULL, 0, 'Asset component is directly publicly exposed', NULL, 100, '0.00000', '0.00000', '0.00000', NULL, NULL, NULL, NULL, NULL, NULL, NULL, 6, '2024-10-11 11:36:37'),
(32, 11, 35, '5.31', 'yes', 100, 'Description of control is fully met', NULL, 0, 'Asset component is directly publicly exposed', NULL, 100, '0.00000', '0.00000', '0.00000', NULL, NULL, NULL, NULL, NULL, NULL, NULL, 6, '2024-10-11 11:36:37'),
(33, 11, 35, '5.32', 'yes', 100, 'Description of control is fully met', NULL, 0, 'Asset component is directly publicly exposed', NULL, 100, '0.00000', '0.00000', '0.00000', NULL, NULL, NULL, NULL, NULL, NULL, NULL, 6, '2024-10-11 11:36:37'),
(34, 11, 35, '5.33', 'yes', 100, 'Description of control is fully met', NULL, 0, 'Asset component is directly publicly exposed', NULL, 100, '0.00000', '0.00000', '0.00000', NULL, NULL, NULL, NULL, NULL, NULL, NULL, 6, '2024-10-11 11:36:37'),
(35, 11, 35, '5.34', 'yes', 100, 'Description of control is fully met', NULL, 0, 'Asset component is directly publicly exposed', NULL, 100, '0.00000', '0.00000', '0.00000', NULL, NULL, NULL, NULL, NULL, NULL, NULL, 6, '2024-10-11 11:36:37'),
(36, 11, 35, '5.35', 'yes', 100, 'Description of control is fully met', NULL, 0, 'Asset component is directly publicly exposed', NULL, 100, '0.00000', '0.00000', '0.00000', NULL, NULL, NULL, NULL, NULL, NULL, NULL, 6, '2024-10-11 11:36:37'),
(37, 11, 35, '5.36', 'yes', 100, 'Description of control is fully met', NULL, 0, 'Asset component is directly publicly exposed', NULL, 100, '0.00000', '0.00000', '0.00000', NULL, NULL, NULL, NULL, NULL, NULL, NULL, 6, '2024-10-11 11:36:37'),
(38, 11, 35, '5.37', 'yes', 100, 'Description of control is fully met', NULL, 0, 'Asset component is directly publicly exposed', NULL, 100, '0.00000', '0.00000', '0.00000', NULL, NULL, NULL, NULL, NULL, NULL, NULL, 6, '2024-10-11 11:36:37'),
(39, 11, 35, '6.1', 'yes', 61, 'Description of control is fully met', NULL, 39, 'Asset component is directly publicly exposed', NULL, 100, '3.90000', '1.95000', '1.95000', NULL, NULL, NULL, NULL, NULL, NULL, NULL, 6, '2024-10-11 11:36:37'),
(40, 11, 35, '6.2', 'yes', 100, 'Description of control is fully met', NULL, 0, 'Asset component is directly publicly exposed', NULL, 100, '0.00000', '0.00000', '0.00000', NULL, NULL, NULL, NULL, NULL, NULL, NULL, 6, '2024-10-11 11:36:37'),
(41, 11, 35, '6.3', 'yes', 100, 'Description of control is fully met', NULL, 0, 'Asset component is directly publicly exposed', NULL, 100, '0.00000', '0.00000', '0.00000', NULL, NULL, NULL, NULL, NULL, NULL, NULL, 6, '2024-10-11 11:36:37'),
(42, 11, 35, '6.4', 'yes', 100, 'Description of control is fully met', NULL, 0, 'Asset component is directly publicly exposed', NULL, 100, '0.00000', '0.00000', '0.00000', NULL, NULL, NULL, NULL, NULL, NULL, NULL, 6, '2024-10-11 11:36:37'),
(43, 11, 35, '6.5', 'yes', 100, 'Description of control is fully met', NULL, 0, 'Asset component is directly publicly exposed', NULL, 100, '0.00000', '0.00000', '0.00000', NULL, NULL, NULL, NULL, NULL, NULL, NULL, 6, '2024-10-11 11:36:37'),
(44, 11, 35, '6.6', 'yes', 100, 'Description of control is fully met', NULL, 0, 'Asset component is directly publicly exposed', NULL, 100, '0.00000', '0.00000', '0.00000', NULL, NULL, NULL, NULL, NULL, NULL, NULL, 6, '2024-10-11 11:36:37'),
(45, 11, 35, '6.7', 'yes', 100, 'Description of control is fully met', NULL, 0, 'Asset component is directly publicly exposed', NULL, 100, '0.00000', '0.00000', '0.00000', NULL, NULL, NULL, NULL, NULL, NULL, NULL, 6, '2024-10-11 11:36:37'),
(46, 11, 35, '6.8', 'yes', 100, 'Description of control is fully met', NULL, 0, 'Asset component is directly publicly exposed', NULL, 100, '0.00000', '0.00000', '0.00000', NULL, NULL, NULL, NULL, NULL, NULL, NULL, 6, '2024-10-11 11:36:37'),
(47, 11, 35, '7.1', 'yes', 100, 'Description of control is fully met', NULL, 0, 'Asset component is directly publicly exposed', NULL, 100, '0.00000', '0.00000', '0.00000', NULL, NULL, NULL, NULL, NULL, NULL, NULL, 6, '2024-10-11 11:36:37'),
(48, 11, 35, '7.2', 'yes', 100, 'Description of control is fully met', NULL, 0, 'Asset component is directly publicly exposed', NULL, 100, '0.00000', '0.00000', '0.00000', NULL, NULL, NULL, NULL, NULL, NULL, NULL, 6, '2024-10-11 11:36:37'),
(49, 11, 35, '7.3', 'yes', 100, 'Description of control is fully met', NULL, 0, 'Asset component is directly publicly exposed', NULL, 100, '0.00000', '0.00000', '0.00000', NULL, NULL, NULL, NULL, NULL, NULL, NULL, 6, '2024-10-11 11:36:37'),
(50, 11, 35, '7.4', 'yes', 100, 'Description of control is fully met', NULL, 0, 'Asset component is directly publicly exposed', NULL, 100, '0.00000', '0.00000', '0.00000', NULL, NULL, NULL, NULL, NULL, NULL, NULL, 6, '2024-10-11 11:36:37'),
(51, 11, 35, '7.5', 'yes', 100, 'Description of control is fully met', NULL, 0, 'Asset component is directly publicly exposed', NULL, 100, '0.00000', '0.00000', '0.00000', NULL, NULL, NULL, NULL, NULL, NULL, NULL, 6, '2024-10-11 11:36:37'),
(52, 11, 35, '7.6', 'yes', 100, 'Description of control is fully met', NULL, 0, 'Asset component is directly publicly exposed', NULL, 100, '0.00000', '0.00000', '0.00000', NULL, NULL, NULL, NULL, NULL, NULL, NULL, 6, '2024-10-11 11:36:37'),
(53, 11, 35, '7.7', 'yes', 100, 'Description of control is fully met', NULL, 0, 'Asset component is directly publicly exposed', NULL, 100, '0.00000', '0.00000', '0.00000', NULL, NULL, NULL, NULL, NULL, NULL, NULL, 6, '2024-10-11 11:36:37'),
(54, 11, 35, '7.8', 'yes', 100, 'Description of control is fully met', NULL, 0, 'Asset component is directly publicly exposed', NULL, 100, '0.00000', '0.00000', '0.00000', NULL, NULL, NULL, NULL, NULL, NULL, NULL, 6, '2024-10-11 11:36:37'),
(55, 11, 35, '7.9', 'yes', 100, 'Description of control is fully met', NULL, 0, 'Asset component is directly publicly exposed', NULL, 100, '0.00000', '0.00000', '0.00000', NULL, NULL, NULL, NULL, NULL, NULL, NULL, 6, '2024-10-11 11:36:37'),
(56, 11, 35, '7.10', 'yes', 100, 'Description of control is fully met', NULL, 0, 'Asset component is directly publicly exposed', NULL, 100, '0.00000', '0.00000', '0.00000', NULL, NULL, NULL, NULL, NULL, NULL, NULL, 6, '2024-10-11 11:36:37'),
(57, 11, 35, '7.11', 'yes', 100, 'Description of control is fully met', NULL, 0, 'Asset component is directly publicly exposed', NULL, 100, '0.00000', '0.00000', '0.00000', NULL, NULL, NULL, NULL, NULL, NULL, NULL, 6, '2024-10-11 11:36:37'),
(58, 11, 35, '7.12', 'yes', 100, 'Description of control is fully met', NULL, 0, 'Asset component is directly publicly exposed', NULL, 100, '0.00000', '0.00000', '0.00000', NULL, NULL, NULL, NULL, NULL, NULL, NULL, 6, '2024-10-11 11:36:37'),
(59, 11, 35, '7.13', 'yes', 100, 'Description of control is fully met', NULL, 0, 'Asset component is directly publicly exposed', NULL, 100, '0.00000', '0.00000', '0.00000', NULL, NULL, NULL, NULL, NULL, NULL, NULL, 6, '2024-10-11 11:36:37'),
(60, 11, 35, '7.14', 'yes', 100, 'Description of control is fully met', NULL, 0, 'Asset component is directly publicly exposed', NULL, 100, '0.00000', '0.00000', '0.00000', NULL, NULL, NULL, NULL, NULL, NULL, NULL, 6, '2024-10-11 11:36:37'),
(61, 11, 35, '8.1', 'yes', 100, 'Description of control is fully met', NULL, 0, 'Asset component is directly publicly exposed', NULL, 100, '0.00000', '0.00000', '0.00000', NULL, NULL, NULL, NULL, NULL, NULL, NULL, 6, '2024-10-11 11:36:37'),
(62, 11, 35, '8.2', 'yes', 100, 'Description of control is fully met', NULL, 0, 'Asset component is directly publicly exposed', NULL, 100, '0.00000', '0.00000', '0.00000', NULL, NULL, NULL, NULL, NULL, NULL, NULL, 6, '2024-10-11 11:36:37'),
(63, 11, 35, '8.3', 'yes', 100, 'Description of control is fully met', NULL, 0, 'Asset component is directly publicly exposed', NULL, 100, '0.00000', '0.00000', '0.00000', NULL, NULL, NULL, NULL, NULL, NULL, NULL, 6, '2024-10-11 11:36:37'),
(64, 11, 35, '8.4', 'yes', 100, 'Description of control is fully met', NULL, 0, 'Asset component is directly publicly exposed', NULL, 100, '0.00000', '0.00000', '0.00000', NULL, NULL, NULL, NULL, NULL, NULL, NULL, 6, '2024-10-11 11:36:37'),
(65, 11, 35, '8.5', 'yes', 100, 'Description of control is fully met', NULL, 0, 'Asset component is directly publicly exposed', NULL, 100, '0.00000', '0.00000', '0.00000', NULL, NULL, NULL, NULL, NULL, NULL, NULL, 6, '2024-10-11 11:36:37'),
(66, 11, 35, '8.6', 'yes', 100, 'Description of control is fully met', NULL, 0, 'Asset component is directly publicly exposed', NULL, 100, '0.00000', '0.00000', '0.00000', NULL, NULL, NULL, NULL, NULL, NULL, NULL, 6, '2024-10-11 11:36:37'),
(67, 11, 35, '8.7', 'yes', 100, 'Description of control is fully met', NULL, 0, 'Asset component is directly publicly exposed', NULL, 100, '0.00000', '0.00000', '0.00000', NULL, NULL, NULL, NULL, NULL, NULL, NULL, 6, '2024-10-11 11:36:37'),
(68, 11, 35, '8.8', 'yes', 100, 'Description of control is fully met', NULL, 0, 'Asset component is directly publicly exposed', NULL, 100, '0.00000', '0.00000', '0.00000', NULL, NULL, NULL, NULL, NULL, NULL, NULL, 6, '2024-10-11 11:36:37'),
(69, 11, 35, '8.9', 'yes', 100, 'Description of control is fully met', NULL, 0, 'Asset component is directly publicly exposed', NULL, 100, '0.00000', '0.00000', '0.00000', NULL, NULL, NULL, NULL, NULL, NULL, NULL, 6, '2024-10-11 11:36:37'),
(70, 11, 35, '8.10', 'yes', 100, 'Description of control is fully met', NULL, 0, 'Asset component is directly publicly exposed', NULL, 100, '0.00000', '0.00000', '0.00000', NULL, NULL, NULL, NULL, NULL, NULL, NULL, 6, '2024-10-11 11:36:37'),
(71, 11, 35, '8.11', 'yes', 100, 'Description of control is fully met', NULL, 0, 'Asset component is directly publicly exposed', NULL, 100, '0.00000', '0.00000', '0.00000', NULL, NULL, NULL, NULL, NULL, NULL, NULL, 6, '2024-10-11 11:36:37'),
(72, 11, 35, '8.12', 'yes', 100, 'Description of control is fully met', NULL, 0, 'Asset component is directly publicly exposed', NULL, 100, '0.00000', '0.00000', '0.00000', NULL, NULL, NULL, NULL, NULL, NULL, NULL, 6, '2024-10-11 11:36:37'),
(73, 11, 35, '8.13', 'yes', 100, 'Description of control is fully met', NULL, 0, 'Asset component is directly publicly exposed', NULL, 100, '0.00000', '0.00000', '0.00000', NULL, NULL, NULL, NULL, NULL, NULL, NULL, 6, '2024-10-11 11:36:37'),
(74, 11, 35, '8.14', 'yes', 100, 'Description of control is fully met', NULL, 0, 'Asset component is directly publicly exposed', NULL, 100, '0.00000', '0.00000', '0.00000', NULL, NULL, NULL, NULL, NULL, NULL, NULL, 6, '2024-10-11 11:36:37'),
(75, 11, 35, '8.15', 'yes', 100, 'Description of control is fully met', NULL, 0, 'Asset component is directly publicly exposed', NULL, 100, '0.00000', '0.00000', '0.00000', NULL, NULL, NULL, NULL, NULL, NULL, NULL, 6, '2024-10-11 11:36:37'),
(76, 11, 35, '8.16', 'yes', 100, 'Description of control is fully met', NULL, 0, 'Asset component is directly publicly exposed', NULL, 100, '0.00000', '0.00000', '0.00000', NULL, NULL, NULL, NULL, NULL, NULL, NULL, 6, '2024-10-11 11:36:37'),
(77, 11, 35, '8.17', 'yes', 100, 'Description of control is fully met', NULL, 0, 'Asset component is directly publicly exposed', NULL, 100, '0.00000', '0.00000', '0.00000', NULL, NULL, NULL, NULL, NULL, NULL, NULL, 6, '2024-10-11 11:36:37'),
(78, 11, 35, '8.18', 'yes', 100, 'Description of control is fully met', NULL, 0, 'Asset component is directly publicly exposed', NULL, 100, '0.00000', '0.00000', '0.00000', NULL, NULL, NULL, NULL, NULL, NULL, NULL, 6, '2024-10-11 11:36:37'),
(79, 11, 35, '8.19', 'yes', 100, 'Description of control is fully met', NULL, 0, 'Asset component is directly publicly exposed', NULL, 100, '0.00000', '0.00000', '0.00000', NULL, NULL, NULL, NULL, NULL, NULL, NULL, 6, '2024-10-11 11:36:37'),
(80, 11, 35, '8.20', 'yes', 100, 'Description of control is fully met', NULL, 0, 'Asset component is directly publicly exposed', NULL, 100, '0.00000', '0.00000', '0.00000', NULL, NULL, NULL, NULL, NULL, NULL, NULL, 6, '2024-10-11 11:36:37'),
(81, 11, 35, '8.21', 'yes', 100, 'Description of control is fully met', NULL, 0, 'Asset component is directly publicly exposed', NULL, 100, '0.00000', '0.00000', '0.00000', NULL, NULL, NULL, NULL, NULL, NULL, NULL, 6, '2024-10-11 11:36:37'),
(82, 11, 35, '8.22', 'yes', 100, 'Description of control is fully met', NULL, 0, 'Asset component is directly publicly exposed', NULL, 100, '0.00000', '0.00000', '0.00000', NULL, NULL, NULL, NULL, NULL, NULL, NULL, 6, '2024-10-11 11:36:37'),
(83, 11, 35, '8.23', 'yes', 100, 'Description of control is fully met', NULL, 0, 'Asset component is directly publicly exposed', NULL, 100, '0.00000', '0.00000', '0.00000', NULL, NULL, NULL, NULL, NULL, NULL, NULL, 6, '2024-10-11 11:36:37'),
(84, 11, 35, '8.24', 'yes', 100, 'Description of control is fully met', NULL, 0, 'Asset component is directly publicly exposed', NULL, 100, '0.00000', '0.00000', '0.00000', NULL, NULL, NULL, NULL, NULL, NULL, NULL, 6, '2024-10-11 11:36:37'),
(85, 11, 35, '8.25', 'yes', 100, 'Description of control is fully met', NULL, 0, 'Asset component is directly publicly exposed', NULL, 100, '0.00000', '0.00000', '0.00000', NULL, NULL, NULL, NULL, NULL, NULL, NULL, 6, '2024-10-11 11:36:37'),
(86, 11, 35, '8.26', 'yes', 100, 'Description of control is fully met', NULL, 0, 'Asset component is directly publicly exposed', NULL, 100, '0.00000', '0.00000', '0.00000', NULL, NULL, NULL, NULL, NULL, NULL, NULL, 6, '2024-10-11 11:36:37'),
(87, 11, 35, '8.27', 'yes', 100, 'Description of control is fully met', NULL, 0, 'Asset component is directly publicly exposed', NULL, 100, '0.00000', '0.00000', '0.00000', NULL, NULL, NULL, NULL, NULL, NULL, NULL, 6, '2024-10-11 11:36:37'),
(88, 11, 35, '8.28', 'yes', 100, 'Description of control is fully met', NULL, 0, 'Asset component is directly publicly exposed', NULL, 100, '0.00000', '0.00000', '0.00000', NULL, NULL, NULL, NULL, NULL, NULL, NULL, 6, '2024-10-11 11:36:37'),
(89, 11, 35, '8.29', 'yes', 100, 'Description of control is fully met', NULL, 0, 'Asset component is directly publicly exposed', NULL, 100, '0.00000', '0.00000', '0.00000', NULL, NULL, NULL, NULL, NULL, NULL, NULL, 6, '2024-10-11 11:36:37'),
(90, 11, 35, '8.30', 'yes', 100, 'Description of control is fully met', NULL, 0, 'Asset component is directly publicly exposed', NULL, 100, '0.00000', '0.00000', '0.00000', NULL, NULL, NULL, NULL, NULL, NULL, NULL, 6, '2024-10-11 11:36:37'),
(91, 11, 35, '8.31', 'yes', 100, 'Description of control is fully met', NULL, 0, 'Asset component is directly publicly exposed', NULL, 100, '0.00000', '0.00000', '0.00000', NULL, NULL, NULL, NULL, NULL, NULL, NULL, 6, '2024-10-11 11:36:37'),
(92, 11, 35, '8.32', 'yes', 100, 'Description of control is fully met', NULL, 0, 'Asset component is directly publicly exposed', NULL, 100, '0.00000', '0.00000', '0.00000', NULL, NULL, NULL, NULL, NULL, NULL, NULL, 6, '2024-10-11 11:36:37'),
(93, 11, 35, '8.33', 'yes', 100, 'Description of control is fully met', NULL, 0, 'Asset component is directly publicly exposed', NULL, 100, '0.00000', '0.00000', '0.00000', NULL, NULL, NULL, NULL, NULL, NULL, NULL, 6, '2024-10-11 11:36:37'),
(94, 11, 35, '8.34', 'yes', 100, 'Description of control is fully met', NULL, 0, 'Asset component is directly publicly exposed', NULL, 100, '0.00000', '0.00000', '0.00000', NULL, NULL, NULL, NULL, NULL, NULL, NULL, 6, '2024-10-11 11:36:37'),
(95, 11, 37, '5.1', 'yes', 51, 'Description of control is fully met', NULL, 49, 'Asset component is directly publicly exposed', NULL, 100, '4.90000', '2.45000', '4.90000', NULL, NULL, NULL, NULL, NULL, NULL, NULL, 6, '2024-09-23 11:15:09'),
(96, 11, 37, '5.2', 'yes', 100, 'Description of control is fully met', NULL, 0, 'Asset component is directly publicly exposed', NULL, 100, '0.00000', '0.00000', '0.00000', NULL, NULL, NULL, NULL, NULL, NULL, NULL, 6, '2024-09-23 11:15:09'),
(97, 11, 37, '5.3', 'yes', 100, 'Description of control is fully met', NULL, 0, 'Asset component is directly publicly exposed', NULL, 100, '0.00000', '0.00000', '0.00000', NULL, NULL, NULL, NULL, NULL, NULL, NULL, 6, '2024-09-23 11:15:09'),
(98, 11, 37, '5.4', 'no', 100, 'Description of control is fully met', NULL, 0, 'Asset component is directly publicly exposed', NULL, 100, '0.00000', '0.00000', '0.00000', NULL, NULL, NULL, NULL, NULL, NULL, NULL, 6, '2024-09-23 11:15:09'),
(99, 11, 37, '5.5', 'yes', 100, 'Description of control is fully met', NULL, 0, 'Asset component is directly publicly exposed', NULL, 100, '0.00000', '0.00000', '0.00000', NULL, NULL, NULL, NULL, NULL, NULL, NULL, 6, '2024-09-23 11:15:09'),
(100, 11, 37, '5.6', 'yes', 100, 'Description of control is fully met', NULL, 0, 'Asset component is directly publicly exposed', NULL, 100, '0.00000', '0.00000', '0.00000', NULL, NULL, NULL, NULL, NULL, NULL, NULL, 6, '2024-09-23 11:15:09'),
(101, 11, 37, '5.7', 'yes', 57, 'Description of control is fully met', NULL, 43, 'Asset component is directly publicly exposed', NULL, 100, '4.30000', '2.15000', '4.30000', NULL, NULL, NULL, NULL, NULL, NULL, NULL, 6, '2024-09-23 11:15:09'),
(102, 11, 37, '5.8', 'yes', 100, 'Description of control is fully met', NULL, 0, 'Asset component is directly publicly exposed', NULL, 100, '0.00000', '0.00000', '0.00000', NULL, NULL, NULL, NULL, NULL, NULL, NULL, 6, '2024-09-23 11:15:09'),
(103, 11, 37, '5.9', 'yes', 100, 'Description of control is fully met', NULL, 0, 'Asset component is directly publicly exposed', NULL, 100, '0.00000', '0.00000', '0.00000', NULL, NULL, NULL, NULL, NULL, NULL, NULL, 6, '2024-09-23 11:15:09'),
(104, 11, 37, '5.10', 'yes', 100, 'Description of control is fully met', NULL, 0, 'Asset component is directly publicly exposed', NULL, 100, '0.00000', '0.00000', '0.00000', NULL, NULL, NULL, NULL, NULL, NULL, NULL, 6, '2024-09-23 11:15:09'),
(105, 11, 37, '5.11', 'yes', 100, 'Description of control is fully met', NULL, 0, 'Asset component is directly publicly exposed', NULL, 100, '0.00000', '0.00000', '0.00000', NULL, NULL, NULL, NULL, NULL, NULL, NULL, 6, '2024-09-23 11:15:09'),
(106, 11, 37, '5.12', 'yes', 100, 'Description of control is fully met', NULL, 0, 'Asset component is directly publicly exposed', NULL, 100, '0.00000', '0.00000', '0.00000', NULL, NULL, NULL, NULL, NULL, NULL, NULL, 6, '2024-09-23 11:15:09'),
(107, 11, 37, '5.13', 'yes', 100, 'Description of control is fully met', NULL, 0, 'Asset component is directly publicly exposed', NULL, 100, '0.00000', '0.00000', '0.00000', NULL, NULL, NULL, NULL, NULL, NULL, NULL, 6, '2024-09-23 11:15:09'),
(108, 11, 37, '5.14', 'yes', 100, 'Description of control is fully met', NULL, 0, 'Asset component is directly publicly exposed', NULL, 100, '0.00000', '0.00000', '0.00000', NULL, NULL, NULL, NULL, NULL, NULL, NULL, 6, '2024-09-23 11:15:09'),
(109, 11, 37, '5.15', 'yes', 100, 'Description of control is fully met', NULL, 0, 'Asset component is directly publicly exposed', NULL, 100, '0.00000', '0.00000', '0.00000', NULL, NULL, NULL, NULL, NULL, NULL, NULL, 6, '2024-09-23 11:15:09'),
(110, 11, 37, '5.16', 'yes', 100, 'Description of control is fully met', NULL, 0, 'Asset component is directly publicly exposed', NULL, 100, '0.00000', '0.00000', '0.00000', NULL, NULL, NULL, NULL, NULL, NULL, NULL, 6, '2024-09-23 11:15:09'),
(111, 11, 37, '5.17', 'yes', 100, 'Description of control is fully met', NULL, 0, 'Asset component is directly publicly exposed', NULL, 100, '0.00000', '0.00000', '0.00000', NULL, NULL, NULL, NULL, NULL, NULL, NULL, 6, '2024-09-23 11:15:09'),
(112, 11, 37, '5.18', 'yes', 100, 'Description of control is fully met', NULL, 0, 'Asset component is directly publicly exposed', NULL, 100, '0.00000', '0.00000', '0.00000', NULL, NULL, NULL, NULL, NULL, NULL, NULL, 6, '2024-09-23 11:15:09'),
(113, 11, 37, '5.19', 'yes', 100, 'Description of control is fully met', NULL, 0, 'Asset component is directly publicly exposed', NULL, 100, '0.00000', '0.00000', '0.00000', NULL, NULL, NULL, NULL, NULL, NULL, NULL, 6, '2024-09-23 11:15:09'),
(114, 11, 37, '5.20', 'yes', 100, 'Description of control is fully met', NULL, 0, 'Asset component is directly publicly exposed', NULL, 100, '0.00000', '0.00000', '0.00000', NULL, NULL, NULL, NULL, NULL, NULL, NULL, 6, '2024-09-23 11:15:09'),
(115, 11, 37, '5.21', 'yes', 100, 'Description of control is fully met', NULL, 0, 'Asset component is directly publicly exposed', NULL, 100, '0.00000', '0.00000', '0.00000', NULL, NULL, NULL, NULL, NULL, NULL, NULL, 6, '2024-09-23 11:15:09'),
(116, 11, 37, '5.22', 'yes', 100, 'Description of control is fully met', NULL, 0, 'Asset component is directly publicly exposed', NULL, 100, '0.00000', '0.00000', '0.00000', NULL, NULL, NULL, NULL, NULL, NULL, NULL, 6, '2024-09-23 11:15:09'),
(117, 11, 37, '5.23', 'yes', 100, 'Description of control is fully met', NULL, 0, 'Asset component is directly publicly exposed', NULL, 100, '0.00000', '0.00000', '0.00000', NULL, NULL, NULL, NULL, NULL, NULL, NULL, 6, '2024-09-23 11:15:09'),
(118, 11, 37, '5.24', 'yes', 100, 'Description of control is fully met', NULL, 0, 'Asset component is directly publicly exposed', NULL, 100, '0.00000', '0.00000', '0.00000', NULL, NULL, NULL, NULL, NULL, NULL, NULL, 6, '2024-09-23 11:15:09'),
(119, 11, 37, '5.25', 'yes', 100, 'Description of control is fully met', NULL, 0, 'Asset component is directly publicly exposed', NULL, 100, '0.00000', '0.00000', '0.00000', NULL, NULL, NULL, NULL, NULL, NULL, NULL, 6, '2024-09-23 11:15:09'),
(120, 11, 37, '5.26', 'yes', 100, 'Description of control is fully met', NULL, 0, 'Asset component is directly publicly exposed', NULL, 100, '0.00000', '0.00000', '0.00000', NULL, NULL, NULL, NULL, NULL, NULL, NULL, 6, '2024-09-23 11:15:09'),
(121, 11, 37, '5.27', 'yes', 100, 'Description of control is fully met', NULL, 0, 'Asset component is directly publicly exposed', NULL, 100, '0.00000', '0.00000', '0.00000', NULL, NULL, NULL, NULL, NULL, NULL, NULL, 6, '2024-09-23 11:15:09'),
(122, 11, 37, '5.28', 'yes', 100, 'Description of control is fully met', NULL, 0, 'Asset component is directly publicly exposed', NULL, 100, '0.00000', '0.00000', '0.00000', NULL, NULL, NULL, NULL, NULL, NULL, NULL, 6, '2024-09-23 11:15:09'),
(123, 11, 37, '5.29', 'yes', 100, 'Description of control is fully met', NULL, 0, 'Asset component is directly publicly exposed', NULL, 100, '0.00000', '0.00000', '0.00000', NULL, NULL, NULL, NULL, NULL, NULL, NULL, 6, '2024-09-23 11:15:09'),
(124, 11, 37, '5.30', 'yes', 100, 'Description of control is fully met', NULL, 0, 'Asset component is directly publicly exposed', NULL, 100, '0.00000', '0.00000', '0.00000', NULL, NULL, NULL, NULL, NULL, NULL, NULL, 6, '2024-09-23 11:15:09'),
(125, 11, 37, '5.31', 'yes', 100, 'Description of control is fully met', NULL, 0, 'Asset component is directly publicly exposed', NULL, 100, '0.00000', '0.00000', '0.00000', NULL, NULL, NULL, NULL, NULL, NULL, NULL, 6, '2024-09-23 11:15:09'),
(126, 11, 37, '5.32', 'yes', 100, 'Description of control is fully met', NULL, 0, 'Asset component is directly publicly exposed', NULL, 100, '0.00000', '0.00000', '0.00000', NULL, NULL, NULL, NULL, NULL, NULL, NULL, 6, '2024-09-23 11:15:09'),
(127, 11, 37, '5.33', 'yes', 100, 'Description of control is fully met', NULL, 0, 'Asset component is directly publicly exposed', NULL, 100, '0.00000', '0.00000', '0.00000', NULL, NULL, NULL, NULL, NULL, NULL, NULL, 6, '2024-09-23 11:15:09'),
(128, 11, 37, '5.34', 'yes', 100, 'Description of control is fully met', NULL, 0, 'Asset component is directly publicly exposed', NULL, 100, '0.00000', '0.00000', '0.00000', NULL, NULL, NULL, NULL, NULL, NULL, NULL, 6, '2024-09-23 11:15:09'),
(129, 11, 37, '5.35', 'yes', 100, 'Description of control is fully met', NULL, 0, 'Asset component is directly publicly exposed', NULL, 100, '0.00000', '0.00000', '0.00000', NULL, NULL, NULL, NULL, NULL, NULL, NULL, 6, '2024-09-23 11:15:09'),
(130, 11, 37, '5.36', 'yes', 100, 'Description of control is fully met', NULL, 0, 'Asset component is directly publicly exposed', NULL, 100, '0.00000', '0.00000', '0.00000', NULL, NULL, NULL, NULL, NULL, NULL, NULL, 6, '2024-09-23 11:15:09'),
(131, 11, 37, '5.37', 'yes', 100, 'Description of control is fully met', NULL, 0, 'Asset component is directly publicly exposed', NULL, 100, '0.00000', '0.00000', '0.00000', NULL, NULL, NULL, NULL, NULL, NULL, NULL, 6, '2024-09-23 11:15:09'),
(132, 11, 37, '6.1', 'yes', 100, 'Description of control is fully met', NULL, 0, 'Asset component is directly publicly exposed', NULL, 100, '0.00000', '0.00000', '0.00000', NULL, NULL, NULL, NULL, NULL, NULL, NULL, 6, '2024-09-23 11:15:09'),
(133, 11, 37, '6.2', 'yes', 100, 'Description of control is fully met', NULL, 0, 'Asset component is directly publicly exposed', NULL, 100, '0.00000', '0.00000', '0.00000', NULL, NULL, NULL, NULL, NULL, NULL, NULL, 6, '2024-09-23 11:15:09'),
(134, 11, 37, '6.3', 'yes', 100, 'Description of control is fully met', NULL, 0, 'Asset component is directly publicly exposed', NULL, 100, '0.00000', '0.00000', '0.00000', NULL, NULL, NULL, NULL, NULL, NULL, NULL, 6, '2024-09-23 11:15:09'),
(135, 11, 37, '6.4', 'yes', 100, 'Description of control is fully met', NULL, 0, 'Asset component is directly publicly exposed', NULL, 100, '0.00000', '0.00000', '0.00000', NULL, NULL, NULL, NULL, NULL, NULL, NULL, 6, '2024-09-23 11:15:10'),
(136, 11, 37, '6.5', 'yes', 100, 'Description of control is fully met', NULL, 0, 'Asset component is directly publicly exposed', NULL, 100, '0.00000', '0.00000', '0.00000', NULL, NULL, NULL, NULL, NULL, NULL, NULL, 6, '2024-09-23 11:15:10'),
(137, 11, 37, '6.6', 'yes', 100, 'Description of control is fully met', NULL, 0, 'Asset component is directly publicly exposed', NULL, 100, '0.00000', '0.00000', '0.00000', NULL, NULL, NULL, NULL, NULL, NULL, NULL, 6, '2024-09-23 11:15:10'),
(138, 11, 37, '6.7', 'yes', 100, 'Description of control is fully met', NULL, 0, 'Asset component is directly publicly exposed', NULL, 100, '0.00000', '0.00000', '0.00000', NULL, NULL, NULL, NULL, NULL, NULL, NULL, 6, '2024-09-23 11:15:10'),
(139, 11, 37, '6.8', 'yes', 100, 'Description of control is fully met', NULL, 0, 'Asset component is directly publicly exposed', NULL, 100, '0.00000', '0.00000', '0.00000', NULL, NULL, NULL, NULL, NULL, NULL, NULL, 6, '2024-09-23 11:15:10'),
(140, 11, 37, '7.1', 'yes', 100, 'Description of control is fully met', NULL, 0, 'Asset component is directly publicly exposed', NULL, 100, '0.00000', '0.00000', '0.00000', NULL, NULL, NULL, NULL, NULL, NULL, NULL, 6, '2024-09-23 11:15:10'),
(141, 11, 37, '7.2', 'yes', 100, 'Description of control is fully met', NULL, 0, 'Asset component is directly publicly exposed', NULL, 100, '0.00000', '0.00000', '0.00000', NULL, NULL, NULL, NULL, NULL, NULL, NULL, 6, '2024-09-23 11:15:10'),
(142, 11, 37, '7.3', 'yes', 100, 'Description of control is fully met', NULL, 0, 'Asset component is directly publicly exposed', NULL, 100, '0.00000', '0.00000', '0.00000', NULL, NULL, NULL, NULL, NULL, NULL, NULL, 6, '2024-09-23 11:15:10'),
(143, 11, 37, '7.4', 'yes', 100, 'Description of control is fully met', NULL, 0, 'Asset component is directly publicly exposed', NULL, 100, '0.00000', '0.00000', '0.00000', NULL, NULL, NULL, NULL, NULL, NULL, NULL, 6, '2024-09-23 11:15:10'),
(144, 11, 37, '7.5', 'yes', 100, 'Description of control is fully met', NULL, 0, 'Asset component is directly publicly exposed', NULL, 100, '0.00000', '0.00000', '0.00000', NULL, NULL, NULL, NULL, NULL, NULL, NULL, 6, '2024-09-23 11:15:10'),
(145, 11, 37, '7.6', 'yes', 100, 'Description of control is fully met', NULL, 0, 'Asset component is directly publicly exposed', NULL, 100, '0.00000', '0.00000', '0.00000', NULL, NULL, NULL, NULL, NULL, NULL, NULL, 6, '2024-09-23 11:15:10'),
(146, 11, 37, '7.7', 'yes', 100, 'Description of control is fully met', NULL, 0, 'Asset component is directly publicly exposed', NULL, 100, '0.00000', '0.00000', '0.00000', NULL, NULL, NULL, NULL, NULL, NULL, NULL, 6, '2024-09-23 11:15:10'),
(147, 11, 37, '7.8', 'yes', 100, 'Description of control is fully met', NULL, 0, 'Asset component is directly publicly exposed', NULL, 100, '0.00000', '0.00000', '0.00000', NULL, NULL, NULL, NULL, NULL, NULL, NULL, 6, '2024-09-23 11:15:10'),
(148, 11, 37, '7.9', 'yes', 100, 'Description of control is fully met', NULL, 0, 'Asset component is directly publicly exposed', NULL, 100, '0.00000', '0.00000', '0.00000', NULL, NULL, NULL, NULL, NULL, NULL, NULL, 6, '2024-09-23 11:15:10'),
(149, 11, 37, '7.10', 'yes', 100, 'Description of control is fully met', NULL, 0, 'Asset component is directly publicly exposed', NULL, 100, '0.00000', '0.00000', '0.00000', NULL, NULL, NULL, NULL, NULL, NULL, NULL, 6, '2024-09-23 11:15:10'),
(150, 11, 37, '7.11', 'yes', 100, 'Description of control is fully met', NULL, 0, 'Asset component is directly publicly exposed', NULL, 100, '0.00000', '0.00000', '0.00000', NULL, NULL, NULL, NULL, NULL, NULL, NULL, 6, '2024-09-23 11:15:10'),
(151, 11, 37, '7.12', 'yes', 100, 'Description of control is fully met', NULL, 0, 'Asset component is directly publicly exposed', NULL, 100, '0.00000', '0.00000', '0.00000', NULL, NULL, NULL, NULL, NULL, NULL, NULL, 6, '2024-09-23 11:15:10'),
(152, 11, 37, '7.13', 'yes', 100, 'Description of control is fully met', NULL, 0, 'Asset component is directly publicly exposed', NULL, 100, '0.00000', '0.00000', '0.00000', NULL, NULL, NULL, NULL, NULL, NULL, NULL, 6, '2024-09-23 11:15:10'),
(153, 11, 37, '7.14', 'yes', 100, 'Description of control is fully met', NULL, 0, 'Asset component is directly publicly exposed', NULL, 100, '0.00000', '0.00000', '0.00000', NULL, NULL, NULL, NULL, NULL, NULL, NULL, 6, '2024-09-23 11:15:10'),
(154, 11, 37, '8.1', 'yes', 100, 'Description of control is fully met', NULL, 0, 'Asset component is directly publicly exposed', NULL, 100, '0.00000', '0.00000', '0.00000', NULL, NULL, NULL, NULL, NULL, NULL, NULL, 6, '2024-09-23 11:15:10'),
(155, 11, 37, '8.2', 'yes', 100, 'Description of control is fully met', NULL, 0, 'Asset component is directly publicly exposed', NULL, 100, '0.00000', '0.00000', '0.00000', NULL, NULL, NULL, NULL, NULL, NULL, NULL, 6, '2024-09-23 11:15:10'),
(156, 11, 37, '8.3', 'yes', 100, 'Description of control is fully met', NULL, 0, 'Asset component is directly publicly exposed', NULL, 100, '0.00000', '0.00000', '0.00000', NULL, NULL, NULL, NULL, NULL, NULL, NULL, 6, '2024-09-23 11:15:11'),
(157, 11, 37, '8.4', 'yes', 100, 'Description of control is fully met', NULL, 0, 'Asset component is directly publicly exposed', NULL, 100, '0.00000', '0.00000', '0.00000', NULL, NULL, NULL, NULL, NULL, NULL, NULL, 6, '2024-09-23 11:15:11'),
(158, 11, 37, '8.5', 'yes', 100, 'Description of control is fully met', NULL, 0, 'Asset component is directly publicly exposed', NULL, 100, '0.00000', '0.00000', '0.00000', NULL, NULL, NULL, NULL, NULL, NULL, NULL, 6, '2024-09-23 11:15:11'),
(159, 11, 37, '8.6', 'yes', 100, 'Description of control is fully met', NULL, 0, 'Asset component is directly publicly exposed', NULL, 100, '0.00000', '0.00000', '0.00000', NULL, NULL, NULL, NULL, NULL, NULL, NULL, 6, '2024-09-23 11:15:11'),
(160, 11, 37, '8.7', 'yes', 100, 'Description of control is fully met', NULL, 0, 'Asset component is directly publicly exposed', NULL, 100, '0.00000', '0.00000', '0.00000', NULL, NULL, NULL, NULL, NULL, NULL, NULL, 6, '2024-09-23 11:15:11'),
(161, 11, 37, '8.8', 'yes', 100, 'Description of control is fully met', NULL, 0, 'Asset component is directly publicly exposed', NULL, 100, '0.00000', '0.00000', '0.00000', NULL, NULL, NULL, NULL, NULL, NULL, NULL, 6, '2024-09-23 11:15:11'),
(162, 11, 37, '8.9', 'yes', 100, 'Description of control is fully met', NULL, 0, 'Asset component is directly publicly exposed', NULL, 100, '0.00000', '0.00000', '0.00000', NULL, NULL, NULL, NULL, NULL, NULL, NULL, 6, '2024-09-23 11:15:11'),
(163, 11, 37, '8.10', 'yes', 100, 'Description of control is fully met', NULL, 0, 'Asset component is directly publicly exposed', NULL, 100, '0.00000', '0.00000', '0.00000', NULL, NULL, NULL, NULL, NULL, NULL, NULL, 6, '2024-09-23 11:15:11'),
(164, 11, 37, '8.11', 'yes', 100, 'Description of control is fully met', NULL, 0, 'Asset component is directly publicly exposed', NULL, 100, '0.00000', '0.00000', '0.00000', NULL, NULL, NULL, NULL, NULL, NULL, NULL, 6, '2024-09-23 11:15:11'),
(165, 11, 37, '8.12', 'yes', 100, 'Description of control is fully met', NULL, 0, 'Asset component is directly publicly exposed', NULL, 100, '0.00000', '0.00000', '0.00000', NULL, NULL, NULL, NULL, NULL, NULL, NULL, 6, '2024-09-23 11:15:11'),
(166, 11, 37, '8.13', 'yes', 100, 'Description of control is fully met', NULL, 0, 'Asset component is directly publicly exposed', NULL, 100, '0.00000', '0.00000', '0.00000', NULL, NULL, NULL, NULL, NULL, NULL, NULL, 6, '2024-09-23 11:15:11'),
(167, 11, 37, '8.14', 'yes', 100, 'Description of control is fully met', NULL, 0, 'Asset component is directly publicly exposed', NULL, 100, '0.00000', '0.00000', '0.00000', NULL, NULL, NULL, NULL, NULL, NULL, NULL, 6, '2024-09-23 11:15:11'),
(168, 11, 37, '8.15', 'yes', 100, 'Description of control is fully met', NULL, 0, 'Asset component is directly publicly exposed', NULL, 100, '0.00000', '0.00000', '0.00000', NULL, NULL, NULL, NULL, NULL, NULL, NULL, 6, '2024-09-23 11:15:11'),
(169, 11, 37, '8.16', 'yes', 100, 'Description of control is fully met', NULL, 0, 'Asset component is directly publicly exposed', NULL, 100, '0.00000', '0.00000', '0.00000', NULL, NULL, NULL, NULL, NULL, NULL, NULL, 6, '2024-09-23 11:15:11'),
(170, 11, 37, '8.17', 'yes', 100, 'Description of control is fully met', NULL, 0, 'Asset component is directly publicly exposed', NULL, 100, '0.00000', '0.00000', '0.00000', NULL, NULL, NULL, NULL, NULL, NULL, NULL, 6, '2024-09-23 11:15:11'),
(171, 11, 37, '8.18', 'yes', 100, 'Description of control is fully met', NULL, 0, 'Asset component is directly publicly exposed', NULL, 100, '0.00000', '0.00000', '0.00000', NULL, NULL, NULL, NULL, NULL, NULL, NULL, 6, '2024-09-23 11:15:11'),
(172, 11, 37, '8.19', 'yes', 100, 'Description of control is fully met', NULL, 0, 'Asset component is directly publicly exposed', NULL, 100, '0.00000', '0.00000', '0.00000', NULL, NULL, NULL, NULL, NULL, NULL, NULL, 6, '2024-09-23 11:15:11'),
(173, 11, 37, '8.20', 'yes', 100, 'Description of control is fully met', NULL, 0, 'Asset component is directly publicly exposed', NULL, 100, '0.00000', '0.00000', '0.00000', NULL, NULL, NULL, NULL, NULL, NULL, NULL, 6, '2024-09-23 11:15:11'),
(174, 11, 37, '8.21', 'yes', 100, 'Description of control is fully met', NULL, 0, 'Asset component is directly publicly exposed', NULL, 100, '0.00000', '0.00000', '0.00000', NULL, NULL, NULL, NULL, NULL, NULL, NULL, 6, '2024-09-23 11:15:11'),
(175, 11, 37, '8.22', 'yes', 100, 'Description of control is fully met', NULL, 0, 'Asset component is directly publicly exposed', NULL, 100, '0.00000', '0.00000', '0.00000', NULL, NULL, NULL, NULL, NULL, NULL, NULL, 6, '2024-09-23 11:15:11'),
(176, 11, 37, '8.23', 'yes', 100, 'Description of control is fully met', NULL, 0, 'Asset component is directly publicly exposed', NULL, 100, '0.00000', '0.00000', '0.00000', NULL, NULL, NULL, NULL, NULL, NULL, NULL, 6, '2024-09-23 11:15:11'),
(177, 11, 37, '8.24', 'yes', 100, 'Description of control is fully met', NULL, 0, 'Asset component is directly publicly exposed', NULL, 100, '0.00000', '0.00000', '0.00000', NULL, NULL, NULL, NULL, NULL, NULL, NULL, 6, '2024-09-23 11:15:11'),
(178, 11, 37, '8.25', 'yes', 100, 'Description of control is fully met', NULL, 0, 'Asset component is directly publicly exposed', NULL, 100, '0.00000', '0.00000', '0.00000', NULL, NULL, NULL, NULL, NULL, NULL, NULL, 6, '2024-09-23 11:15:11'),
(179, 11, 37, '8.26', 'yes', 100, 'Description of control is fully met', NULL, 0, 'Asset component is directly publicly exposed', NULL, 100, '0.00000', '0.00000', '0.00000', NULL, NULL, NULL, NULL, NULL, NULL, NULL, 6, '2024-09-23 11:15:11'),
(180, 11, 37, '8.27', 'yes', 100, 'Description of control is fully met', NULL, 0, 'Asset component is directly publicly exposed', NULL, 100, '0.00000', '0.00000', '0.00000', NULL, NULL, NULL, NULL, NULL, NULL, NULL, 6, '2024-09-23 11:15:11'),
(181, 11, 37, '8.28', 'yes', 100, 'Description of control is fully met', NULL, 0, 'Asset component is directly publicly exposed', NULL, 100, '0.00000', '0.00000', '0.00000', NULL, NULL, NULL, NULL, NULL, NULL, NULL, 6, '2024-09-23 11:15:11'),
(182, 11, 37, '8.29', 'yes', 100, 'Description of control is fully met', NULL, 0, 'Asset component is directly publicly exposed', NULL, 100, '0.00000', '0.00000', '0.00000', NULL, NULL, NULL, NULL, NULL, NULL, NULL, 6, '2024-09-23 11:15:11'),
(183, 11, 37, '8.30', 'yes', 100, 'Description of control is fully met', NULL, 0, 'Asset component is directly publicly exposed', NULL, 100, '0.00000', '0.00000', '0.00000', NULL, NULL, NULL, NULL, NULL, NULL, NULL, 6, '2024-09-23 11:15:11'),
(184, 11, 37, '8.31', 'yes', 100, 'Description of control is fully met', NULL, 0, 'Asset component is directly publicly exposed', NULL, 100, '0.00000', '0.00000', '0.00000', NULL, NULL, NULL, NULL, NULL, NULL, NULL, 6, '2024-09-23 11:15:11'),
(185, 11, 37, '8.32', 'yes', 100, 'Description of control is fully met', NULL, 0, 'Asset component is directly publicly exposed', NULL, 100, '0.00000', '0.00000', '0.00000', NULL, NULL, NULL, NULL, NULL, NULL, NULL, 6, '2024-09-23 11:15:11'),
(186, 11, 37, '8.33', 'yes', 100, 'Description of control is fully met', NULL, 0, 'Asset component is directly publicly exposed', NULL, 100, '0.00000', '0.00000', '0.00000', NULL, NULL, NULL, NULL, NULL, NULL, NULL, 6, '2024-09-23 11:15:11'),
(187, 11, 37, '8.34', 'yes', 100, 'Description of control is fully met', NULL, 0, 'Asset component is directly publicly exposed', NULL, 100, '0.00000', '0.00000', '0.00000', NULL, NULL, NULL, NULL, NULL, NULL, NULL, 6, '2024-09-23 11:15:11'),
(188, 11, 36, '5.1', 'yes', 100, 'Description of control is fully met', NULL, 0, 'Asset component is directly publicly exposed', NULL, 100, '0.00000', '0.00000', '0.00000', NULL, NULL, NULL, NULL, NULL, NULL, NULL, 6, '2024-09-23 11:23:29'),
(189, 11, 36, '5.2', 'yes', 100, 'Description of control is fully met', NULL, 0, 'Asset component is directly publicly exposed', NULL, 100, '0.00000', '0.00000', '0.00000', NULL, NULL, NULL, NULL, NULL, NULL, NULL, 6, '2024-09-23 11:23:29'),
(190, 11, 36, '5.4', 'yes', 100, 'Description of control is fully met', NULL, 0, 'Asset component is directly publicly exposed', NULL, 100, '0.00000', '0.00000', '0.00000', NULL, NULL, NULL, NULL, NULL, NULL, NULL, 6, '2024-09-23 11:23:29'),
(191, 11, 36, '5.5', 'yes', 100, 'Description of control is fully met', NULL, 0, 'Asset component is directly publicly exposed', NULL, 100, '0.00000', '0.00000', '0.00000', NULL, NULL, NULL, NULL, NULL, NULL, NULL, 6, '2024-09-23 11:23:29'),
(192, 11, 36, '5.6', 'yes', 100, 'Description of control is fully met', NULL, 0, 'Asset component is directly publicly exposed', NULL, 100, '0.00000', '0.00000', '0.00000', NULL, NULL, NULL, NULL, NULL, NULL, NULL, 6, '2024-09-23 11:23:29'),
(193, 11, 36, '5.7', 'yes', 100, 'Description of control is fully met', NULL, 0, 'Asset component is directly publicly exposed', NULL, 100, '0.00000', '0.00000', '0.00000', NULL, NULL, NULL, NULL, NULL, NULL, NULL, 6, '2024-09-23 11:23:29'),
(194, 11, 36, '5.8', 'yes', 100, 'Description of control is fully met', NULL, 0, 'Asset component is directly publicly exposed', NULL, 100, '0.00000', '0.00000', '0.00000', NULL, NULL, NULL, NULL, NULL, NULL, NULL, 6, '2024-09-23 11:23:29'),
(195, 11, 36, '5.9', 'yes', 100, 'Description of control is fully met', NULL, 0, 'Asset component is directly publicly exposed', NULL, 100, '0.00000', '0.00000', '0.00000', NULL, NULL, NULL, NULL, NULL, NULL, NULL, 6, '2024-09-23 11:23:29'),
(196, 11, 36, '5.10', 'yes', 100, 'Description of control is fully met', NULL, 0, 'Asset component is directly publicly exposed', NULL, 100, '0.00000', '0.00000', '0.00000', NULL, NULL, NULL, NULL, NULL, NULL, NULL, 6, '2024-09-23 11:23:29'),
(197, 11, 36, '5.11', 'yes', 100, 'Description of control is fully met', NULL, 0, 'Asset component is directly publicly exposed', NULL, 100, '0.00000', '0.00000', '0.00000', NULL, NULL, NULL, NULL, NULL, NULL, NULL, 6, '2024-09-23 11:23:29'),
(198, 11, 36, '5.12', 'yes', 100, 'Description of control is fully met', NULL, 0, 'Asset component is directly publicly exposed', NULL, 100, '0.00000', '0.00000', '0.00000', NULL, NULL, NULL, NULL, NULL, NULL, NULL, 6, '2024-09-23 11:23:29'),
(199, 11, 36, '5.13', 'yes', 100, 'Description of control is fully met', NULL, 0, 'Asset component is directly publicly exposed', NULL, 100, '0.00000', '0.00000', '0.00000', NULL, NULL, NULL, NULL, NULL, NULL, NULL, 6, '2024-09-23 11:23:29'),
(200, 11, 36, '5.14', 'yes', 100, 'Description of control is fully met', NULL, 0, 'Asset component is directly publicly exposed', NULL, 100, '0.00000', '0.00000', '0.00000', NULL, NULL, NULL, NULL, NULL, NULL, NULL, 6, '2024-09-23 11:23:29'),
(201, 11, 36, '5.15', 'yes', 100, 'Description of control is fully met', NULL, 0, 'Asset component is directly publicly exposed', NULL, 100, '0.00000', '0.00000', '0.00000', NULL, NULL, NULL, NULL, NULL, NULL, NULL, 6, '2024-09-23 11:23:29'),
(202, 11, 36, '5.16', 'yes', 100, 'Description of control is fully met', NULL, 0, 'Asset component is directly publicly exposed', NULL, 100, '0.00000', '0.00000', '0.00000', NULL, NULL, NULL, NULL, NULL, NULL, NULL, 6, '2024-09-23 11:23:29'),
(203, 11, 36, '5.17', 'yes', 100, 'Description of control is fully met', NULL, 0, 'Asset component is directly publicly exposed', NULL, 100, '0.00000', '0.00000', '0.00000', NULL, NULL, NULL, NULL, NULL, NULL, NULL, 6, '2024-09-23 11:23:29'),
(204, 11, 36, '5.18', 'yes', 100, 'Description of control is fully met', NULL, 0, 'Asset component is directly publicly exposed', NULL, 100, '0.00000', '0.00000', '0.00000', NULL, NULL, NULL, NULL, NULL, NULL, NULL, 6, '2024-09-23 11:23:29'),
(205, 11, 36, '5.19', 'yes', 100, 'Description of control is fully met', NULL, 0, 'Asset component is directly publicly exposed', NULL, 100, '0.00000', '0.00000', '0.00000', NULL, NULL, NULL, NULL, NULL, NULL, NULL, 6, '2024-09-23 11:23:29'),
(206, 11, 36, '5.20', 'yes', 100, 'Description of control is fully met', NULL, 0, 'Asset component is directly publicly exposed', NULL, 100, '0.00000', '0.00000', '0.00000', NULL, NULL, NULL, NULL, NULL, NULL, NULL, 6, '2024-09-23 11:23:29');
INSERT INTO `iso_sec_2_3_1` (`assessment_id`, `project_id`, `asset_id`, `control_num`, `applicability`, `control_compliance`, `desc_vulnerability`, `desc_vulnerability_other`, `vulnerability`, `desc_threat`, `desc_threat_other`, `threat`, `risk_level`, `risk_integrity`, `risk_availability`, `desc_risk`, `desc_risk_other`, `residual_risk_treatment`, `treatment_action`, `treatment_target_date`, `treatment_comp_date`, `responsibility_for_treatment`, `last_edited_by`, `last_edited_at`) VALUES
(207, 11, 36, '5.21', 'yes', 100, 'Description of control is fully met', NULL, 0, 'Asset component is directly publicly exposed', NULL, 100, '0.00000', '0.00000', '0.00000', NULL, NULL, NULL, NULL, NULL, NULL, NULL, 6, '2024-09-23 11:23:29'),
(208, 11, 36, '5.22', 'yes', 100, 'Description of control is fully met', NULL, 0, 'Asset component is directly publicly exposed', NULL, 100, '0.00000', '0.00000', '0.00000', NULL, NULL, NULL, NULL, NULL, NULL, NULL, 6, '2024-09-23 11:23:29'),
(209, 11, 36, '5.23', 'yes', 100, 'Description of control is fully met', NULL, 0, 'Asset component is directly publicly exposed', NULL, 100, '0.00000', '0.00000', '0.00000', NULL, NULL, NULL, NULL, NULL, NULL, NULL, 6, '2024-09-23 11:23:29'),
(210, 11, 36, '5.24', 'yes', 100, 'Description of control is fully met', NULL, 0, 'Asset component is directly publicly exposed', NULL, 100, '0.00000', '0.00000', '0.00000', NULL, NULL, NULL, NULL, NULL, NULL, NULL, 6, '2024-09-23 11:23:29'),
(211, 11, 36, '5.25', 'yes', 100, 'Description of control is fully met', NULL, 0, 'Asset component is directly publicly exposed', NULL, 100, '0.00000', '0.00000', '0.00000', NULL, NULL, NULL, NULL, NULL, NULL, NULL, 6, '2024-09-23 11:23:29'),
(212, 11, 36, '5.26', 'yes', 100, 'Description of control is fully met', NULL, 0, 'Asset component is directly publicly exposed', NULL, 100, '0.00000', '0.00000', '0.00000', NULL, NULL, NULL, NULL, NULL, NULL, NULL, 6, '2024-09-23 11:23:29'),
(213, 11, 36, '5.27', 'yes', 100, 'Description of control is fully met', NULL, 0, 'Asset component is directly publicly exposed', NULL, 100, '0.00000', '0.00000', '0.00000', NULL, NULL, NULL, NULL, NULL, NULL, NULL, 6, '2024-09-23 11:23:29'),
(214, 11, 36, '5.28', 'yes', 100, 'Description of control is fully met', NULL, 0, 'Asset component is directly publicly exposed', NULL, 100, '0.00000', '0.00000', '0.00000', NULL, NULL, NULL, NULL, NULL, NULL, NULL, 6, '2024-09-23 11:23:29'),
(215, 11, 36, '5.29', 'yes', 100, 'Description of control is fully met', NULL, 0, 'Asset component is directly publicly exposed', NULL, 100, '0.00000', '0.00000', '0.00000', NULL, NULL, NULL, NULL, NULL, NULL, NULL, 6, '2024-09-23 11:23:29'),
(216, 11, 36, '5.30', 'yes', 100, 'Description of control is fully met', NULL, 0, 'Asset component is directly publicly exposed', NULL, 100, '0.00000', '0.00000', '0.00000', NULL, NULL, NULL, NULL, NULL, NULL, NULL, 6, '2024-09-23 11:23:29'),
(217, 11, 36, '5.31', 'yes', 100, 'Description of control is fully met', NULL, 0, 'Asset component is directly publicly exposed', NULL, 100, '0.00000', '0.00000', '0.00000', NULL, NULL, NULL, NULL, NULL, NULL, NULL, 6, '2024-09-23 11:23:29'),
(218, 11, 36, '5.32', 'yes', 100, 'Description of control is fully met', NULL, 0, 'Asset component is directly publicly exposed', NULL, 100, '0.00000', '0.00000', '0.00000', NULL, NULL, NULL, NULL, NULL, NULL, NULL, 6, '2024-09-23 11:23:29'),
(219, 11, 36, '5.33', 'yes', 100, 'Description of control is fully met', NULL, 0, 'Asset component is directly publicly exposed', NULL, 100, '0.00000', '0.00000', '0.00000', NULL, NULL, NULL, NULL, NULL, NULL, NULL, 6, '2024-09-23 11:23:29'),
(220, 11, 36, '5.34', 'yes', 100, 'Description of control is fully met', NULL, 0, 'Asset component is directly publicly exposed', NULL, 100, '0.00000', '0.00000', '0.00000', NULL, NULL, NULL, NULL, NULL, NULL, NULL, 6, '2024-09-23 11:23:29'),
(221, 11, 36, '5.35', 'yes', 100, 'Description of control is fully met', NULL, 0, 'Asset component is directly publicly exposed', NULL, 100, '0.00000', '0.00000', '0.00000', NULL, NULL, NULL, NULL, NULL, NULL, NULL, 6, '2024-09-23 11:23:29'),
(222, 11, 36, '5.36', 'yes', 100, 'Description of control is fully met', NULL, 0, 'Asset component is directly publicly exposed', NULL, 100, '0.00000', '0.00000', '0.00000', NULL, NULL, NULL, NULL, NULL, NULL, NULL, 6, '2024-09-23 11:23:29'),
(223, 11, 36, '5.37', 'yes', 100, 'Description of control is fully met', NULL, 0, 'Asset component is directly publicly exposed', NULL, 100, '0.00000', '0.00000', '0.00000', NULL, NULL, NULL, NULL, NULL, NULL, NULL, 6, '2024-09-23 11:23:29'),
(224, 11, 36, '6.1', 'yes', 100, 'Description of control is fully met', NULL, 0, 'Asset component is directly publicly exposed', NULL, 100, '0.00000', '0.00000', '0.00000', NULL, NULL, NULL, NULL, NULL, NULL, NULL, 6, '2024-09-23 11:23:29'),
(225, 11, 36, '6.2', 'yes', 100, 'Description of control is fully met', NULL, 0, 'Asset component is directly publicly exposed', NULL, 100, '0.00000', '0.00000', '0.00000', NULL, NULL, NULL, NULL, NULL, NULL, NULL, 6, '2024-09-23 11:23:29'),
(226, 11, 36, '6.3', 'yes', 100, 'Description of control is fully met', NULL, 0, 'Asset component is directly publicly exposed', NULL, 100, '0.00000', '0.00000', '0.00000', NULL, NULL, NULL, NULL, NULL, NULL, NULL, 6, '2024-09-23 11:23:29'),
(227, 11, 36, '6.4', 'yes', 100, 'Description of control is fully met', NULL, 0, 'Asset component is directly publicly exposed', NULL, 100, '0.00000', '0.00000', '0.00000', NULL, NULL, NULL, NULL, NULL, NULL, NULL, 6, '2024-09-23 11:23:29'),
(228, 11, 36, '6.5', 'yes', 100, 'Description of control is fully met', NULL, 0, 'Asset component is directly publicly exposed', NULL, 100, '0.00000', '0.00000', '0.00000', NULL, NULL, NULL, NULL, NULL, NULL, NULL, 6, '2024-09-23 11:23:29'),
(229, 11, 36, '6.6', 'yes', 100, 'Description of control is fully met', NULL, 0, 'Asset component is directly publicly exposed', NULL, 100, '0.00000', '0.00000', '0.00000', NULL, NULL, NULL, NULL, NULL, NULL, NULL, 6, '2024-09-23 11:23:29'),
(230, 11, 36, '6.7', 'yes', 100, 'Description of control is fully met', NULL, 0, 'Asset component is directly publicly exposed', NULL, 100, '0.00000', '0.00000', '0.00000', NULL, NULL, NULL, NULL, NULL, NULL, NULL, 6, '2024-09-23 11:23:29'),
(231, 11, 36, '6.8', 'yes', 100, 'Description of control is fully met', NULL, 0, 'Asset component is directly publicly exposed', NULL, 100, '0.00000', '0.00000', '0.00000', NULL, NULL, NULL, NULL, NULL, NULL, NULL, 6, '2024-09-23 11:23:29'),
(232, 11, 36, '7.1', 'yes', 100, 'Description of control is fully met', NULL, 0, 'Asset component is directly publicly exposed', NULL, 100, '0.00000', '0.00000', '0.00000', NULL, NULL, NULL, NULL, NULL, NULL, NULL, 6, '2024-09-23 11:23:29'),
(233, 11, 36, '7.2', 'yes', 100, 'Description of control is fully met', NULL, 0, 'Asset component is directly publicly exposed', NULL, 100, '0.00000', '0.00000', '0.00000', NULL, NULL, NULL, NULL, NULL, NULL, NULL, 6, '2024-09-23 11:23:29'),
(234, 11, 36, '7.3', 'yes', 100, 'Description of control is fully met', NULL, 0, 'Asset component is directly publicly exposed', NULL, 100, '0.00000', '0.00000', '0.00000', NULL, NULL, NULL, NULL, NULL, NULL, NULL, 6, '2024-09-23 11:23:29'),
(235, 11, 36, '7.4', 'yes', 100, 'Description of control is fully met', NULL, 0, 'Asset component is directly publicly exposed', NULL, 100, '0.00000', '0.00000', '0.00000', NULL, NULL, NULL, NULL, NULL, NULL, NULL, 6, '2024-09-23 11:23:29'),
(236, 11, 36, '7.5', 'yes', 100, 'Description of control is fully met', NULL, 0, 'Asset component is directly publicly exposed', NULL, 100, '0.00000', '0.00000', '0.00000', NULL, NULL, NULL, NULL, NULL, NULL, NULL, 6, '2024-09-23 11:23:29'),
(237, 11, 36, '7.6', 'yes', 100, 'Description of control is fully met', NULL, 0, 'Asset component is directly publicly exposed', NULL, 100, '0.00000', '0.00000', '0.00000', NULL, NULL, NULL, NULL, NULL, NULL, NULL, 6, '2024-09-23 11:23:29'),
(238, 11, 36, '7.7', 'yes', 100, 'Description of control is fully met', NULL, 0, 'Asset component is directly publicly exposed', NULL, 100, '0.00000', '0.00000', '0.00000', NULL, NULL, NULL, NULL, NULL, NULL, NULL, 6, '2024-09-23 11:23:29'),
(239, 11, 36, '7.8', 'yes', 100, 'Description of control is fully met', NULL, 0, 'Asset component is directly publicly exposed', NULL, 100, '0.00000', '0.00000', '0.00000', NULL, NULL, NULL, NULL, NULL, NULL, NULL, 6, '2024-09-23 11:23:29'),
(240, 11, 36, '7.9', 'yes', 100, 'Description of control is fully met', NULL, 0, 'Asset component is directly publicly exposed', NULL, 100, '0.00000', '0.00000', '0.00000', NULL, NULL, NULL, NULL, NULL, NULL, NULL, 6, '2024-09-23 11:23:29'),
(241, 11, 36, '7.10', 'yes', 100, 'Description of control is fully met', NULL, 0, 'Asset component is directly publicly exposed', NULL, 100, '0.00000', '0.00000', '0.00000', NULL, NULL, NULL, NULL, NULL, NULL, NULL, 6, '2024-09-23 11:23:29'),
(242, 11, 36, '7.11', 'yes', 100, 'Description of control is fully met', NULL, 0, 'Asset component is directly publicly exposed', NULL, 100, '0.00000', '0.00000', '0.00000', NULL, NULL, NULL, NULL, NULL, NULL, NULL, 6, '2024-09-23 11:23:29'),
(243, 11, 36, '7.12', 'yes', 100, 'Description of control is fully met', NULL, 0, 'Asset component is directly publicly exposed', NULL, 100, '0.00000', '0.00000', '0.00000', NULL, NULL, NULL, NULL, NULL, NULL, NULL, 6, '2024-09-23 11:23:29'),
(244, 11, 36, '7.13', 'yes', 100, 'Description of control is fully met', NULL, 0, 'Asset component is directly publicly exposed', NULL, 100, '0.00000', '0.00000', '0.00000', NULL, NULL, NULL, NULL, NULL, NULL, NULL, 6, '2024-09-23 11:23:29'),
(245, 11, 36, '7.14', 'yes', 100, 'Description of control is fully met', NULL, 0, 'Asset component is directly publicly exposed', NULL, 100, '0.00000', '0.00000', '0.00000', NULL, NULL, NULL, NULL, NULL, NULL, NULL, 6, '2024-09-23 11:23:29'),
(246, 11, 36, '8.1', 'yes', 100, 'Description of control is fully met', NULL, 0, 'Asset component is directly publicly exposed', NULL, 100, '0.00000', '0.00000', '0.00000', NULL, NULL, NULL, NULL, NULL, NULL, NULL, 6, '2024-09-23 11:23:29'),
(247, 11, 36, '8.2', 'yes', 100, 'Description of control is fully met', NULL, 0, 'Asset component is directly publicly exposed', NULL, 100, '0.00000', '0.00000', '0.00000', NULL, NULL, NULL, NULL, NULL, NULL, NULL, 6, '2024-09-23 11:23:29'),
(248, 11, 36, '8.3', 'yes', 100, 'Description of control is fully met', NULL, 0, 'Asset component is directly publicly exposed', NULL, 100, '0.00000', '0.00000', '0.00000', NULL, NULL, NULL, NULL, NULL, NULL, NULL, 6, '2024-09-23 11:23:29'),
(249, 11, 36, '8.4', 'yes', 100, 'Description of control is fully met', NULL, 0, 'Asset component is directly publicly exposed', NULL, 100, '0.00000', '0.00000', '0.00000', NULL, NULL, NULL, NULL, NULL, NULL, NULL, 6, '2024-09-23 11:23:29'),
(250, 11, 36, '8.5', 'yes', 100, 'Description of control is fully met', NULL, 0, 'Asset component is directly publicly exposed', NULL, 100, '0.00000', '0.00000', '0.00000', NULL, NULL, NULL, NULL, NULL, NULL, NULL, 6, '2024-09-23 11:23:29'),
(251, 11, 36, '8.6', 'yes', 100, 'Description of control is fully met', NULL, 0, 'Asset component is directly publicly exposed', NULL, 100, '0.00000', '0.00000', '0.00000', NULL, NULL, NULL, NULL, NULL, NULL, NULL, 6, '2024-09-23 11:23:30'),
(252, 11, 36, '8.7', 'yes', 100, 'Description of control is fully met', NULL, 0, 'Asset component is directly publicly exposed', NULL, 100, '0.00000', '0.00000', '0.00000', NULL, NULL, NULL, NULL, NULL, NULL, NULL, 6, '2024-09-23 11:23:30'),
(253, 11, 36, '8.8', 'yes', 100, 'Description of control is fully met', NULL, 0, 'Asset component is directly publicly exposed', NULL, 100, '0.00000', '0.00000', '0.00000', NULL, NULL, NULL, NULL, NULL, NULL, NULL, 6, '2024-09-23 11:23:30'),
(254, 11, 36, '8.9', 'yes', 100, 'Description of control is fully met', NULL, 0, 'Asset component is directly publicly exposed', NULL, 100, '0.00000', '0.00000', '0.00000', NULL, NULL, NULL, NULL, NULL, NULL, NULL, 6, '2024-09-23 11:23:30'),
(255, 11, 36, '8.10', 'yes', 100, 'Description of control is fully met', NULL, 0, 'Asset component is directly publicly exposed', NULL, 100, '0.00000', '0.00000', '0.00000', NULL, NULL, NULL, NULL, NULL, NULL, NULL, 6, '2024-09-23 11:23:30'),
(256, 11, 36, '8.11', 'yes', 100, 'Description of control is fully met', NULL, 0, 'Asset component is directly publicly exposed', NULL, 100, '0.00000', '0.00000', '0.00000', NULL, NULL, NULL, NULL, NULL, NULL, NULL, 6, '2024-09-23 11:23:30'),
(257, 11, 36, '8.12', 'yes', 100, 'Description of control is fully met', NULL, 0, 'Asset component is directly publicly exposed', NULL, 100, '0.00000', '0.00000', '0.00000', NULL, NULL, NULL, NULL, NULL, NULL, NULL, 6, '2024-09-23 11:23:30'),
(258, 11, 36, '8.13', 'yes', 100, 'Description of control is fully met', NULL, 0, 'Asset component is directly publicly exposed', NULL, 100, '0.00000', '0.00000', '0.00000', NULL, NULL, NULL, NULL, NULL, NULL, NULL, 6, '2024-09-23 11:23:30'),
(259, 11, 36, '8.14', 'yes', 100, 'Description of control is fully met', NULL, 0, 'Asset component is directly publicly exposed', NULL, 100, '0.00000', '0.00000', '0.00000', NULL, NULL, NULL, NULL, NULL, NULL, NULL, 6, '2024-09-23 11:23:30'),
(260, 11, 36, '8.15', 'yes', 100, 'Description of control is fully met', NULL, 0, 'Asset component is directly publicly exposed', NULL, 100, '0.00000', '0.00000', '0.00000', NULL, NULL, NULL, NULL, NULL, NULL, NULL, 6, '2024-09-23 11:23:30'),
(261, 11, 36, '8.16', 'yes', 100, 'Description of control is fully met', NULL, 0, 'Asset component is directly publicly exposed', NULL, 100, '0.00000', '0.00000', '0.00000', NULL, NULL, NULL, NULL, NULL, NULL, NULL, 6, '2024-09-23 11:23:30'),
(262, 11, 36, '8.17', 'yes', 100, 'Description of control is fully met', NULL, 0, 'Asset component is directly publicly exposed', NULL, 100, '0.00000', '0.00000', '0.00000', NULL, NULL, NULL, NULL, NULL, NULL, NULL, 6, '2024-09-23 11:23:30'),
(263, 11, 36, '8.18', 'yes', 100, 'Description of control is fully met', NULL, 0, 'Asset component is directly publicly exposed', NULL, 100, '0.00000', '0.00000', '0.00000', NULL, NULL, NULL, NULL, NULL, NULL, NULL, 6, '2024-09-23 11:23:30'),
(264, 11, 36, '8.19', 'yes', 100, 'Description of control is fully met', NULL, 0, 'Asset component is directly publicly exposed', NULL, 100, '0.00000', '0.00000', '0.00000', NULL, NULL, NULL, NULL, NULL, NULL, NULL, 6, '2024-09-23 11:23:30'),
(265, 11, 36, '8.20', 'yes', 100, 'Description of control is fully met', NULL, 0, 'Asset component is directly publicly exposed', NULL, 100, '0.00000', '0.00000', '0.00000', NULL, NULL, NULL, NULL, NULL, NULL, NULL, 6, '2024-09-23 11:23:30'),
(266, 11, 36, '8.21', 'yes', 100, 'Description of control is fully met', NULL, 0, 'Asset component is directly publicly exposed', NULL, 100, '0.00000', '0.00000', '0.00000', NULL, NULL, NULL, NULL, NULL, NULL, NULL, 6, '2024-09-23 11:23:30'),
(267, 11, 36, '8.22', 'yes', 100, 'Description of control is fully met', NULL, 0, 'Asset component is directly publicly exposed', NULL, 100, '0.00000', '0.00000', '0.00000', NULL, NULL, NULL, NULL, NULL, NULL, NULL, 6, '2024-09-23 11:23:30'),
(268, 11, 36, '8.23', 'yes', 100, 'Description of control is fully met', NULL, 0, 'Asset component is directly publicly exposed', NULL, 100, '0.00000', '0.00000', '0.00000', NULL, NULL, NULL, NULL, NULL, NULL, NULL, 6, '2024-09-23 11:23:30'),
(269, 11, 36, '8.24', 'yes', 100, 'Description of control is fully met', NULL, 0, 'Asset component is directly publicly exposed', NULL, 100, '0.00000', '0.00000', '0.00000', NULL, NULL, NULL, NULL, NULL, NULL, NULL, 6, '2024-09-23 11:23:30'),
(270, 11, 36, '8.25', 'yes', 100, 'Description of control is fully met', NULL, 0, 'Asset component is directly publicly exposed', NULL, 100, '0.00000', '0.00000', '0.00000', NULL, NULL, NULL, NULL, NULL, NULL, NULL, 6, '2024-09-23 11:23:30'),
(271, 11, 36, '8.26', 'yes', 100, 'Description of control is fully met', NULL, 0, 'Asset component is directly publicly exposed', NULL, 100, '0.00000', '0.00000', '0.00000', NULL, NULL, NULL, NULL, NULL, NULL, NULL, 6, '2024-09-23 11:23:30'),
(272, 11, 36, '8.27', 'yes', 100, 'Description of control is fully met', NULL, 0, 'Asset component is directly publicly exposed', NULL, 100, '0.00000', '0.00000', '0.00000', NULL, NULL, NULL, NULL, NULL, NULL, NULL, 6, '2024-09-23 11:23:30'),
(273, 11, 36, '8.28', 'yes', 100, 'Description of control is fully met', NULL, 0, 'Asset component is directly publicly exposed', NULL, 100, '0.00000', '0.00000', '0.00000', NULL, NULL, NULL, NULL, NULL, NULL, NULL, 6, '2024-09-23 11:23:30'),
(274, 11, 36, '8.29', 'yes', 100, 'Description of control is fully met', NULL, 0, 'Asset component is directly publicly exposed', NULL, 100, '0.00000', '0.00000', '0.00000', NULL, NULL, NULL, NULL, NULL, NULL, NULL, 6, '2024-09-23 11:23:30'),
(275, 11, 36, '8.30', 'yes', 100, 'Description of control is fully met', NULL, 0, 'Asset component is directly publicly exposed', NULL, 100, '0.00000', '0.00000', '0.00000', NULL, NULL, NULL, NULL, NULL, NULL, NULL, 6, '2024-09-23 11:23:30'),
(276, 11, 36, '8.31', 'yes', 100, 'Description of control is fully met', NULL, 0, 'Asset component is directly publicly exposed', NULL, 100, '0.00000', '0.00000', '0.00000', NULL, NULL, NULL, NULL, NULL, NULL, NULL, 6, '2024-09-23 11:23:30'),
(277, 11, 36, '8.32', 'yes', 100, 'Description of control is fully met', NULL, 0, 'Asset component is directly publicly exposed', NULL, 100, '0.00000', '0.00000', '0.00000', NULL, NULL, NULL, NULL, NULL, NULL, NULL, 6, '2024-09-23 11:23:30'),
(278, 11, 36, '8.33', 'yes', 100, 'Description of control is fully met', NULL, 0, 'Asset component is directly publicly exposed', NULL, 100, '0.00000', '0.00000', '0.00000', NULL, NULL, NULL, NULL, NULL, NULL, NULL, 6, '2024-09-23 11:23:30'),
(279, 11, 36, '8.34', 'yes', 100, 'Description of control is fully met', NULL, 0, 'Asset component is directly publicly exposed', NULL, 100, '0.00000', '0.00000', '0.00000', NULL, NULL, NULL, NULL, NULL, NULL, NULL, 6, '2024-09-23 11:23:30'),
(466, 13, 41, '5.1', 'yes', 1, 'Description of control is fully met', NULL, 99, 'Asset component is NOT directly publicly exposed', NULL, 100, '9.90000', '0.99000', '4.95000', '[\"Breach of data confidentiality\"]', NULL, NULL, NULL, NULL, NULL, NULL, 6, '2024-09-29 19:37:18'),
(467, 13, 41, '5.2', 'yes', 100, 'Description of control is fully met', NULL, 0, 'Asset component is directly publicly exposed', NULL, 100, '0.00000', '0.00000', '0.00000', NULL, NULL, NULL, NULL, NULL, NULL, NULL, 6, '2024-09-29 19:37:18'),
(468, 13, 41, '5.3', 'yes', 100, 'Description of control is fully met', NULL, 0, 'Asset component is directly publicly exposed', NULL, 100, '0.00000', '0.00000', '0.00000', NULL, NULL, NULL, NULL, NULL, NULL, NULL, 6, '2024-09-29 19:37:18'),
(469, 13, 41, '5.4', 'yes', 100, 'Description of control is fully met', NULL, 0, 'Asset component is directly publicly exposed', NULL, 100, '0.00000', '0.00000', '0.00000', NULL, NULL, NULL, NULL, NULL, NULL, NULL, 6, '2024-09-29 19:37:18'),
(470, 13, 41, '5.5', 'yes', 100, 'Description of control is fully met', NULL, 0, 'Asset component is directly publicly exposed', NULL, 100, '0.00000', '0.00000', '0.00000', NULL, NULL, NULL, NULL, NULL, NULL, NULL, 6, '2024-09-29 19:37:18'),
(471, 13, 41, '5.6', 'yes', 100, 'Description of control is fully met', NULL, 0, 'Asset component is directly publicly exposed', NULL, 100, '0.00000', '0.00000', '0.00000', NULL, NULL, NULL, NULL, NULL, NULL, NULL, 6, '2024-09-29 19:37:18'),
(472, 13, 41, '5.7', 'yes', 100, 'Description of control is fully met', NULL, 0, 'Asset component is directly publicly exposed', NULL, 100, '0.00000', '0.00000', '0.00000', NULL, NULL, NULL, NULL, NULL, NULL, NULL, 6, '2024-09-29 19:37:18'),
(473, 13, 41, '5.8', 'yes', 100, 'Description of control is fully met', NULL, 0, 'Asset component is directly publicly exposed', NULL, 100, '0.00000', '0.00000', '0.00000', NULL, NULL, NULL, NULL, NULL, NULL, NULL, 6, '2024-09-29 19:37:18'),
(474, 13, 41, '5.9', 'yes', 100, 'Description of control is fully met', NULL, 0, 'Asset component is directly publicly exposed', NULL, 100, '0.00000', '0.00000', '0.00000', NULL, NULL, NULL, NULL, NULL, NULL, NULL, 6, '2024-09-29 19:37:18'),
(475, 13, 41, '5.10', 'yes', 100, 'Description of control is fully met', NULL, 0, 'Asset component is directly publicly exposed', NULL, 100, '0.00000', '0.00000', '0.00000', NULL, NULL, NULL, NULL, NULL, NULL, NULL, 6, '2024-09-29 19:37:18'),
(476, 13, 41, '5.11', 'yes', 100, 'Description of control is fully met', NULL, 0, 'Asset component is directly publicly exposed', NULL, 100, '0.00000', '0.00000', '0.00000', NULL, NULL, NULL, NULL, NULL, NULL, NULL, 6, '2024-09-29 19:37:18'),
(477, 13, 41, '5.12', 'yes', 100, 'Description of control is fully met', NULL, 0, 'Asset component is directly publicly exposed', NULL, 100, '0.00000', '0.00000', '0.00000', NULL, NULL, NULL, NULL, NULL, NULL, NULL, 6, '2024-09-29 19:37:18'),
(478, 13, 41, '5.13', 'yes', 100, 'Description of control is fully met', NULL, 0, 'Asset component is directly publicly exposed', NULL, 100, '0.00000', '0.00000', '0.00000', NULL, NULL, NULL, NULL, NULL, NULL, NULL, 6, '2024-09-29 19:37:18'),
(479, 13, 41, '5.14', 'yes', 100, 'Description of control is fully met', NULL, 0, 'Asset component is directly publicly exposed', NULL, 100, '0.00000', '0.00000', '0.00000', NULL, NULL, NULL, NULL, NULL, NULL, NULL, 6, '2024-09-29 19:37:18'),
(480, 13, 41, '5.15', 'yes', 100, 'Description of control is fully met', NULL, 0, 'Asset component is directly publicly exposed', NULL, 100, '0.00000', '0.00000', '0.00000', NULL, NULL, NULL, NULL, NULL, NULL, NULL, 6, '2024-09-29 19:37:18'),
(481, 13, 41, '5.16', 'yes', 100, 'Description of control is fully met', NULL, 0, 'Asset component is directly publicly exposed', NULL, 100, '0.00000', '0.00000', '0.00000', NULL, NULL, NULL, NULL, NULL, NULL, NULL, 6, '2024-09-29 19:37:18'),
(482, 13, 41, '5.17', 'yes', 100, 'Description of control is fully met', NULL, 0, 'Asset component is directly publicly exposed', NULL, 100, '0.00000', '0.00000', '0.00000', NULL, NULL, NULL, NULL, NULL, NULL, NULL, 6, '2024-09-29 19:37:18'),
(483, 13, 41, '5.18', 'yes', 100, 'Description of control is fully met', NULL, 0, 'Asset component is directly publicly exposed', NULL, 100, '0.00000', '0.00000', '0.00000', NULL, NULL, NULL, NULL, NULL, NULL, NULL, 6, '2024-09-29 19:37:18'),
(484, 13, 41, '5.19', 'yes', 100, 'Description of control is fully met', NULL, 0, 'Asset component is directly publicly exposed', NULL, 100, '0.00000', '0.00000', '0.00000', NULL, NULL, NULL, NULL, NULL, NULL, NULL, 6, '2024-09-29 19:37:18'),
(485, 13, 41, '5.20', 'yes', 100, 'Description of control is fully met', NULL, 0, 'Asset component is directly publicly exposed', NULL, 100, '0.00000', '0.00000', '0.00000', NULL, NULL, NULL, NULL, NULL, NULL, NULL, 6, '2024-09-29 19:37:18'),
(486, 13, 41, '5.21', 'yes', 100, 'Description of control is fully met', NULL, 0, 'Asset component is directly publicly exposed', NULL, 100, '0.00000', '0.00000', '0.00000', NULL, NULL, NULL, NULL, NULL, NULL, NULL, 6, '2024-09-23 11:58:20'),
(487, 13, 41, '5.22', 'yes', 100, 'Description of control is fully met', NULL, 0, 'Asset component is directly publicly exposed', NULL, 100, '0.00000', '0.00000', '0.00000', NULL, NULL, NULL, NULL, NULL, NULL, NULL, 6, '2024-09-23 11:58:20'),
(488, 13, 41, '5.23', 'yes', 100, 'Description of control is fully met', NULL, 0, 'Asset component is directly publicly exposed', NULL, 100, '0.00000', '0.00000', '0.00000', NULL, NULL, NULL, NULL, NULL, NULL, NULL, 6, '2024-09-23 11:58:20'),
(489, 13, 41, '5.24', 'yes', 100, 'Description of control is fully met', NULL, 0, 'Asset component is directly publicly exposed', NULL, 100, '0.00000', '0.00000', '0.00000', NULL, NULL, NULL, NULL, NULL, NULL, NULL, 6, '2024-09-23 11:58:20'),
(490, 13, 41, '5.25', 'yes', 100, 'Description of control is fully met', NULL, 0, 'Asset component is directly publicly exposed', NULL, 100, '0.00000', '0.00000', '0.00000', NULL, NULL, NULL, NULL, NULL, NULL, NULL, 6, '2024-09-23 11:58:20'),
(491, 13, 41, '5.26', 'yes', 100, 'Description of control is fully met', NULL, 0, 'Asset component is directly publicly exposed', NULL, 100, '0.00000', '0.00000', '0.00000', NULL, NULL, NULL, NULL, NULL, NULL, NULL, 6, '2024-09-29 19:37:18'),
(492, 13, 41, '5.27', 'yes', 100, 'Description of control is fully met', NULL, 0, 'Asset component is directly publicly exposed', NULL, 100, '0.00000', '0.00000', '0.00000', NULL, NULL, NULL, NULL, NULL, NULL, NULL, 6, '2024-09-29 19:37:18'),
(493, 13, 41, '5.28', 'yes', 100, 'Description of control is fully met', NULL, 0, 'Asset component is directly publicly exposed', NULL, 100, '0.00000', '0.00000', '0.00000', NULL, NULL, NULL, NULL, NULL, NULL, NULL, 6, '2024-09-29 19:37:18'),
(494, 13, 41, '5.29', 'yes', 100, 'Description of control is fully met', NULL, 0, 'Asset component is directly publicly exposed', NULL, 100, '0.00000', '0.00000', '0.00000', NULL, NULL, NULL, NULL, NULL, NULL, NULL, 6, '2024-09-29 19:37:18'),
(495, 13, 41, '5.30', 'yes', 100, 'Description of control is fully met', NULL, 0, 'Asset component is directly publicly exposed', NULL, 100, '0.00000', '0.00000', '0.00000', NULL, NULL, NULL, NULL, NULL, NULL, NULL, 6, '2024-09-29 19:37:18'),
(496, 13, 41, '5.31', 'yes', 100, 'Description of control is fully met', NULL, 0, 'Asset component is directly publicly exposed', NULL, 100, '0.00000', '0.00000', '0.00000', NULL, NULL, NULL, NULL, NULL, NULL, NULL, 6, '2024-09-29 19:37:18'),
(497, 13, 41, '5.32', 'yes', 100, 'Description of control is fully met', NULL, 0, 'Asset component is directly publicly exposed', NULL, 100, '0.00000', '0.00000', '0.00000', NULL, NULL, NULL, NULL, NULL, NULL, NULL, 6, '2024-09-29 19:37:18'),
(498, 13, 41, '5.33', 'yes', 100, 'Description of control is fully met', NULL, 0, 'Asset component is directly publicly exposed', NULL, 100, '0.00000', '0.00000', '0.00000', NULL, NULL, NULL, NULL, NULL, NULL, NULL, 6, '2024-09-29 19:37:18'),
(499, 13, 41, '5.34', 'yes', 100, 'Description of control is fully met', NULL, 0, 'Asset component is directly publicly exposed', NULL, 100, '0.00000', '0.00000', '0.00000', NULL, NULL, NULL, NULL, NULL, NULL, NULL, 6, '2024-09-29 19:37:18'),
(500, 13, 41, '5.35', 'yes', 100, 'Description of control is fully met', NULL, 0, 'Asset component is directly publicly exposed', NULL, 100, '0.00000', '0.00000', '0.00000', NULL, NULL, NULL, NULL, NULL, NULL, NULL, 6, '2024-09-29 19:37:18'),
(501, 13, 41, '5.36', 'yes', 100, 'Description of control is fully met', NULL, 0, 'Asset component is directly publicly exposed', NULL, 100, '0.00000', '0.00000', '0.00000', NULL, NULL, NULL, NULL, NULL, NULL, NULL, 6, '2024-09-29 19:37:18'),
(502, 13, 41, '5.37', 'yes', 100, 'Description of control is fully met', NULL, 0, 'Asset component is directly publicly exposed', NULL, 100, '0.00000', '0.00000', '0.00000', NULL, NULL, NULL, NULL, NULL, NULL, NULL, 6, '2024-09-29 19:37:18'),
(503, 13, 41, '6.1', 'yes', 100, 'Description of control is fully met', NULL, 0, 'Asset component is directly publicly exposed', NULL, 100, '0.00000', '0.00000', '0.00000', NULL, NULL, NULL, NULL, NULL, NULL, NULL, 6, '2024-09-29 19:37:18'),
(504, 13, 41, '6.2', 'yes', 100, 'Description of control is fully met', NULL, 0, 'Asset component is directly publicly exposed', NULL, 100, '0.00000', '0.00000', '0.00000', NULL, NULL, NULL, NULL, NULL, NULL, NULL, 6, '2024-09-29 19:37:18'),
(505, 13, 41, '6.3', 'yes', 100, 'Description of control is fully met', NULL, 0, 'Asset component is directly publicly exposed', NULL, 100, '0.00000', '0.00000', '0.00000', NULL, NULL, NULL, NULL, NULL, NULL, NULL, 6, '2024-09-29 19:37:18'),
(506, 13, 41, '6.4', 'yes', 100, 'Description of control is fully met', NULL, 0, 'Asset component is directly publicly exposed', NULL, 100, '0.00000', '0.00000', '0.00000', NULL, NULL, NULL, NULL, NULL, NULL, NULL, 6, '2024-09-29 19:37:18'),
(507, 13, 41, '6.5', 'yes', 100, 'Description of control is fully met', NULL, 0, 'Asset component is directly publicly exposed', NULL, 100, '0.00000', '0.00000', '0.00000', NULL, NULL, NULL, NULL, NULL, NULL, NULL, 6, '2024-09-29 19:37:18'),
(508, 13, 41, '6.6', 'yes', 100, 'Description of control is fully met', NULL, 0, 'Asset component is directly publicly exposed', NULL, 100, '0.00000', '0.00000', '0.00000', NULL, NULL, NULL, NULL, NULL, NULL, NULL, 6, '2024-09-29 19:37:18'),
(509, 13, 41, '6.7', 'yes', 100, 'Description of control is fully met', NULL, 0, 'Asset component is directly publicly exposed', NULL, 100, '0.00000', '0.00000', '0.00000', NULL, NULL, NULL, NULL, NULL, NULL, NULL, 6, '2024-09-29 19:37:18'),
(510, 13, 41, '6.8', 'yes', 100, 'Description of control is fully met', NULL, 0, 'Asset component is directly publicly exposed', NULL, 100, '0.00000', '0.00000', '0.00000', NULL, NULL, NULL, NULL, NULL, NULL, NULL, 6, '2024-09-29 19:37:18'),
(511, 13, 41, '7.1', 'yes', 100, 'Description of control is fully met', NULL, 0, 'Asset component is directly publicly exposed', NULL, 100, '0.00000', '0.00000', '0.00000', NULL, NULL, NULL, NULL, NULL, NULL, NULL, 6, '2024-09-29 19:37:18'),
(512, 13, 41, '7.2', 'yes', 100, 'Description of control is fully met', NULL, 0, 'Asset component is directly publicly exposed', NULL, 100, '0.00000', '0.00000', '0.00000', NULL, NULL, NULL, NULL, NULL, NULL, NULL, 6, '2024-09-29 19:37:18'),
(513, 13, 41, '7.3', 'yes', 100, 'Description of control is fully met', NULL, 0, 'Asset component is directly publicly exposed', NULL, 100, '0.00000', '0.00000', '0.00000', NULL, NULL, NULL, NULL, NULL, NULL, NULL, 6, '2024-09-29 19:37:18'),
(514, 13, 41, '7.4', 'yes', 100, 'Description of control is fully met', NULL, 0, 'Asset component is directly publicly exposed', NULL, 100, '0.00000', '0.00000', '0.00000', NULL, NULL, NULL, NULL, NULL, NULL, NULL, 6, '2024-09-29 19:37:18'),
(515, 13, 41, '7.5', 'yes', 100, 'Description of control is fully met', NULL, 0, 'Asset component is directly publicly exposed', NULL, 100, '0.00000', '0.00000', '0.00000', NULL, NULL, NULL, NULL, NULL, NULL, NULL, 6, '2024-09-29 19:37:18'),
(516, 13, 41, '7.6', 'yes', 100, 'Description of control is fully met', NULL, 0, 'Asset component is directly publicly exposed', NULL, 100, '0.00000', '0.00000', '0.00000', NULL, NULL, NULL, NULL, NULL, NULL, NULL, 6, '2024-09-29 19:37:18'),
(517, 13, 41, '7.7', 'yes', 100, 'Description of control is fully met', NULL, 0, 'Asset component is directly publicly exposed', NULL, 100, '0.00000', '0.00000', '0.00000', NULL, NULL, NULL, NULL, NULL, NULL, NULL, 6, '2024-09-29 19:37:18'),
(518, 13, 41, '7.8', 'yes', 100, 'Description of control is fully met', NULL, 0, 'Asset component is directly publicly exposed', NULL, 100, '0.00000', '0.00000', '0.00000', NULL, NULL, NULL, NULL, NULL, NULL, NULL, 6, '2024-09-29 19:37:18'),
(519, 13, 41, '7.9', 'yes', 100, 'Description of control is fully met', NULL, 0, 'Asset component is directly publicly exposed', NULL, 100, '0.00000', '0.00000', '0.00000', NULL, NULL, NULL, NULL, NULL, NULL, NULL, 6, '2024-09-29 19:37:18'),
(520, 13, 41, '7.10', 'yes', 100, 'Description of control is fully met', NULL, 0, 'Asset component is directly publicly exposed', NULL, 100, '0.00000', '0.00000', '0.00000', NULL, NULL, NULL, NULL, NULL, NULL, NULL, 6, '2024-09-29 19:37:18'),
(521, 13, 41, '7.11', 'yes', 100, 'Description of control is fully met', NULL, 0, 'Asset component is directly publicly exposed', NULL, 100, '0.00000', '0.00000', '0.00000', NULL, NULL, NULL, NULL, NULL, NULL, NULL, 6, '2024-09-29 19:37:18'),
(522, 13, 41, '7.12', 'yes', 100, 'Description of control is fully met', NULL, 0, 'Asset component is directly publicly exposed', NULL, 100, '0.00000', '0.00000', '0.00000', NULL, NULL, NULL, NULL, NULL, NULL, NULL, 6, '2024-09-29 19:37:18'),
(523, 13, 41, '7.13', 'yes', 100, 'Description of control is fully met', NULL, 0, 'Asset component is directly publicly exposed', NULL, 100, '0.00000', '0.00000', '0.00000', NULL, NULL, NULL, NULL, NULL, NULL, NULL, 6, '2024-09-29 19:37:18'),
(524, 13, 41, '7.14', 'yes', 100, 'Description of control is fully met', NULL, 0, 'Asset component is directly publicly exposed', NULL, 100, '0.00000', '0.00000', '0.00000', NULL, NULL, NULL, NULL, NULL, NULL, NULL, 6, '2024-09-29 19:37:18'),
(525, 13, 41, '8.1', 'yes', 100, 'Description of control is fully met', NULL, 0, 'Asset component is directly publicly exposed', NULL, 100, '0.00000', '0.00000', '0.00000', NULL, NULL, NULL, NULL, NULL, NULL, NULL, 6, '2024-09-29 19:37:18'),
(526, 13, 41, '8.2', 'yes', 100, 'Description of control is fully met', NULL, 0, 'Asset component is directly publicly exposed', NULL, 100, '0.00000', '0.00000', '0.00000', NULL, NULL, NULL, NULL, NULL, NULL, NULL, 6, '2024-09-29 19:37:18'),
(527, 13, 41, '8.3', 'yes', 100, 'Description of control is fully met', NULL, 0, 'Asset component is directly publicly exposed', NULL, 100, '0.00000', '0.00000', '0.00000', NULL, NULL, NULL, NULL, NULL, NULL, NULL, 6, '2024-09-29 19:37:19'),
(528, 13, 41, '8.4', 'yes', 100, 'Description of control is fully met', NULL, 0, 'Asset component is directly publicly exposed', NULL, 100, '0.00000', '0.00000', '0.00000', NULL, NULL, NULL, NULL, NULL, NULL, NULL, 6, '2024-09-29 19:37:19'),
(529, 13, 41, '8.5', 'yes', 100, 'Description of control is fully met', NULL, 0, 'Asset component is directly publicly exposed', NULL, 100, '0.00000', '0.00000', '0.00000', NULL, NULL, NULL, NULL, NULL, NULL, NULL, 6, '2024-09-29 19:37:19'),
(530, 13, 41, '8.6', 'yes', 100, 'Description of control is fully met', NULL, 0, 'Asset component is directly publicly exposed', NULL, 100, '0.00000', '0.00000', '0.00000', NULL, NULL, NULL, NULL, NULL, NULL, NULL, 6, '2024-09-29 19:37:19'),
(531, 13, 41, '8.7', 'yes', 100, 'Description of control is fully met', NULL, 0, 'Asset component is directly publicly exposed', NULL, 100, '0.00000', '0.00000', '0.00000', NULL, NULL, NULL, NULL, NULL, NULL, NULL, 6, '2024-09-29 19:37:19'),
(532, 13, 41, '8.8', 'yes', 100, 'Description of control is fully met', NULL, 0, 'Asset component is directly publicly exposed', NULL, 100, '0.00000', '0.00000', '0.00000', NULL, NULL, NULL, NULL, NULL, NULL, NULL, 6, '2024-09-29 19:37:19'),
(533, 13, 41, '8.9', 'yes', 100, 'Description of control is fully met', NULL, 0, 'Asset component is directly publicly exposed', NULL, 100, '0.00000', '0.00000', '0.00000', NULL, NULL, NULL, NULL, NULL, NULL, NULL, 6, '2024-09-29 19:37:19'),
(534, 13, 41, '8.10', 'yes', 100, 'Description of control is fully met', NULL, 0, 'Asset component is directly publicly exposed', NULL, 100, '0.00000', '0.00000', '0.00000', NULL, NULL, NULL, NULL, NULL, NULL, NULL, 6, '2024-09-29 19:37:19'),
(535, 13, 41, '8.11', 'yes', 100, 'Description of control is fully met', NULL, 0, 'Asset component is directly publicly exposed', NULL, 100, '0.00000', '0.00000', '0.00000', NULL, NULL, NULL, NULL, NULL, NULL, NULL, 6, '2024-09-29 19:37:19'),
(536, 13, 41, '8.12', 'yes', 100, 'Description of control is fully met', NULL, 0, 'Asset component is directly publicly exposed', NULL, 100, '0.00000', '0.00000', '0.00000', NULL, NULL, NULL, NULL, NULL, NULL, NULL, 6, '2024-09-29 19:37:19'),
(537, 13, 41, '8.13', 'yes', 100, 'Description of control is fully met', NULL, 0, 'Asset component is directly publicly exposed', NULL, 100, '0.00000', '0.00000', '0.00000', NULL, NULL, NULL, NULL, NULL, NULL, NULL, 6, '2024-09-29 19:37:19'),
(538, 13, 41, '8.14', 'yes', 100, 'Description of control is fully met', NULL, 0, 'Asset component is directly publicly exposed', NULL, 100, '0.00000', '0.00000', '0.00000', NULL, NULL, NULL, NULL, NULL, NULL, NULL, 6, '2024-09-29 19:37:19'),
(539, 13, 41, '8.15', 'yes', 100, 'Description of control is fully met', NULL, 0, 'Asset component is directly publicly exposed', NULL, 100, '0.00000', '0.00000', '0.00000', NULL, NULL, NULL, NULL, NULL, NULL, NULL, 6, '2024-09-29 19:37:19'),
(540, 13, 41, '8.16', 'yes', 100, 'Description of control is fully met', NULL, 0, 'Asset component is directly publicly exposed', NULL, 100, '0.00000', '0.00000', '0.00000', NULL, NULL, NULL, NULL, NULL, NULL, NULL, 6, '2024-09-29 19:37:19'),
(541, 13, 41, '8.17', 'yes', 100, 'Description of control is fully met', NULL, 0, 'Asset component is directly publicly exposed', NULL, 100, '0.00000', '0.00000', '0.00000', NULL, NULL, NULL, NULL, NULL, NULL, NULL, 6, '2024-09-29 19:37:19'),
(542, 13, 41, '8.18', 'yes', 100, 'Description of control is fully met', NULL, 0, 'Asset component is directly publicly exposed', NULL, 100, '0.00000', '0.00000', '0.00000', NULL, NULL, NULL, NULL, NULL, NULL, NULL, 6, '2024-09-29 19:37:19'),
(543, 13, 41, '8.19', 'yes', 100, 'Description of control is fully met', NULL, 0, 'Asset component is directly publicly exposed', NULL, 100, '0.00000', '0.00000', '0.00000', NULL, NULL, NULL, NULL, NULL, NULL, NULL, 6, '2024-09-29 19:37:19'),
(544, 13, 41, '8.20', 'yes', 100, 'Description of control is fully met', NULL, 0, 'Asset component is directly publicly exposed', NULL, 100, '0.00000', '0.00000', '0.00000', NULL, NULL, NULL, NULL, NULL, NULL, NULL, 6, '2024-09-29 19:37:19'),
(545, 13, 41, '8.21', 'yes', 100, 'Description of control is fully met', NULL, 0, 'Asset component is directly publicly exposed', NULL, 100, '0.00000', '0.00000', '0.00000', NULL, NULL, NULL, NULL, NULL, NULL, NULL, 6, '2024-09-29 19:37:19'),
(546, 13, 41, '8.22', 'yes', 100, 'Description of control is fully met', NULL, 0, 'Asset component is directly publicly exposed', NULL, 100, '0.00000', '0.00000', '0.00000', NULL, NULL, NULL, NULL, NULL, NULL, NULL, 6, '2024-09-29 19:37:19'),
(547, 13, 41, '8.23', 'yes', 100, 'Description of control is fully met', NULL, 0, 'Asset component is directly publicly exposed', NULL, 100, '0.00000', '0.00000', '0.00000', NULL, NULL, NULL, NULL, NULL, NULL, NULL, 6, '2024-09-29 19:37:19'),
(548, 13, 41, '8.24', 'yes', 100, 'Description of control is fully met', NULL, 0, 'Asset component is directly publicly exposed', NULL, 100, '0.00000', '0.00000', '0.00000', NULL, NULL, NULL, NULL, NULL, NULL, NULL, 6, '2024-09-29 19:37:19'),
(549, 13, 41, '8.25', 'yes', 100, 'Description of control is fully met', NULL, 0, 'Asset component is directly publicly exposed', NULL, 100, '0.00000', '0.00000', '0.00000', NULL, NULL, NULL, NULL, NULL, NULL, NULL, 6, '2024-09-29 19:37:19'),
(550, 13, 41, '8.26', 'yes', 100, 'Description of control is fully met', NULL, 0, 'Asset component is directly publicly exposed', NULL, 100, '0.00000', '0.00000', '0.00000', NULL, NULL, NULL, NULL, NULL, NULL, NULL, 6, '2024-09-29 19:37:19'),
(551, 13, 41, '8.27', 'yes', 100, 'Description of control is fully met', NULL, 0, 'Asset component is directly publicly exposed', NULL, 100, '0.00000', '0.00000', '0.00000', NULL, NULL, NULL, NULL, NULL, NULL, NULL, 6, '2024-09-29 19:37:19'),
(552, 13, 41, '8.28', 'yes', 100, 'Description of control is fully met', NULL, 0, 'Asset component is directly publicly exposed', NULL, 100, '0.00000', '0.00000', '0.00000', NULL, NULL, NULL, NULL, NULL, NULL, NULL, 6, '2024-09-29 19:37:19'),
(553, 13, 41, '8.29', 'yes', 100, 'Description of control is fully met', NULL, 0, 'Asset component is directly publicly exposed', NULL, 100, '0.00000', '0.00000', '0.00000', NULL, NULL, NULL, NULL, NULL, NULL, NULL, 6, '2024-09-29 19:37:19'),
(554, 13, 41, '8.30', 'yes', 100, 'Description of control is fully met', NULL, 0, 'Asset component is directly publicly exposed', NULL, 100, '0.00000', '0.00000', '0.00000', NULL, NULL, NULL, NULL, NULL, NULL, NULL, 6, '2024-09-29 19:37:19'),
(555, 13, 41, '8.31', 'yes', 100, 'Description of control is fully met', NULL, 0, 'Asset component is directly publicly exposed', NULL, 100, '0.00000', '0.00000', '0.00000', NULL, NULL, NULL, NULL, NULL, NULL, NULL, 6, '2024-09-29 19:37:19'),
(556, 13, 41, '8.32', 'yes', 100, 'Description of control is fully met', NULL, 0, 'Asset component is directly publicly exposed', NULL, 100, '0.00000', '0.00000', '0.00000', NULL, NULL, NULL, NULL, NULL, NULL, NULL, 6, '2024-09-29 19:37:19'),
(557, 13, 41, '8.33', 'yes', 100, 'Description of control is fully met', NULL, 0, 'Asset component is directly publicly exposed', NULL, 100, '0.00000', '0.00000', '0.00000', NULL, NULL, NULL, NULL, NULL, NULL, NULL, 6, '2024-09-29 19:37:19'),
(558, 13, 41, '8.34', 'yes', 100, 'Description of control is fully met', NULL, 0, 'Asset component is directly publicly exposed', NULL, 100, '0.00000', '0.00000', '0.00000', NULL, NULL, NULL, NULL, NULL, NULL, NULL, 6, '2024-09-23 11:58:20'),
(559, 14, 45, '5.1', 'yes', 80, 'Description of control is fully met', NULL, 20, 'Asset component is directly publicly exposed', NULL, 100, '2.00000', '2.00000', '2.00000', NULL, NULL, NULL, NULL, NULL, NULL, NULL, 6, '2024-10-04 04:51:54'),
(560, 14, 45, '5.2', 'yes', 20, 'Description of control is fully met', NULL, 80, 'Asset component is directly publicly exposed', NULL, 100, '8.00000', '8.00000', '8.00000', NULL, NULL, NULL, NULL, NULL, NULL, NULL, 6, '2024-10-04 04:51:54'),
(561, 14, 45, '5.3', 'yes', 40, 'Description of control is fully met', NULL, 60, 'Asset component is directly publicly exposed', NULL, 100, '6.00000', '6.00000', '6.00000', NULL, NULL, NULL, NULL, NULL, NULL, NULL, 6, '2024-10-04 04:51:54'),
(562, 14, 45, '5.4', 'yes', 100, 'Description of control is fully met', NULL, 0, 'Asset component is directly publicly exposed', NULL, 100, '0.00000', '0.00000', '0.00000', NULL, NULL, NULL, NULL, NULL, NULL, NULL, 6, '2024-10-04 04:51:54'),
(563, 14, 45, '5.5', 'yes', 70, 'Description of control is fully met', NULL, 30, 'Asset component is directly publicly exposed', NULL, 100, '3.00000', '3.00000', '3.00000', NULL, NULL, NULL, NULL, NULL, NULL, NULL, 6, '2024-10-04 04:51:54'),
(564, 14, 45, '5.6', 'yes', 100, 'Description of control is fully met', NULL, 0, 'Asset component is directly publicly exposed', NULL, 100, '0.00000', '0.00000', '0.00000', NULL, NULL, NULL, NULL, NULL, NULL, NULL, 6, '2024-10-04 04:51:54'),
(565, 14, 45, '5.7', 'yes', 10, 'Description of control is fully met', NULL, 90, 'Asset component is directly publicly exposed', NULL, 100, '9.00000', '9.00000', '9.00000', NULL, NULL, NULL, NULL, NULL, NULL, NULL, 6, '2024-10-04 04:51:54'),
(566, 14, 45, '5.8', 'yes', 100, 'Description of control is fully met', NULL, 0, 'Asset component is directly publicly exposed', NULL, 100, '0.00000', '0.00000', '0.00000', NULL, NULL, NULL, NULL, NULL, NULL, NULL, 6, '2024-10-04 04:51:54'),
(567, 14, 45, '5.9', 'yes', 100, 'Description of control is fully met', NULL, 0, 'Asset component is directly publicly exposed', NULL, 100, '0.00000', '0.00000', '0.00000', NULL, NULL, NULL, NULL, NULL, NULL, NULL, 6, '2024-10-04 04:51:54'),
(568, 14, 45, '5.10', 'yes', 100, 'Description of control is fully met', NULL, 0, 'Asset component is directly publicly exposed', NULL, 100, '0.00000', '0.00000', '0.00000', NULL, NULL, NULL, NULL, NULL, NULL, NULL, 6, '2024-10-04 04:51:54'),
(569, 14, 45, '5.11', 'yes', 100, 'Description of control is fully met', NULL, 0, 'Asset component is directly publicly exposed', NULL, 100, '0.00000', '0.00000', '0.00000', NULL, NULL, NULL, NULL, NULL, NULL, NULL, 6, '2024-10-04 04:51:54'),
(570, 14, 45, '5.12', 'yes', 100, 'Description of control is fully met', NULL, 0, 'Asset component is directly publicly exposed', NULL, 100, '0.00000', '0.00000', '0.00000', NULL, NULL, NULL, NULL, NULL, NULL, NULL, 6, '2024-10-04 04:51:54'),
(571, 14, 45, '5.13', 'yes', 100, 'Description of control is fully met', NULL, 0, 'Asset component is directly publicly exposed', NULL, 100, '0.00000', '0.00000', '0.00000', NULL, NULL, NULL, NULL, NULL, NULL, NULL, 6, '2024-10-04 04:51:54'),
(572, 14, 45, '5.14', 'yes', 100, 'Description of control is fully met', NULL, 0, 'Asset component is directly publicly exposed', NULL, 100, '0.00000', '0.00000', '0.00000', NULL, NULL, NULL, NULL, NULL, NULL, NULL, 6, '2024-10-04 04:51:54'),
(573, 14, 45, '5.15', 'yes', 100, 'Description of control is fully met', NULL, 0, 'Asset component is directly publicly exposed', NULL, 100, '0.00000', '0.00000', '0.00000', NULL, NULL, NULL, NULL, NULL, NULL, NULL, 6, '2024-10-04 04:51:54'),
(574, 14, 45, '5.16', 'yes', 100, 'Description of control is fully met', NULL, 0, 'Asset component is directly publicly exposed', NULL, 100, '0.00000', '0.00000', '0.00000', NULL, NULL, NULL, NULL, NULL, NULL, NULL, 6, '2024-10-04 04:51:54'),
(575, 14, 45, '5.17', 'yes', 100, 'Description of control is fully met', NULL, 0, 'Asset component is directly publicly exposed', NULL, 100, '0.00000', '0.00000', '0.00000', NULL, NULL, NULL, NULL, NULL, NULL, NULL, 6, '2024-10-04 04:51:54'),
(576, 14, 45, '5.18', 'yes', 100, 'Description of control is fully met', NULL, 0, 'Asset component is directly publicly exposed', NULL, 100, '0.00000', '0.00000', '0.00000', NULL, NULL, NULL, NULL, NULL, NULL, NULL, 6, '2024-10-04 04:51:54'),
(577, 14, 45, '5.19', 'yes', 100, 'Description of control is fully met', NULL, 0, 'Asset component is directly publicly exposed', NULL, 100, '0.00000', '0.00000', '0.00000', NULL, NULL, NULL, NULL, NULL, NULL, NULL, 6, '2024-10-04 04:51:54'),
(578, 14, 45, '5.20', 'yes', 100, 'Description of control is fully met', NULL, 0, 'Asset component is directly publicly exposed', NULL, 100, '0.00000', '0.00000', '0.00000', NULL, NULL, NULL, NULL, NULL, NULL, NULL, 6, '2024-10-04 04:51:54'),
(579, 14, 45, '5.21', 'yes', 100, 'Description of control is fully met', NULL, 0, 'Asset component is directly publicly exposed', NULL, 100, '0.00000', '0.00000', '0.00000', NULL, NULL, NULL, NULL, NULL, NULL, NULL, 6, '2024-10-04 04:51:54'),
(580, 14, 45, '5.22', 'yes', 100, 'Description of control is fully met', NULL, 0, 'Asset component is directly publicly exposed', NULL, 100, '0.00000', '0.00000', '0.00000', NULL, NULL, NULL, NULL, NULL, NULL, NULL, 6, '2024-10-04 04:51:54'),
(581, 14, 45, '5.23', 'yes', 100, 'Description of control is fully met', NULL, 0, 'Asset component is directly publicly exposed', NULL, 100, '0.00000', '0.00000', '0.00000', NULL, NULL, NULL, NULL, NULL, NULL, NULL, 6, '2024-10-04 04:51:54'),
(582, 14, 45, '5.24', 'yes', 100, 'Description of control is fully met', NULL, 0, 'Asset component is directly publicly exposed', NULL, 100, '0.00000', '0.00000', '0.00000', NULL, NULL, NULL, NULL, NULL, NULL, NULL, 6, '2024-10-04 04:51:54'),
(583, 14, 45, '5.25', 'yes', 100, 'Description of control is fully met', NULL, 0, 'Asset component is directly publicly exposed', NULL, 100, '0.00000', '0.00000', '0.00000', NULL, NULL, NULL, NULL, NULL, NULL, NULL, 6, '2024-10-04 04:51:54'),
(584, 14, 45, '5.26', 'yes', 100, 'Description of control is fully met', NULL, 0, 'Asset component is directly publicly exposed', NULL, 100, '0.00000', '0.00000', '0.00000', NULL, NULL, NULL, NULL, NULL, NULL, NULL, 6, '2024-10-04 04:51:54'),
(585, 14, 45, '5.27', 'yes', 100, 'Description of control is fully met', NULL, 0, 'Asset component is directly publicly exposed', NULL, 100, '0.00000', '0.00000', '0.00000', NULL, NULL, NULL, NULL, NULL, NULL, NULL, 6, '2024-10-04 04:51:54'),
(586, 14, 45, '5.28', 'yes', 100, 'Description of control is fully met', NULL, 0, 'Asset component is directly publicly exposed', NULL, 100, '0.00000', '0.00000', '0.00000', NULL, NULL, NULL, NULL, NULL, NULL, NULL, 6, '2024-10-04 04:51:54'),
(587, 14, 45, '5.29', 'yes', 100, 'Description of control is fully met', NULL, 0, 'Asset component is directly publicly exposed', NULL, 100, '0.00000', '0.00000', '0.00000', NULL, NULL, NULL, NULL, NULL, NULL, NULL, 6, '2024-10-04 04:51:54'),
(588, 14, 45, '5.30', 'yes', 100, 'Description of control is fully met', NULL, 0, 'Asset component is directly publicly exposed', NULL, 100, '0.00000', '0.00000', '0.00000', NULL, NULL, NULL, NULL, NULL, NULL, NULL, 6, '2024-10-04 04:51:54'),
(589, 14, 45, '5.31', 'yes', 100, 'Description of control is fully met', NULL, 0, 'Asset component is directly publicly exposed', NULL, 100, '0.00000', '0.00000', '0.00000', NULL, NULL, NULL, NULL, NULL, NULL, NULL, 6, '2024-10-04 04:51:54'),
(590, 14, 45, '5.32', 'yes', 100, 'Description of control is fully met', NULL, 0, 'Asset component is directly publicly exposed', NULL, 100, '0.00000', '0.00000', '0.00000', NULL, NULL, NULL, NULL, NULL, NULL, NULL, 6, '2024-10-04 04:51:55'),
(591, 14, 45, '5.33', 'yes', 100, 'Description of control is fully met', NULL, 0, 'Asset component is directly publicly exposed', NULL, 100, '0.00000', '0.00000', '0.00000', NULL, NULL, NULL, NULL, NULL, NULL, NULL, 6, '2024-10-04 04:51:55'),
(592, 14, 45, '5.34', 'yes', 100, 'Description of control is fully met', NULL, 0, 'Asset component is directly publicly exposed', NULL, 100, '0.00000', '0.00000', '0.00000', NULL, NULL, NULL, NULL, NULL, NULL, NULL, 6, '2024-10-04 04:51:55'),
(593, 14, 45, '5.35', 'yes', 100, 'Description of control is fully met', NULL, 0, 'Asset component is directly publicly exposed', NULL, 100, '0.00000', '0.00000', '0.00000', NULL, NULL, NULL, NULL, NULL, NULL, NULL, 6, '2024-10-04 04:51:55'),
(594, 14, 45, '5.36', 'yes', 100, 'Description of control is fully met', NULL, 0, 'Asset component is directly publicly exposed', NULL, 90, '0.00000', '0.00000', '0.00000', NULL, NULL, NULL, NULL, NULL, NULL, NULL, 6, '2024-10-04 04:51:55'),
(595, 14, 45, '5.37', 'yes', 100, 'Description of control is fully met', NULL, 0, 'Asset component is directly publicly exposed', NULL, 80, '0.00000', '0.00000', '0.00000', NULL, NULL, NULL, NULL, NULL, NULL, NULL, 6, '2024-10-04 04:51:55'),
(596, 14, 45, '6.1', 'yes', 100, 'Description of control is fully met', NULL, 0, 'Asset component is directly publicly exposed', NULL, 100, '0.00000', '0.00000', '0.00000', NULL, NULL, NULL, NULL, NULL, NULL, NULL, 6, '2024-10-04 04:51:55'),
(597, 14, 45, '6.2', 'yes', 100, 'Description of control is fully met', NULL, 0, 'Asset component is directly publicly exposed', NULL, 60, '0.00000', '0.00000', '0.00000', NULL, NULL, NULL, NULL, NULL, NULL, NULL, 6, '2024-10-04 04:51:55');
INSERT INTO `iso_sec_2_3_1` (`assessment_id`, `project_id`, `asset_id`, `control_num`, `applicability`, `control_compliance`, `desc_vulnerability`, `desc_vulnerability_other`, `vulnerability`, `desc_threat`, `desc_threat_other`, `threat`, `risk_level`, `risk_integrity`, `risk_availability`, `desc_risk`, `desc_risk_other`, `residual_risk_treatment`, `treatment_action`, `treatment_target_date`, `treatment_comp_date`, `responsibility_for_treatment`, `last_edited_by`, `last_edited_at`) VALUES
(598, 14, 45, '6.3', 'yes', 100, 'Description of control is fully met', NULL, 0, 'Asset component is directly publicly exposed', NULL, 60, '0.00000', '0.00000', '0.00000', NULL, NULL, NULL, NULL, NULL, NULL, NULL, 6, '2024-10-04 04:51:55'),
(599, 14, 45, '6.4', 'yes', 30, 'Description of control is fully met', NULL, 70, 'Asset component is directly publicly exposed', NULL, 50, '3.50000', '3.50000', '3.50000', NULL, NULL, NULL, NULL, NULL, NULL, NULL, 6, '2024-10-04 04:51:55'),
(600, 14, 45, '6.5', 'yes', 10, 'Description of control is fully met', NULL, 90, 'Asset component is directly publicly exposed', NULL, 100, '9.00000', '9.00000', '9.00000', NULL, NULL, NULL, NULL, NULL, NULL, NULL, 6, '2024-10-04 04:51:55'),
(601, 14, 45, '6.6', 'yes', 20, 'Description of control is fully met', NULL, 80, 'Asset component is directly publicly exposed', NULL, 40, '3.20000', '3.20000', '3.20000', NULL, NULL, NULL, NULL, NULL, NULL, NULL, 6, '2024-10-04 04:51:55'),
(602, 14, 45, '6.7', 'yes', 40, 'Description of control is fully met', NULL, 60, 'Asset component is directly publicly exposed', NULL, 10, '0.60000', '0.60000', '0.60000', NULL, NULL, NULL, NULL, NULL, NULL, NULL, 6, '2024-10-04 04:51:55'),
(603, 14, 45, '6.8', 'yes', 60, 'Description of control is fully met', NULL, 40, 'Asset component is directly publicly exposed', NULL, 100, '4.00000', '4.00000', '4.00000', NULL, NULL, NULL, NULL, NULL, NULL, NULL, 6, '2024-10-04 04:51:55'),
(604, 14, 45, '7.1', 'yes', 70, 'Description of control is fully met', NULL, 30, 'Asset component is directly publicly exposed', NULL, 20, '0.60000', '0.60000', '0.60000', NULL, NULL, NULL, NULL, NULL, NULL, NULL, 6, '2024-10-04 04:51:55'),
(605, 14, 45, '7.2', 'yes', 100, 'Description of control is fully met', NULL, 0, 'Asset component is directly publicly exposed', NULL, 100, '0.00000', '0.00000', '0.00000', NULL, NULL, NULL, NULL, NULL, NULL, NULL, 6, '2024-10-04 04:51:55'),
(606, 14, 45, '7.3', 'yes', 100, 'Description of control is fully met', NULL, 0, 'Asset component is directly publicly exposed', NULL, 30, '0.00000', '0.00000', '0.00000', NULL, NULL, NULL, NULL, NULL, NULL, NULL, 6, '2024-10-04 04:51:55'),
(607, 14, 45, '7.4', 'yes', 100, 'Description of control is fully met', NULL, 0, 'Asset component is directly publicly exposed', NULL, 100, '0.00000', '0.00000', '0.00000', NULL, NULL, NULL, NULL, NULL, NULL, NULL, 6, '2024-10-04 04:51:55'),
(608, 14, 45, '7.5', 'yes', 100, 'Description of control is fully met', NULL, 0, 'Asset component is directly publicly exposed', NULL, 100, '0.00000', '0.00000', '0.00000', NULL, NULL, NULL, NULL, NULL, NULL, NULL, 6, '2024-10-04 04:51:55'),
(609, 14, 45, '7.6', 'yes', 100, 'Description of control is fully met', NULL, 0, 'Asset component is directly publicly exposed', NULL, 100, '0.00000', '0.00000', '0.00000', NULL, NULL, NULL, NULL, NULL, NULL, NULL, 6, '2024-10-04 04:51:55'),
(610, 14, 45, '7.7', 'yes', 100, 'Description of control is fully met', NULL, 0, 'Asset component is directly publicly exposed', NULL, 100, '0.00000', '0.00000', '0.00000', NULL, NULL, NULL, NULL, NULL, NULL, NULL, 6, '2024-10-04 04:51:55'),
(611, 14, 45, '7.8', 'yes', 100, 'Description of control is fully met', NULL, 0, 'Asset component is directly publicly exposed', NULL, 100, '0.00000', '0.00000', '0.00000', NULL, NULL, NULL, NULL, NULL, NULL, NULL, 6, '2024-10-04 04:51:55'),
(612, 14, 45, '7.9', 'yes', 100, 'Description of control is fully met', NULL, 0, 'Asset component is directly publicly exposed', NULL, 100, '0.00000', '0.00000', '0.00000', NULL, NULL, NULL, NULL, NULL, NULL, NULL, 6, '2024-10-04 04:51:55'),
(613, 14, 45, '7.10', 'yes', 100, 'Description of control is fully met', NULL, 0, 'Asset component is directly publicly exposed', NULL, 100, '0.00000', '0.00000', '0.00000', NULL, NULL, NULL, NULL, NULL, NULL, NULL, 6, '2024-10-04 04:51:55'),
(614, 14, 45, '7.11', 'yes', 100, 'Description of control is fully met', NULL, 0, 'Asset component is directly publicly exposed', NULL, 100, '0.00000', '0.00000', '0.00000', NULL, NULL, NULL, NULL, NULL, NULL, NULL, 6, '2024-10-04 04:51:55'),
(615, 14, 45, '7.12', 'yes', 100, 'Description of control is fully met', NULL, 0, 'Asset component is directly publicly exposed', NULL, 100, '0.00000', '0.00000', '0.00000', NULL, NULL, NULL, NULL, NULL, NULL, NULL, 6, '2024-10-04 04:51:55'),
(616, 14, 45, '7.13', 'yes', 100, 'Description of control is fully met', NULL, 0, 'Asset component is directly publicly exposed', NULL, 100, '0.00000', '0.00000', '0.00000', NULL, NULL, NULL, NULL, NULL, NULL, NULL, 6, '2024-10-04 04:51:55'),
(617, 14, 45, '7.14', 'yes', 100, 'Description of control is fully met', NULL, 0, 'Asset component is directly publicly exposed', NULL, 100, '0.00000', '0.00000', '0.00000', NULL, NULL, NULL, NULL, NULL, NULL, NULL, 6, '2024-10-04 04:51:55'),
(618, 14, 45, '8.1', 'yes', 100, 'Description of control is fully met', NULL, 0, 'Asset component is directly publicly exposed', NULL, 100, '0.00000', '0.00000', '0.00000', NULL, NULL, NULL, NULL, NULL, NULL, NULL, 6, '2024-10-04 04:51:55'),
(619, 14, 45, '8.2', 'yes', 100, 'Description of control is fully met', NULL, 0, 'Asset component is directly publicly exposed', NULL, 100, '0.00000', '0.00000', '0.00000', NULL, NULL, NULL, NULL, NULL, NULL, NULL, 6, '2024-10-04 04:51:55'),
(620, 14, 45, '8.3', 'yes', 100, 'Description of control is fully met', NULL, 0, 'Asset component is directly publicly exposed', NULL, 100, '0.00000', '0.00000', '0.00000', NULL, NULL, NULL, NULL, NULL, NULL, NULL, 6, '2024-10-04 04:51:55'),
(621, 14, 45, '8.4', 'yes', 100, 'Description of control is fully met', NULL, 0, 'Asset component is directly publicly exposed', NULL, 100, '0.00000', '0.00000', '0.00000', NULL, NULL, NULL, NULL, NULL, NULL, NULL, 6, '2024-10-04 04:51:55'),
(622, 14, 45, '8.5', 'yes', 100, 'Description of control is fully met', NULL, 0, 'Asset component is directly publicly exposed', NULL, 100, '0.00000', '0.00000', '0.00000', NULL, NULL, NULL, NULL, NULL, NULL, NULL, 6, '2024-10-04 04:51:55'),
(623, 14, 45, '8.6', 'yes', 100, 'Description of control is fully met', NULL, 0, 'Asset component is directly publicly exposed', NULL, 100, '0.00000', '0.00000', '0.00000', NULL, NULL, NULL, NULL, NULL, NULL, NULL, 6, '2024-10-04 04:51:55'),
(624, 14, 45, '8.7', 'yes', 100, 'Description of control is fully met', NULL, 0, 'Asset component is directly publicly exposed', NULL, 100, '0.00000', '0.00000', '0.00000', NULL, NULL, NULL, NULL, NULL, NULL, NULL, 6, '2024-10-04 04:51:55'),
(625, 14, 45, '8.8', 'yes', 100, 'Description of control is fully met', NULL, 0, 'Asset component is directly publicly exposed', NULL, 100, '0.00000', '0.00000', '0.00000', NULL, NULL, NULL, NULL, NULL, NULL, NULL, 6, '2024-10-04 04:51:55'),
(626, 14, 45, '8.9', 'yes', 100, 'Description of control is fully met', NULL, 0, 'Asset component is directly publicly exposed', NULL, 100, '0.00000', '0.00000', '0.00000', NULL, NULL, NULL, NULL, NULL, NULL, NULL, 6, '2024-10-04 04:51:55'),
(627, 14, 45, '8.10', 'yes', 100, 'Description of control is fully met', NULL, 0, 'Asset component is directly publicly exposed', NULL, 100, '0.00000', '0.00000', '0.00000', NULL, NULL, NULL, NULL, NULL, NULL, NULL, 6, '2024-10-04 04:51:55'),
(628, 14, 45, '8.11', 'yes', 100, 'Description of control is fully met', NULL, 0, 'Asset component is directly publicly exposed', NULL, 100, '0.00000', '0.00000', '0.00000', NULL, NULL, NULL, NULL, NULL, NULL, NULL, 6, '2024-10-04 04:51:55'),
(629, 14, 45, '8.12', 'yes', 100, 'Description of control is fully met', NULL, 0, 'Asset component is directly publicly exposed', NULL, 100, '0.00000', '0.00000', '0.00000', NULL, NULL, NULL, NULL, NULL, NULL, NULL, 6, '2024-10-04 04:51:55'),
(630, 14, 45, '8.13', 'yes', 100, 'Description of control is fully met', NULL, 0, 'Asset component is directly publicly exposed', NULL, 100, '0.00000', '0.00000', '0.00000', NULL, NULL, NULL, NULL, NULL, NULL, NULL, 6, '2024-10-04 04:51:55'),
(631, 14, 45, '8.14', 'yes', 100, 'Description of control is fully met', NULL, 0, 'Asset component is directly publicly exposed', NULL, 100, '0.00000', '0.00000', '0.00000', NULL, NULL, NULL, NULL, NULL, NULL, NULL, 6, '2024-10-04 04:51:55'),
(632, 14, 45, '8.15', 'yes', 100, 'Description of control is fully met', NULL, 0, 'Asset component is directly publicly exposed', NULL, 100, '0.00000', '0.00000', '0.00000', NULL, NULL, NULL, NULL, NULL, NULL, NULL, 6, '2024-10-04 04:51:55'),
(633, 14, 45, '8.16', 'yes', 100, 'Description of control is fully met', NULL, 0, 'Asset component is directly publicly exposed', NULL, 100, '0.00000', '0.00000', '0.00000', NULL, NULL, NULL, NULL, NULL, NULL, NULL, 6, '2024-10-04 04:51:55'),
(634, 14, 45, '8.17', 'yes', 100, 'Description of control is fully met', NULL, 0, 'Asset component is directly publicly exposed', NULL, 100, '0.00000', '0.00000', '0.00000', NULL, NULL, NULL, NULL, NULL, NULL, NULL, 6, '2024-10-04 04:51:55'),
(635, 14, 45, '8.18', 'yes', 100, 'Description of control is fully met', NULL, 0, 'Asset component is directly publicly exposed', NULL, 100, '0.00000', '0.00000', '0.00000', NULL, NULL, NULL, NULL, NULL, NULL, NULL, 6, '2024-10-04 04:51:55'),
(636, 14, 45, '8.19', 'yes', 100, 'Description of control is fully met', NULL, 0, 'Asset component is directly publicly exposed', NULL, 100, '0.00000', '0.00000', '0.00000', NULL, NULL, NULL, NULL, NULL, NULL, NULL, 6, '2024-10-04 04:51:55'),
(637, 14, 45, '8.20', 'yes', 100, 'Description of control is fully met', NULL, 0, 'Asset component is directly publicly exposed', NULL, 100, '0.00000', '0.00000', '0.00000', NULL, NULL, NULL, NULL, NULL, NULL, NULL, 6, '2024-10-04 04:51:55'),
(638, 14, 45, '8.21', 'yes', 100, 'Description of control is fully met', NULL, 0, 'Asset component is directly publicly exposed', NULL, 100, '0.00000', '0.00000', '0.00000', NULL, NULL, NULL, NULL, NULL, NULL, NULL, 6, '2024-10-04 04:51:55'),
(639, 14, 45, '8.22', 'yes', 100, 'Description of control is fully met', NULL, 0, 'Asset component is directly publicly exposed', NULL, 100, '0.00000', '0.00000', '0.00000', NULL, NULL, NULL, NULL, NULL, NULL, NULL, 6, '2024-10-04 04:51:55'),
(640, 14, 45, '8.23', 'yes', 100, 'Description of control is fully met', NULL, 0, 'Asset component is directly publicly exposed', NULL, 100, '0.00000', '0.00000', '0.00000', NULL, NULL, NULL, NULL, NULL, NULL, NULL, 6, '2024-10-04 04:51:55'),
(641, 14, 45, '8.24', 'yes', 100, 'Description of control is fully met', NULL, 0, 'Asset component is directly publicly exposed', NULL, 100, '0.00000', '0.00000', '0.00000', NULL, NULL, NULL, NULL, NULL, NULL, NULL, 6, '2024-10-04 04:51:55'),
(642, 14, 45, '8.25', 'yes', 100, 'Description of control is fully met', NULL, 0, 'Asset component is directly publicly exposed', NULL, 100, '0.00000', '0.00000', '0.00000', NULL, NULL, NULL, NULL, NULL, NULL, NULL, 6, '2024-10-04 04:51:55'),
(643, 14, 45, '8.26', 'yes', 100, 'Description of control is fully met', NULL, 0, 'Asset component is directly publicly exposed', NULL, 100, '0.00000', '0.00000', '0.00000', NULL, NULL, NULL, NULL, NULL, NULL, NULL, 6, '2024-10-04 04:51:55'),
(644, 14, 45, '8.27', 'yes', 100, 'Description of control is fully met', NULL, 0, 'Asset component is directly publicly exposed', NULL, 100, '0.00000', '0.00000', '0.00000', NULL, NULL, NULL, NULL, NULL, NULL, NULL, 6, '2024-10-04 04:51:55'),
(645, 14, 45, '8.28', 'yes', 100, 'Description of control is fully met', NULL, 0, 'Asset component is directly publicly exposed', NULL, 100, '0.00000', '0.00000', '0.00000', NULL, NULL, NULL, NULL, NULL, NULL, NULL, 6, '2024-10-04 04:51:55'),
(646, 14, 45, '8.29', 'yes', 100, 'Description of control is fully met', NULL, 0, 'Asset component is directly publicly exposed', NULL, 100, '0.00000', '0.00000', '0.00000', NULL, NULL, NULL, NULL, NULL, NULL, NULL, 6, '2024-10-04 04:51:55'),
(647, 14, 45, '8.30', 'yes', 100, 'Description of control is fully met', NULL, 0, 'Asset component is directly publicly exposed', NULL, 100, '0.00000', '0.00000', '0.00000', NULL, NULL, NULL, NULL, NULL, NULL, NULL, 6, '2024-10-04 04:51:55'),
(648, 14, 45, '8.31', 'yes', 100, 'Description of control is fully met', NULL, 0, 'Asset component is directly publicly exposed', NULL, 100, '0.00000', '0.00000', '0.00000', NULL, NULL, NULL, NULL, NULL, NULL, NULL, 6, '2024-10-04 04:51:55'),
(649, 14, 45, '8.32', 'yes', 100, 'Description of control is fully met', NULL, 0, 'Asset component is directly publicly exposed', NULL, 100, '0.00000', '0.00000', '0.00000', NULL, NULL, NULL, NULL, NULL, NULL, NULL, 6, '2024-10-04 04:51:55'),
(650, 14, 45, '8.33', 'yes', 100, 'Description of control is fully met', NULL, 0, 'Asset component is directly publicly exposed', NULL, 100, '0.00000', '0.00000', '0.00000', NULL, NULL, NULL, NULL, NULL, NULL, NULL, 6, '2024-10-04 04:51:55'),
(651, 14, 45, '8.34', 'yes', 100, 'Description of control is fully met', NULL, 0, 'Asset component is directly publicly exposed', NULL, 100, '0.00000', '0.00000', '0.00000', NULL, NULL, NULL, NULL, NULL, NULL, NULL, 6, '2024-10-04 04:51:55'),
(652, 14, 44, '5.1', 'yes', 70, 'Description of control is fully met', NULL, 30, 'Asset component is directly publicly exposed', NULL, 100, '3.00000', '1.50000', '3.00000', NULL, NULL, NULL, NULL, NULL, NULL, NULL, 6, '2024-09-30 18:21:04'),
(653, 14, 44, '5.2', 'yes', 80, 'Description of control is fully met', NULL, 20, 'Asset component is directly publicly exposed', NULL, 100, '2.00000', '1.00000', '2.00000', NULL, NULL, NULL, NULL, NULL, NULL, NULL, 6, '2024-09-30 18:21:04'),
(654, 14, 44, '5.3', 'yes', 100, 'Description of control is fully met', NULL, 0, 'Asset component is directly publicly exposed', NULL, 100, '0.00000', '0.00000', '0.00000', NULL, NULL, NULL, NULL, NULL, NULL, NULL, 6, '2024-09-30 18:21:04'),
(655, 14, 44, '5.4', 'yes', 100, 'Description of control is fully met', NULL, 0, 'Asset component is directly publicly exposed', NULL, 100, '0.00000', '0.00000', '0.00000', NULL, NULL, NULL, NULL, NULL, NULL, NULL, 6, '2024-09-30 18:21:04'),
(656, 14, 44, '5.5', 'yes', 100, 'Description of control is fully met', NULL, 0, 'Asset component is directly publicly exposed', NULL, 100, '0.00000', '0.00000', '0.00000', NULL, NULL, NULL, NULL, NULL, NULL, NULL, 6, '2024-09-30 18:21:04'),
(657, 14, 44, '5.6', 'yes', 100, 'Description of control is fully met', NULL, 0, 'Asset component is directly publicly exposed', NULL, 100, '0.00000', '0.00000', '0.00000', NULL, NULL, NULL, NULL, NULL, NULL, NULL, 6, '2024-09-30 18:21:04'),
(658, 14, 44, '5.7', 'yes', 100, 'Description of control is fully met', NULL, 0, 'Asset component is directly publicly exposed', NULL, 100, '0.00000', '0.00000', '0.00000', NULL, NULL, NULL, NULL, NULL, NULL, NULL, 6, '2024-09-30 18:21:04'),
(659, 14, 44, '5.8', 'yes', 100, 'Description of control is fully met', NULL, 0, 'Asset component is directly publicly exposed', NULL, 100, '0.00000', '0.00000', '0.00000', NULL, NULL, NULL, NULL, NULL, NULL, NULL, 6, '2024-09-30 18:21:04'),
(660, 14, 44, '5.9', 'yes', 100, 'Description of control is fully met', NULL, 0, 'Asset component is directly publicly exposed', NULL, 100, '0.00000', '0.00000', '0.00000', NULL, NULL, NULL, NULL, NULL, NULL, NULL, 6, '2024-09-30 18:21:04'),
(661, 14, 44, '5.10', 'yes', 100, 'Description of control is fully met', NULL, 0, 'Asset component is directly publicly exposed', NULL, 100, '0.00000', '0.00000', '0.00000', NULL, NULL, NULL, NULL, NULL, NULL, NULL, 6, '2024-09-30 18:21:04'),
(662, 14, 44, '5.11', 'yes', 100, 'Description of control is fully met', NULL, 0, 'Asset component is directly publicly exposed', NULL, 100, '0.00000', '0.00000', '0.00000', NULL, NULL, NULL, NULL, NULL, NULL, NULL, 6, '2024-09-30 18:21:04'),
(663, 14, 44, '5.12', 'yes', 100, 'Description of control is fully met', NULL, 0, 'Asset component is directly publicly exposed', NULL, 100, '0.00000', '0.00000', '0.00000', NULL, NULL, NULL, NULL, NULL, NULL, NULL, 6, '2024-09-30 18:21:04'),
(664, 14, 44, '5.13', 'yes', 100, 'Description of control is fully met', NULL, 0, 'Asset component is directly publicly exposed', NULL, 100, '0.00000', '0.00000', '0.00000', NULL, NULL, NULL, NULL, NULL, NULL, NULL, 6, '2024-09-30 18:21:04'),
(665, 14, 44, '5.14', 'yes', 100, 'Description of control is fully met', NULL, 0, 'Asset component is directly publicly exposed', NULL, 100, '0.00000', '0.00000', '0.00000', NULL, NULL, NULL, NULL, NULL, NULL, NULL, 6, '2024-09-30 18:21:04'),
(666, 14, 44, '5.15', 'yes', 100, 'Description of control is fully met', NULL, 0, 'Asset component is directly publicly exposed', NULL, 100, '0.00000', '0.00000', '0.00000', NULL, NULL, NULL, NULL, NULL, NULL, NULL, 6, '2024-09-30 18:21:04'),
(667, 14, 44, '5.16', 'yes', 100, 'Description of control is fully met', NULL, 0, 'Asset component is directly publicly exposed', NULL, 100, '0.00000', '0.00000', '0.00000', NULL, NULL, NULL, NULL, NULL, NULL, NULL, 6, '2024-09-30 18:21:04'),
(668, 14, 44, '5.17', 'yes', 100, 'Description of control is fully met', NULL, 0, 'Asset component is directly publicly exposed', NULL, 100, '0.00000', '0.00000', '0.00000', NULL, NULL, NULL, NULL, NULL, NULL, NULL, 6, '2024-09-30 18:21:04'),
(669, 14, 44, '5.18', 'yes', 100, 'Description of control is fully met', NULL, 0, 'Asset component is directly publicly exposed', NULL, 100, '0.00000', '0.00000', '0.00000', NULL, NULL, NULL, NULL, NULL, NULL, NULL, 6, '2024-09-30 18:21:04'),
(670, 14, 44, '5.19', 'yes', 100, 'Description of control is fully met', NULL, 0, 'Asset component is directly publicly exposed', NULL, 100, '0.00000', '0.00000', '0.00000', NULL, NULL, NULL, NULL, NULL, NULL, NULL, 6, '2024-09-30 18:21:04'),
(671, 14, 44, '5.20', 'yes', 100, 'Description of control is fully met', NULL, 0, 'Asset component is directly publicly exposed', NULL, 100, '0.00000', '0.00000', '0.00000', NULL, NULL, NULL, NULL, NULL, NULL, NULL, 6, '2024-09-30 18:21:04'),
(672, 14, 44, '5.21', 'yes', 100, 'Description of control is fully met', NULL, 0, 'Asset component is directly publicly exposed', NULL, 100, '0.00000', '0.00000', '0.00000', NULL, NULL, NULL, NULL, NULL, NULL, NULL, 6, '2024-09-30 18:21:04'),
(673, 14, 44, '5.22', 'yes', 100, 'Description of control is fully met', NULL, 0, 'Asset component is directly publicly exposed', NULL, 100, '0.00000', '0.00000', '0.00000', NULL, NULL, NULL, NULL, NULL, NULL, NULL, 6, '2024-09-30 18:21:04'),
(674, 14, 44, '5.23', 'yes', 100, 'Description of control is fully met', NULL, 0, 'Asset component is directly publicly exposed', NULL, 100, '0.00000', '0.00000', '0.00000', NULL, NULL, NULL, NULL, NULL, NULL, NULL, 6, '2024-09-30 18:21:04'),
(675, 14, 44, '5.24', 'yes', 100, 'Description of control is fully met', NULL, 0, 'Asset component is directly publicly exposed', NULL, 100, '0.00000', '0.00000', '0.00000', NULL, NULL, NULL, NULL, NULL, NULL, NULL, 6, '2024-09-30 18:21:04'),
(676, 14, 44, '5.25', 'yes', 100, 'Description of control is fully met', NULL, 0, 'Asset component is directly publicly exposed', NULL, 100, '0.00000', '0.00000', '0.00000', NULL, NULL, NULL, NULL, NULL, NULL, NULL, 6, '2024-09-30 18:21:04'),
(677, 14, 44, '5.26', 'yes', 100, 'Description of control is fully met', NULL, 0, 'Asset component is directly publicly exposed', NULL, 100, '0.00000', '0.00000', '0.00000', NULL, NULL, NULL, NULL, NULL, NULL, NULL, 6, '2024-09-30 18:21:04'),
(678, 14, 44, '5.27', 'yes', 100, 'Description of control is fully met', NULL, 0, 'Asset component is directly publicly exposed', NULL, 100, '0.00000', '0.00000', '0.00000', NULL, NULL, NULL, NULL, NULL, NULL, NULL, 6, '2024-09-30 18:21:04'),
(679, 14, 44, '5.28', 'yes', 100, 'Description of control is fully met', NULL, 0, 'Asset component is directly publicly exposed', NULL, 100, '0.00000', '0.00000', '0.00000', NULL, NULL, NULL, NULL, NULL, NULL, NULL, 6, '2024-09-30 18:21:04'),
(680, 14, 44, '5.29', 'yes', 100, 'Description of control is fully met', NULL, 0, 'Asset component is directly publicly exposed', NULL, 100, '0.00000', '0.00000', '0.00000', NULL, NULL, NULL, NULL, NULL, NULL, NULL, 6, '2024-09-30 18:21:04'),
(681, 14, 44, '5.30', 'yes', 100, 'Description of control is fully met', NULL, 0, 'Asset component is directly publicly exposed', NULL, 100, '0.00000', '0.00000', '0.00000', NULL, NULL, NULL, NULL, NULL, NULL, NULL, 6, '2024-09-30 18:21:04'),
(682, 14, 44, '5.31', 'yes', 100, 'Description of control is fully met', NULL, 0, 'Asset component is directly publicly exposed', NULL, 100, '0.00000', '0.00000', '0.00000', NULL, NULL, NULL, NULL, NULL, NULL, NULL, 6, '2024-09-30 18:21:04'),
(683, 14, 44, '5.32', 'yes', 100, 'Description of control is fully met', NULL, 0, 'Asset component is directly publicly exposed', NULL, 100, '0.00000', '0.00000', '0.00000', NULL, NULL, NULL, NULL, NULL, NULL, NULL, 6, '2024-09-30 18:21:04'),
(684, 14, 44, '5.33', 'yes', 100, 'Description of control is fully met', NULL, 0, 'Asset component is directly publicly exposed', NULL, 100, '0.00000', '0.00000', '0.00000', NULL, NULL, NULL, NULL, NULL, NULL, NULL, 6, '2024-09-30 18:21:04'),
(685, 14, 44, '5.34', 'yes', 100, 'Description of control is fully met', NULL, 0, 'Asset component is directly publicly exposed', NULL, 100, '0.00000', '0.00000', '0.00000', NULL, NULL, NULL, NULL, NULL, NULL, NULL, 6, '2024-09-30 18:21:04'),
(686, 14, 44, '5.35', 'yes', 100, 'Description of control is fully met', NULL, 0, 'Asset component is directly publicly exposed', NULL, 100, '0.00000', '0.00000', '0.00000', NULL, NULL, NULL, NULL, NULL, NULL, NULL, 6, '2024-09-30 18:21:04'),
(687, 14, 44, '5.36', 'yes', 100, 'Description of control is fully met', NULL, 0, 'Asset component is directly publicly exposed', NULL, 100, '0.00000', '0.00000', '0.00000', NULL, NULL, NULL, NULL, NULL, NULL, NULL, 6, '2024-09-30 18:21:04'),
(688, 14, 44, '5.37', 'yes', 100, 'Description of control is fully met', NULL, 0, 'Asset component is directly publicly exposed', NULL, 100, '0.00000', '0.00000', '0.00000', NULL, NULL, NULL, NULL, NULL, NULL, NULL, 6, '2024-09-30 18:21:04'),
(689, 14, 44, '6.1', 'yes', 100, 'Description of control is fully met', NULL, 0, 'Asset component is directly publicly exposed', NULL, 100, '0.00000', '0.00000', '0.00000', NULL, NULL, NULL, NULL, NULL, NULL, NULL, 6, '2024-09-30 18:21:04'),
(690, 14, 44, '6.2', 'yes', 100, 'Description of control is fully met', NULL, 0, 'Asset component is directly publicly exposed', NULL, 100, '0.00000', '0.00000', '0.00000', NULL, NULL, NULL, NULL, NULL, NULL, NULL, 6, '2024-09-30 18:21:04'),
(691, 14, 44, '6.3', 'yes', 100, 'Description of control is fully met', NULL, 0, 'Asset component is directly publicly exposed', NULL, 100, '0.00000', '0.00000', '0.00000', NULL, NULL, NULL, NULL, NULL, NULL, NULL, 6, '2024-09-30 18:21:04'),
(692, 14, 44, '6.4', 'yes', 100, 'Description of control is fully met', NULL, 0, 'Asset component is directly publicly exposed', NULL, 100, '0.00000', '0.00000', '0.00000', NULL, NULL, NULL, NULL, NULL, NULL, NULL, 6, '2024-09-30 18:21:04'),
(693, 14, 44, '6.5', 'yes', 100, 'Description of control is fully met', NULL, 0, 'Asset component is directly publicly exposed', NULL, 100, '0.00000', '0.00000', '0.00000', NULL, NULL, NULL, NULL, NULL, NULL, NULL, 6, '2024-09-30 18:21:04'),
(694, 14, 44, '6.6', 'yes', 100, 'Description of control is fully met', NULL, 0, 'Asset component is directly publicly exposed', NULL, 100, '0.00000', '0.00000', '0.00000', NULL, NULL, NULL, NULL, NULL, NULL, NULL, 6, '2024-09-30 18:21:04'),
(695, 14, 44, '6.7', 'yes', 100, 'Description of control is fully met', NULL, 0, 'Asset component is directly publicly exposed', NULL, 100, '0.00000', '0.00000', '0.00000', NULL, NULL, NULL, NULL, NULL, NULL, NULL, 6, '2024-09-30 18:21:04'),
(696, 14, 44, '6.8', 'yes', 100, 'Description of control is fully met', NULL, 0, 'Asset component is directly publicly exposed', NULL, 100, '0.00000', '0.00000', '0.00000', NULL, NULL, NULL, NULL, NULL, NULL, NULL, 6, '2024-09-30 18:21:04'),
(697, 14, 44, '7.1', 'yes', 100, 'Description of control is fully met', NULL, 0, 'Asset component is directly publicly exposed', NULL, 100, '0.00000', '0.00000', '0.00000', NULL, NULL, NULL, NULL, NULL, NULL, NULL, 6, '2024-09-30 18:21:04'),
(698, 14, 44, '7.2', 'yes', 100, 'Description of control is fully met', NULL, 0, 'Asset component is directly publicly exposed', NULL, 100, '0.00000', '0.00000', '0.00000', NULL, NULL, NULL, NULL, NULL, NULL, NULL, 6, '2024-09-30 18:21:04'),
(699, 14, 44, '7.3', 'yes', 100, 'Description of control is fully met', NULL, 0, 'Asset component is directly publicly exposed', NULL, 100, '0.00000', '0.00000', '0.00000', NULL, NULL, NULL, NULL, NULL, NULL, NULL, 6, '2024-09-30 18:21:04'),
(700, 14, 44, '7.4', 'yes', 100, 'Description of control is fully met', NULL, 0, 'Asset component is directly publicly exposed', NULL, 100, '0.00000', '0.00000', '0.00000', NULL, NULL, NULL, NULL, NULL, NULL, NULL, 6, '2024-09-30 18:21:04'),
(701, 14, 44, '7.5', 'yes', 100, 'Description of control is fully met', NULL, 0, 'Asset component is directly publicly exposed', NULL, 100, '0.00000', '0.00000', '0.00000', NULL, NULL, NULL, NULL, NULL, NULL, NULL, 6, '2024-09-30 18:21:04'),
(702, 14, 44, '7.6', 'yes', 100, 'Description of control is fully met', NULL, 0, 'Asset component is directly publicly exposed', NULL, 100, '0.00000', '0.00000', '0.00000', NULL, NULL, NULL, NULL, NULL, NULL, NULL, 6, '2024-09-30 18:21:04'),
(703, 14, 44, '7.7', 'yes', 100, 'Description of control is fully met', NULL, 0, 'Asset component is directly publicly exposed', NULL, 100, '0.00000', '0.00000', '0.00000', NULL, NULL, NULL, NULL, NULL, NULL, NULL, 6, '2024-09-30 18:21:04'),
(704, 14, 44, '7.8', 'yes', 100, 'Description of control is fully met', NULL, 0, 'Asset component is directly publicly exposed', NULL, 100, '0.00000', '0.00000', '0.00000', NULL, NULL, NULL, NULL, NULL, NULL, NULL, 6, '2024-09-30 18:21:04'),
(705, 14, 44, '7.9', 'yes', 100, 'Description of control is fully met', NULL, 0, 'Asset component is directly publicly exposed', NULL, 100, '0.00000', '0.00000', '0.00000', NULL, NULL, NULL, NULL, NULL, NULL, NULL, 6, '2024-09-30 18:21:04'),
(706, 14, 44, '7.10', 'yes', 100, 'Description of control is fully met', NULL, 0, 'Asset component is directly publicly exposed', NULL, 100, '0.00000', '0.00000', '0.00000', NULL, NULL, NULL, NULL, NULL, NULL, NULL, 6, '2024-09-30 18:21:04'),
(707, 14, 44, '7.11', 'yes', 100, 'Description of control is fully met', NULL, 0, 'Asset component is directly publicly exposed', NULL, 100, '0.00000', '0.00000', '0.00000', NULL, NULL, NULL, NULL, NULL, NULL, NULL, 6, '2024-09-30 18:21:04'),
(708, 14, 44, '7.12', 'yes', 100, 'Description of control is fully met', NULL, 0, 'Asset component is directly publicly exposed', NULL, 100, '0.00000', '0.00000', '0.00000', NULL, NULL, NULL, NULL, NULL, NULL, NULL, 6, '2024-09-30 18:21:04'),
(709, 14, 44, '7.13', 'yes', 100, 'Description of control is fully met', NULL, 0, 'Asset component is directly publicly exposed', NULL, 100, '0.00000', '0.00000', '0.00000', NULL, NULL, NULL, NULL, NULL, NULL, NULL, 6, '2024-09-30 18:21:04'),
(710, 14, 44, '7.14', 'yes', 100, 'Description of control is fully met', NULL, 0, 'Asset component is directly publicly exposed', NULL, 100, '0.00000', '0.00000', '0.00000', NULL, NULL, NULL, NULL, NULL, NULL, NULL, 6, '2024-09-30 18:21:04'),
(711, 14, 44, '8.1', 'yes', 100, 'Description of control is fully met', NULL, 0, 'Asset component is directly publicly exposed', NULL, 100, '0.00000', '0.00000', '0.00000', NULL, NULL, NULL, NULL, NULL, NULL, NULL, 6, '2024-09-30 18:21:04'),
(712, 14, 44, '8.2', 'yes', 100, 'Description of control is fully met', NULL, 0, 'Asset component is directly publicly exposed', NULL, 100, '0.00000', '0.00000', '0.00000', NULL, NULL, NULL, NULL, NULL, NULL, NULL, 6, '2024-09-30 18:21:04'),
(713, 14, 44, '8.3', 'yes', 100, 'Description of control is fully met', NULL, 0, 'Asset component is directly publicly exposed', NULL, 100, '0.00000', '0.00000', '0.00000', NULL, NULL, NULL, NULL, NULL, NULL, NULL, 6, '2024-09-30 18:21:04'),
(714, 14, 44, '8.4', 'yes', 100, 'Description of control is fully met', NULL, 0, 'Asset component is directly publicly exposed', NULL, 100, '0.00000', '0.00000', '0.00000', NULL, NULL, NULL, NULL, NULL, NULL, NULL, 6, '2024-09-30 18:21:04'),
(715, 14, 44, '8.5', 'yes', 100, 'Description of control is fully met', NULL, 0, 'Asset component is directly publicly exposed', NULL, 100, '0.00000', '0.00000', '0.00000', NULL, NULL, NULL, NULL, NULL, NULL, NULL, 6, '2024-09-30 18:21:04'),
(716, 14, 44, '8.6', 'yes', 100, 'Description of control is fully met', NULL, 0, 'Asset component is directly publicly exposed', NULL, 100, '0.00000', '0.00000', '0.00000', NULL, NULL, NULL, NULL, NULL, NULL, NULL, 6, '2024-09-30 18:21:04'),
(717, 14, 44, '8.7', 'yes', 100, 'Description of control is fully met', NULL, 0, 'Asset component is directly publicly exposed', NULL, 100, '0.00000', '0.00000', '0.00000', NULL, NULL, NULL, NULL, NULL, NULL, NULL, 6, '2024-09-30 18:21:04'),
(718, 14, 44, '8.8', 'yes', 100, 'Description of control is fully met', NULL, 0, 'Asset component is directly publicly exposed', NULL, 100, '0.00000', '0.00000', '0.00000', NULL, NULL, NULL, NULL, NULL, NULL, NULL, 6, '2024-09-30 18:21:04'),
(719, 14, 44, '8.9', 'yes', 100, 'Description of control is fully met', NULL, 0, 'Asset component is directly publicly exposed', NULL, 100, '0.00000', '0.00000', '0.00000', NULL, NULL, NULL, NULL, NULL, NULL, NULL, 6, '2024-09-30 18:21:04'),
(720, 14, 44, '8.10', 'yes', 100, 'Description of control is fully met', NULL, 0, 'Asset component is directly publicly exposed', NULL, 100, '0.00000', '0.00000', '0.00000', NULL, NULL, NULL, NULL, NULL, NULL, NULL, 6, '2024-09-30 18:21:04'),
(721, 14, 44, '8.11', 'yes', 100, 'Description of control is fully met', NULL, 0, 'Asset component is directly publicly exposed', NULL, 100, '0.00000', '0.00000', '0.00000', NULL, NULL, NULL, NULL, NULL, NULL, NULL, 6, '2024-09-30 18:21:04'),
(722, 14, 44, '8.12', 'yes', 100, 'Description of control is fully met', NULL, 0, 'Asset component is directly publicly exposed', NULL, 100, '0.00000', '0.00000', '0.00000', NULL, NULL, NULL, NULL, NULL, NULL, NULL, 6, '2024-09-30 18:21:04'),
(723, 14, 44, '8.13', 'yes', 100, 'Description of control is fully met', NULL, 0, 'Asset component is directly publicly exposed', NULL, 100, '0.00000', '0.00000', '0.00000', NULL, NULL, NULL, NULL, NULL, NULL, NULL, 6, '2024-09-30 18:21:04'),
(724, 14, 44, '8.14', 'yes', 100, 'Description of control is fully met', NULL, 0, 'Asset component is directly publicly exposed', NULL, 100, '0.00000', '0.00000', '0.00000', NULL, NULL, NULL, NULL, NULL, NULL, NULL, 6, '2024-09-30 18:21:04'),
(725, 14, 44, '8.15', 'yes', 100, 'Description of control is fully met', NULL, 0, 'Asset component is directly publicly exposed', NULL, 100, '0.00000', '0.00000', '0.00000', NULL, NULL, NULL, NULL, NULL, NULL, NULL, 6, '2024-09-30 18:21:04'),
(726, 14, 44, '8.16', 'yes', 100, 'Description of control is fully met', NULL, 0, 'Asset component is directly publicly exposed', NULL, 100, '0.00000', '0.00000', '0.00000', NULL, NULL, NULL, NULL, NULL, NULL, NULL, 6, '2024-09-30 18:21:04'),
(727, 14, 44, '8.17', 'yes', 100, 'Description of control is fully met', NULL, 0, 'Asset component is directly publicly exposed', NULL, 100, '0.00000', '0.00000', '0.00000', NULL, NULL, NULL, NULL, NULL, NULL, NULL, 6, '2024-09-30 18:21:04'),
(728, 14, 44, '8.18', 'yes', 100, 'Description of control is fully met', NULL, 0, 'Asset component is directly publicly exposed', NULL, 100, '0.00000', '0.00000', '0.00000', NULL, NULL, NULL, NULL, NULL, NULL, NULL, 6, '2024-09-30 18:21:04'),
(729, 14, 44, '8.19', 'yes', 100, 'Description of control is fully met', NULL, 0, 'Asset component is directly publicly exposed', NULL, 100, '0.00000', '0.00000', '0.00000', NULL, NULL, NULL, NULL, NULL, NULL, NULL, 6, '2024-09-30 18:21:04'),
(730, 14, 44, '8.20', 'yes', 100, 'Description of control is fully met', NULL, 0, 'Asset component is directly publicly exposed', NULL, 100, '0.00000', '0.00000', '0.00000', NULL, NULL, NULL, NULL, NULL, NULL, NULL, 6, '2024-09-30 18:21:04'),
(731, 14, 44, '8.21', 'yes', 100, 'Description of control is fully met', NULL, 0, 'Asset component is directly publicly exposed', NULL, 100, '0.00000', '0.00000', '0.00000', NULL, NULL, NULL, NULL, NULL, NULL, NULL, 6, '2024-09-30 18:21:04'),
(732, 14, 44, '8.22', 'yes', 100, 'Description of control is fully met', NULL, 0, 'Asset component is directly publicly exposed', NULL, 100, '0.00000', '0.00000', '0.00000', NULL, NULL, NULL, NULL, NULL, NULL, NULL, 6, '2024-09-30 18:21:04'),
(733, 14, 44, '8.23', 'yes', 100, 'Description of control is fully met', NULL, 0, 'Asset component is directly publicly exposed', NULL, 100, '0.00000', '0.00000', '0.00000', NULL, NULL, NULL, NULL, NULL, NULL, NULL, 6, '2024-09-30 18:21:04'),
(734, 14, 44, '8.24', 'yes', 100, 'Description of control is fully met', NULL, 0, 'Asset component is directly publicly exposed', NULL, 100, '0.00000', '0.00000', '0.00000', NULL, NULL, NULL, NULL, NULL, NULL, NULL, 6, '2024-09-30 18:21:04'),
(735, 14, 44, '8.25', 'yes', 100, 'Description of control is fully met', NULL, 0, 'Asset component is directly publicly exposed', NULL, 100, '0.00000', '0.00000', '0.00000', NULL, NULL, NULL, NULL, NULL, NULL, NULL, 6, '2024-09-30 18:21:04'),
(736, 14, 44, '8.26', 'yes', 100, 'Description of control is fully met', NULL, 0, 'Asset component is directly publicly exposed', NULL, 100, '0.00000', '0.00000', '0.00000', NULL, NULL, NULL, NULL, NULL, NULL, NULL, 6, '2024-09-30 18:21:04'),
(737, 14, 44, '8.27', 'yes', 100, 'Description of control is fully met', NULL, 0, 'Asset component is directly publicly exposed', NULL, 100, '0.00000', '0.00000', '0.00000', NULL, NULL, NULL, NULL, NULL, NULL, NULL, 6, '2024-09-30 18:21:04'),
(738, 14, 44, '8.28', 'yes', 100, 'Description of control is fully met', NULL, 0, 'Asset component is directly publicly exposed', NULL, 100, '0.00000', '0.00000', '0.00000', NULL, NULL, NULL, NULL, NULL, NULL, NULL, 6, '2024-09-30 18:21:04'),
(739, 14, 44, '8.29', 'yes', 100, 'Description of control is fully met', NULL, 0, 'Asset component is directly publicly exposed', NULL, 100, '0.00000', '0.00000', '0.00000', NULL, NULL, NULL, NULL, NULL, NULL, NULL, 6, '2024-09-30 18:21:04'),
(740, 14, 44, '8.30', 'yes', 100, 'Description of control is fully met', NULL, 0, 'Asset component is directly publicly exposed', NULL, 100, '0.00000', '0.00000', '0.00000', NULL, NULL, NULL, NULL, NULL, NULL, NULL, 6, '2024-09-30 18:21:04'),
(741, 14, 44, '8.31', 'yes', 100, 'Description of control is fully met', NULL, 0, 'Asset component is directly publicly exposed', NULL, 100, '0.00000', '0.00000', '0.00000', NULL, NULL, NULL, NULL, NULL, NULL, NULL, 6, '2024-09-30 18:21:04'),
(742, 14, 44, '8.32', 'yes', 100, 'Description of control is fully met', NULL, 0, 'Asset component is directly publicly exposed', NULL, 100, '0.00000', '0.00000', '0.00000', NULL, NULL, NULL, NULL, NULL, NULL, NULL, 6, '2024-09-30 18:21:04'),
(743, 14, 44, '8.33', 'yes', 100, 'Description of control is fully met', NULL, 0, 'Asset component is directly publicly exposed', NULL, 100, '0.00000', '0.00000', '0.00000', NULL, NULL, NULL, NULL, NULL, NULL, NULL, 6, '2024-09-30 18:21:04'),
(744, 14, 44, '8.34', 'yes', 100, 'Description of control is fully met', NULL, 0, 'Asset component is directly publicly exposed', NULL, 100, '0.00000', '0.00000', '0.00000', NULL, NULL, NULL, NULL, NULL, NULL, NULL, 6, '2024-09-30 18:21:04'),
(745, 14, 43, '5.1', 'yes', 50, 'Description of control is fully met', NULL, 50, 'Asset component is directly publicly exposed', NULL, 100, '5.00000', '2.50000', '5.00000', NULL, NULL, NULL, NULL, NULL, NULL, NULL, 6, '2024-09-30 18:21:19'),
(746, 14, 43, '5.2', 'yes', 100, 'Description of control is fully met', NULL, 0, 'Asset component is directly publicly exposed', NULL, 100, '0.00000', '0.00000', '0.00000', NULL, NULL, NULL, NULL, NULL, NULL, NULL, 6, '2024-09-30 18:21:20'),
(747, 14, 43, '5.3', 'yes', 100, 'Description of control is fully met', NULL, 0, 'Asset component is directly publicly exposed', NULL, 100, '0.00000', '0.00000', '0.00000', NULL, NULL, NULL, NULL, NULL, NULL, NULL, 6, '2024-09-30 18:21:20'),
(748, 14, 43, '5.4', 'yes', 100, 'Description of control is fully met', NULL, 0, 'Asset component is directly publicly exposed', NULL, 100, '0.00000', '0.00000', '0.00000', NULL, NULL, NULL, NULL, NULL, NULL, NULL, 6, '2024-09-30 18:21:20'),
(749, 14, 43, '5.5', 'yes', 100, 'Description of control is fully met', NULL, 0, 'Asset component is directly publicly exposed', NULL, 100, '0.00000', '0.00000', '0.00000', NULL, NULL, NULL, NULL, NULL, NULL, NULL, 6, '2024-09-30 18:21:20'),
(750, 14, 43, '5.6', 'yes', 100, 'Description of control is fully met', NULL, 0, 'Asset component is directly publicly exposed', NULL, 100, '0.00000', '0.00000', '0.00000', NULL, NULL, NULL, NULL, NULL, NULL, NULL, 6, '2024-09-30 18:21:20'),
(751, 14, 43, '5.7', 'yes', 100, 'Description of control is fully met', NULL, 0, 'Asset component is directly publicly exposed', NULL, 100, '0.00000', '0.00000', '0.00000', NULL, NULL, NULL, NULL, NULL, NULL, NULL, 6, '2024-09-30 18:21:20'),
(752, 14, 43, '5.8', 'yes', 100, 'Description of control is fully met', NULL, 0, 'Asset component is directly publicly exposed', NULL, 100, '0.00000', '0.00000', '0.00000', NULL, NULL, NULL, NULL, NULL, NULL, NULL, 6, '2024-09-30 18:21:20'),
(753, 14, 43, '5.9', 'yes', 100, 'Description of control is fully met', NULL, 0, 'Asset component is directly publicly exposed', NULL, 100, '0.00000', '0.00000', '0.00000', NULL, NULL, NULL, NULL, NULL, NULL, NULL, 6, '2024-09-30 18:21:20'),
(754, 14, 43, '5.10', 'yes', 100, 'Description of control is fully met', NULL, 0, 'Asset component is directly publicly exposed', NULL, 100, '0.00000', '0.00000', '0.00000', NULL, NULL, NULL, NULL, NULL, NULL, NULL, 6, '2024-09-30 18:21:20'),
(755, 14, 43, '5.11', 'yes', 100, 'Description of control is fully met', NULL, 0, 'Asset component is directly publicly exposed', NULL, 100, '0.00000', '0.00000', '0.00000', NULL, NULL, NULL, NULL, NULL, NULL, NULL, 6, '2024-09-30 18:21:20'),
(756, 14, 43, '5.12', 'yes', 100, 'Description of control is fully met', NULL, 0, 'Asset component is directly publicly exposed', NULL, 100, '0.00000', '0.00000', '0.00000', NULL, NULL, NULL, NULL, NULL, NULL, NULL, 6, '2024-09-30 18:21:20'),
(757, 14, 43, '5.13', 'yes', 100, 'Description of control is fully met', NULL, 0, 'Asset component is directly publicly exposed', NULL, 100, '0.00000', '0.00000', '0.00000', NULL, NULL, NULL, NULL, NULL, NULL, NULL, 6, '2024-09-30 18:21:20'),
(758, 14, 43, '5.14', 'yes', 100, 'Description of control is fully met', NULL, 0, 'Asset component is directly publicly exposed', NULL, 100, '0.00000', '0.00000', '0.00000', NULL, NULL, NULL, NULL, NULL, NULL, NULL, 6, '2024-09-30 18:21:20'),
(759, 14, 43, '5.15', 'yes', 100, 'Description of control is fully met', NULL, 0, 'Asset component is directly publicly exposed', NULL, 100, '0.00000', '0.00000', '0.00000', NULL, NULL, NULL, NULL, NULL, NULL, NULL, 6, '2024-09-30 18:21:20'),
(760, 14, 43, '5.16', 'yes', 100, 'Description of control is fully met', NULL, 0, 'Asset component is directly publicly exposed', NULL, 100, '0.00000', '0.00000', '0.00000', NULL, NULL, NULL, NULL, NULL, NULL, NULL, 6, '2024-09-30 18:21:20'),
(761, 14, 43, '5.17', 'yes', 100, 'Description of control is fully met', NULL, 0, 'Asset component is directly publicly exposed', NULL, 100, '0.00000', '0.00000', '0.00000', NULL, NULL, NULL, NULL, NULL, NULL, NULL, 6, '2024-09-30 18:21:20'),
(762, 14, 43, '5.18', 'yes', 100, 'Description of control is fully met', NULL, 0, 'Asset component is directly publicly exposed', NULL, 100, '0.00000', '0.00000', '0.00000', NULL, NULL, NULL, NULL, NULL, NULL, NULL, 6, '2024-09-30 18:21:20'),
(763, 14, 43, '5.19', 'yes', 100, 'Description of control is fully met', NULL, 0, 'Asset component is directly publicly exposed', NULL, 100, '0.00000', '0.00000', '0.00000', NULL, NULL, NULL, NULL, NULL, NULL, NULL, 6, '2024-09-30 18:21:20'),
(764, 14, 43, '5.20', 'yes', 100, 'Description of control is fully met', NULL, 0, 'Asset component is directly publicly exposed', NULL, 100, '0.00000', '0.00000', '0.00000', NULL, NULL, NULL, NULL, NULL, NULL, NULL, 6, '2024-09-30 18:21:20'),
(765, 14, 43, '5.21', 'yes', 100, 'Description of control is fully met', NULL, 0, 'Asset component is directly publicly exposed', NULL, 100, '0.00000', '0.00000', '0.00000', NULL, NULL, NULL, NULL, NULL, NULL, NULL, 6, '2024-09-30 18:21:20'),
(766, 14, 43, '5.22', 'yes', 100, 'Description of control is fully met', NULL, 0, 'Asset component is directly publicly exposed', NULL, 100, '0.00000', '0.00000', '0.00000', NULL, NULL, NULL, NULL, NULL, NULL, NULL, 6, '2024-09-30 18:21:20'),
(767, 14, 43, '5.23', 'yes', 100, 'Description of control is fully met', NULL, 0, 'Asset component is directly publicly exposed', NULL, 100, '0.00000', '0.00000', '0.00000', NULL, NULL, NULL, NULL, NULL, NULL, NULL, 6, '2024-09-30 18:21:20'),
(768, 14, 43, '5.24', 'yes', 100, 'Description of control is fully met', NULL, 0, 'Asset component is directly publicly exposed', NULL, 100, '0.00000', '0.00000', '0.00000', NULL, NULL, NULL, NULL, NULL, NULL, NULL, 6, '2024-09-30 18:21:20'),
(769, 14, 43, '5.25', 'yes', 100, 'Description of control is fully met', NULL, 0, 'Asset component is directly publicly exposed', NULL, 100, '0.00000', '0.00000', '0.00000', NULL, NULL, NULL, NULL, NULL, NULL, NULL, 6, '2024-09-30 18:21:20'),
(770, 14, 43, '5.26', 'yes', 100, 'Description of control is fully met', NULL, 0, 'Asset component is directly publicly exposed', NULL, 100, '0.00000', '0.00000', '0.00000', NULL, NULL, NULL, NULL, NULL, NULL, NULL, 6, '2024-09-30 18:21:20'),
(771, 14, 43, '5.27', 'yes', 100, 'Description of control is fully met', NULL, 0, 'Asset component is directly publicly exposed', NULL, 100, '0.00000', '0.00000', '0.00000', NULL, NULL, NULL, NULL, NULL, NULL, NULL, 6, '2024-09-30 18:21:20'),
(772, 14, 43, '5.28', 'yes', 100, 'Description of control is fully met', NULL, 0, 'Asset component is directly publicly exposed', NULL, 100, '0.00000', '0.00000', '0.00000', NULL, NULL, NULL, NULL, NULL, NULL, NULL, 6, '2024-09-30 18:21:20'),
(773, 14, 43, '5.29', 'yes', 100, 'Description of control is fully met', NULL, 0, 'Asset component is directly publicly exposed', NULL, 100, '0.00000', '0.00000', '0.00000', NULL, NULL, NULL, NULL, NULL, NULL, NULL, 6, '2024-09-30 18:21:20'),
(774, 14, 43, '5.30', 'yes', 100, 'Description of control is fully met', NULL, 0, 'Asset component is directly publicly exposed', NULL, 100, '0.00000', '0.00000', '0.00000', NULL, NULL, NULL, NULL, NULL, NULL, NULL, 6, '2024-09-30 18:21:20'),
(775, 14, 43, '5.31', 'yes', 100, 'Description of control is fully met', NULL, 0, 'Asset component is directly publicly exposed', NULL, 100, '0.00000', '0.00000', '0.00000', NULL, NULL, NULL, NULL, NULL, NULL, NULL, 6, '2024-09-30 18:21:20'),
(776, 14, 43, '5.32', 'yes', 100, 'Description of control is fully met', NULL, 0, 'Asset component is directly publicly exposed', NULL, 100, '0.00000', '0.00000', '0.00000', NULL, NULL, NULL, NULL, NULL, NULL, NULL, 6, '2024-09-30 18:21:20'),
(777, 14, 43, '5.33', 'yes', 100, 'Description of control is fully met', NULL, 0, 'Asset component is directly publicly exposed', NULL, 100, '0.00000', '0.00000', '0.00000', NULL, NULL, NULL, NULL, NULL, NULL, NULL, 6, '2024-09-30 18:21:20'),
(778, 14, 43, '5.34', 'yes', 100, 'Description of control is fully met', NULL, 0, 'Asset component is directly publicly exposed', NULL, 100, '0.00000', '0.00000', '0.00000', NULL, NULL, NULL, NULL, NULL, NULL, NULL, 6, '2024-09-30 18:21:20'),
(779, 14, 43, '5.35', 'yes', 100, 'Description of control is fully met', NULL, 0, 'Asset component is directly publicly exposed', NULL, 100, '0.00000', '0.00000', '0.00000', NULL, NULL, NULL, NULL, NULL, NULL, NULL, 6, '2024-09-30 18:21:20'),
(780, 14, 43, '5.36', 'yes', 100, 'Description of control is fully met', NULL, 0, 'Asset component is directly publicly exposed', NULL, 100, '0.00000', '0.00000', '0.00000', NULL, NULL, NULL, NULL, NULL, NULL, NULL, 6, '2024-09-30 18:21:20'),
(781, 14, 43, '5.37', 'yes', 100, 'Description of control is fully met', NULL, 0, 'Asset component is directly publicly exposed', NULL, 100, '0.00000', '0.00000', '0.00000', NULL, NULL, NULL, NULL, NULL, NULL, NULL, 6, '2024-09-30 18:21:20'),
(782, 14, 43, '6.1', 'yes', 100, 'Description of control is fully met', NULL, 0, 'Asset component is directly publicly exposed', NULL, 100, '0.00000', '0.00000', '0.00000', NULL, NULL, NULL, NULL, NULL, NULL, NULL, 6, '2024-09-30 18:21:20'),
(783, 14, 43, '6.2', 'yes', 100, 'Description of control is fully met', NULL, 0, 'Asset component is directly publicly exposed', NULL, 100, '0.00000', '0.00000', '0.00000', NULL, NULL, NULL, NULL, NULL, NULL, NULL, 6, '2024-09-30 18:21:20'),
(784, 14, 43, '6.3', 'yes', 100, 'Description of control is fully met', NULL, 0, 'Asset component is directly publicly exposed', NULL, 100, '0.00000', '0.00000', '0.00000', NULL, NULL, NULL, NULL, NULL, NULL, NULL, 6, '2024-09-30 18:21:20'),
(785, 14, 43, '6.4', 'yes', 100, 'Description of control is fully met', NULL, 0, 'Asset component is directly publicly exposed', NULL, 100, '0.00000', '0.00000', '0.00000', NULL, NULL, NULL, NULL, NULL, NULL, NULL, 6, '2024-09-30 18:21:20'),
(786, 14, 43, '6.5', 'yes', 100, 'Description of control is fully met', NULL, 0, 'Asset component is directly publicly exposed', NULL, 100, '0.00000', '0.00000', '0.00000', NULL, NULL, NULL, NULL, NULL, NULL, NULL, 6, '2024-09-30 18:21:20'),
(787, 14, 43, '6.6', 'yes', 100, 'Description of control is fully met', NULL, 0, 'Asset component is directly publicly exposed', NULL, 100, '0.00000', '0.00000', '0.00000', NULL, NULL, NULL, NULL, NULL, NULL, NULL, 6, '2024-09-30 18:21:20'),
(788, 14, 43, '6.7', 'yes', 100, 'Description of control is fully met', NULL, 0, 'Asset component is directly publicly exposed', NULL, 100, '0.00000', '0.00000', '0.00000', NULL, NULL, NULL, NULL, NULL, NULL, NULL, 6, '2024-09-30 18:21:20'),
(789, 14, 43, '6.8', 'yes', 100, 'Description of control is fully met', NULL, 0, 'Asset component is directly publicly exposed', NULL, 100, '0.00000', '0.00000', '0.00000', NULL, NULL, NULL, NULL, NULL, NULL, NULL, 6, '2024-09-30 18:21:20'),
(790, 14, 43, '7.1', 'yes', 100, 'Description of control is fully met', NULL, 0, 'Asset component is directly publicly exposed', NULL, 100, '0.00000', '0.00000', '0.00000', NULL, NULL, NULL, NULL, NULL, NULL, NULL, 6, '2024-09-30 18:21:20'),
(791, 14, 43, '7.2', 'yes', 100, 'Description of control is fully met', NULL, 0, 'Asset component is directly publicly exposed', NULL, 100, '0.00000', '0.00000', '0.00000', NULL, NULL, NULL, NULL, NULL, NULL, NULL, 6, '2024-09-30 18:21:20'),
(792, 14, 43, '7.3', 'yes', 100, 'Description of control is fully met', NULL, 0, 'Asset component is directly publicly exposed', NULL, 100, '0.00000', '0.00000', '0.00000', NULL, NULL, NULL, NULL, NULL, NULL, NULL, 6, '2024-09-30 18:21:20'),
(793, 14, 43, '7.4', 'yes', 100, 'Description of control is fully met', NULL, 0, 'Asset component is directly publicly exposed', NULL, 100, '0.00000', '0.00000', '0.00000', NULL, NULL, NULL, NULL, NULL, NULL, NULL, 6, '2024-09-30 18:21:20'),
(794, 14, 43, '7.5', 'yes', 100, 'Description of control is fully met', NULL, 0, 'Asset component is directly publicly exposed', NULL, 100, '0.00000', '0.00000', '0.00000', NULL, NULL, NULL, NULL, NULL, NULL, NULL, 6, '2024-09-30 18:21:20'),
(795, 14, 43, '7.6', 'yes', 100, 'Description of control is fully met', NULL, 0, 'Asset component is directly publicly exposed', NULL, 100, '0.00000', '0.00000', '0.00000', NULL, NULL, NULL, NULL, NULL, NULL, NULL, 6, '2024-09-30 18:21:20'),
(796, 14, 43, '7.7', 'yes', 100, 'Description of control is fully met', NULL, 0, 'Asset component is directly publicly exposed', NULL, 100, '0.00000', '0.00000', '0.00000', NULL, NULL, NULL, NULL, NULL, NULL, NULL, 6, '2024-09-30 18:21:20'),
(797, 14, 43, '7.8', 'yes', 100, 'Description of control is fully met', NULL, 0, 'Asset component is directly publicly exposed', NULL, 100, '0.00000', '0.00000', '0.00000', NULL, NULL, NULL, NULL, NULL, NULL, NULL, 6, '2024-09-30 18:21:20'),
(798, 14, 43, '7.9', 'yes', 100, 'Description of control is fully met', NULL, 0, 'Asset component is directly publicly exposed', NULL, 100, '0.00000', '0.00000', '0.00000', NULL, NULL, NULL, NULL, NULL, NULL, NULL, 6, '2024-09-30 18:21:20'),
(799, 14, 43, '7.10', 'yes', 100, 'Description of control is fully met', NULL, 0, 'Asset component is directly publicly exposed', NULL, 100, '0.00000', '0.00000', '0.00000', NULL, NULL, NULL, NULL, NULL, NULL, NULL, 6, '2024-09-30 18:21:20'),
(800, 14, 43, '7.11', 'yes', 100, 'Description of control is fully met', NULL, 0, 'Asset component is directly publicly exposed', NULL, 100, '0.00000', '0.00000', '0.00000', NULL, NULL, NULL, NULL, NULL, NULL, NULL, 6, '2024-09-30 18:21:20'),
(801, 14, 43, '7.12', 'yes', 100, 'Description of control is fully met', NULL, 0, 'Asset component is directly publicly exposed', NULL, 100, '0.00000', '0.00000', '0.00000', NULL, NULL, NULL, NULL, NULL, NULL, NULL, 6, '2024-09-30 18:21:20'),
(802, 14, 43, '7.13', 'yes', 100, 'Description of control is fully met', NULL, 0, 'Asset component is directly publicly exposed', NULL, 100, '0.00000', '0.00000', '0.00000', NULL, NULL, NULL, NULL, NULL, NULL, NULL, 6, '2024-09-30 18:21:20');
INSERT INTO `iso_sec_2_3_1` (`assessment_id`, `project_id`, `asset_id`, `control_num`, `applicability`, `control_compliance`, `desc_vulnerability`, `desc_vulnerability_other`, `vulnerability`, `desc_threat`, `desc_threat_other`, `threat`, `risk_level`, `risk_integrity`, `risk_availability`, `desc_risk`, `desc_risk_other`, `residual_risk_treatment`, `treatment_action`, `treatment_target_date`, `treatment_comp_date`, `responsibility_for_treatment`, `last_edited_by`, `last_edited_at`) VALUES
(803, 14, 43, '7.14', 'yes', 100, 'Description of control is fully met', NULL, 0, 'Asset component is directly publicly exposed', NULL, 100, '0.00000', '0.00000', '0.00000', NULL, NULL, NULL, NULL, NULL, NULL, NULL, 6, '2024-09-30 18:21:20'),
(804, 14, 43, '8.1', 'yes', 100, 'Description of control is fully met', NULL, 0, 'Asset component is directly publicly exposed', NULL, 100, '0.00000', '0.00000', '0.00000', NULL, NULL, NULL, NULL, NULL, NULL, NULL, 6, '2024-09-30 18:21:20'),
(805, 14, 43, '8.2', 'yes', 100, 'Description of control is fully met', NULL, 0, 'Asset component is directly publicly exposed', NULL, 100, '0.00000', '0.00000', '0.00000', NULL, NULL, NULL, NULL, NULL, NULL, NULL, 6, '2024-09-30 18:21:20'),
(806, 14, 43, '8.3', 'yes', 100, 'Description of control is fully met', NULL, 0, 'Asset component is directly publicly exposed', NULL, 100, '0.00000', '0.00000', '0.00000', NULL, NULL, NULL, NULL, NULL, NULL, NULL, 6, '2024-09-30 18:21:20'),
(807, 14, 43, '8.4', 'yes', 100, 'Description of control is fully met', NULL, 0, 'Asset component is directly publicly exposed', NULL, 100, '0.00000', '0.00000', '0.00000', NULL, NULL, NULL, NULL, NULL, NULL, NULL, 6, '2024-09-30 18:21:20'),
(808, 14, 43, '8.5', 'yes', 100, 'Description of control is fully met', NULL, 0, 'Asset component is directly publicly exposed', NULL, 100, '0.00000', '0.00000', '0.00000', NULL, NULL, NULL, NULL, NULL, NULL, NULL, 6, '2024-09-30 18:21:20'),
(809, 14, 43, '8.6', 'yes', 100, 'Description of control is fully met', NULL, 0, 'Asset component is directly publicly exposed', NULL, 100, '0.00000', '0.00000', '0.00000', NULL, NULL, NULL, NULL, NULL, NULL, NULL, 6, '2024-09-30 18:21:20'),
(810, 14, 43, '8.7', 'yes', 100, 'Description of control is fully met', NULL, 0, 'Asset component is directly publicly exposed', NULL, 100, '0.00000', '0.00000', '0.00000', NULL, NULL, NULL, NULL, NULL, NULL, NULL, 6, '2024-09-30 18:21:20'),
(811, 14, 43, '8.8', 'yes', 100, 'Description of control is fully met', NULL, 0, 'Asset component is directly publicly exposed', NULL, 100, '0.00000', '0.00000', '0.00000', NULL, NULL, NULL, NULL, NULL, NULL, NULL, 6, '2024-09-30 18:21:20'),
(812, 14, 43, '8.9', 'yes', 100, 'Description of control is fully met', NULL, 0, 'Asset component is directly publicly exposed', NULL, 100, '0.00000', '0.00000', '0.00000', NULL, NULL, NULL, NULL, NULL, NULL, NULL, 6, '2024-09-30 18:21:20'),
(813, 14, 43, '8.10', 'yes', 100, 'Description of control is fully met', NULL, 0, 'Asset component is directly publicly exposed', NULL, 100, '0.00000', '0.00000', '0.00000', NULL, NULL, NULL, NULL, NULL, NULL, NULL, 6, '2024-09-30 18:21:20'),
(814, 14, 43, '8.11', 'yes', 100, 'Description of control is fully met', NULL, 0, 'Asset component is directly publicly exposed', NULL, 100, '0.00000', '0.00000', '0.00000', NULL, NULL, NULL, NULL, NULL, NULL, NULL, 6, '2024-09-30 18:21:20'),
(815, 14, 43, '8.12', 'yes', 100, 'Description of control is fully met', NULL, 0, 'Asset component is directly publicly exposed', NULL, 100, '0.00000', '0.00000', '0.00000', NULL, NULL, NULL, NULL, NULL, NULL, NULL, 6, '2024-09-30 18:21:20'),
(816, 14, 43, '8.13', 'yes', 100, 'Description of control is fully met', NULL, 0, 'Asset component is directly publicly exposed', NULL, 100, '0.00000', '0.00000', '0.00000', NULL, NULL, NULL, NULL, NULL, NULL, NULL, 6, '2024-09-30 18:21:20'),
(817, 14, 43, '8.14', 'yes', 100, 'Description of control is fully met', NULL, 0, 'Asset component is directly publicly exposed', NULL, 100, '0.00000', '0.00000', '0.00000', NULL, NULL, NULL, NULL, NULL, NULL, NULL, 6, '2024-09-30 18:21:20'),
(818, 14, 43, '8.15', 'yes', 100, 'Description of control is fully met', NULL, 0, 'Asset component is directly publicly exposed', NULL, 100, '0.00000', '0.00000', '0.00000', NULL, NULL, NULL, NULL, NULL, NULL, NULL, 6, '2024-09-30 18:21:20'),
(819, 14, 43, '8.16', 'yes', 100, 'Description of control is fully met', NULL, 0, 'Asset component is directly publicly exposed', NULL, 100, '0.00000', '0.00000', '0.00000', NULL, NULL, NULL, NULL, NULL, NULL, NULL, 6, '2024-09-30 18:21:20'),
(820, 14, 43, '8.17', 'yes', 100, 'Description of control is fully met', NULL, 0, 'Asset component is directly publicly exposed', NULL, 100, '0.00000', '0.00000', '0.00000', NULL, NULL, NULL, NULL, NULL, NULL, NULL, 6, '2024-09-30 18:21:20'),
(821, 14, 43, '8.18', 'yes', 100, 'Description of control is fully met', NULL, 0, 'Asset component is directly publicly exposed', NULL, 100, '0.00000', '0.00000', '0.00000', NULL, NULL, NULL, NULL, NULL, NULL, NULL, 6, '2024-09-30 18:21:20'),
(822, 14, 43, '8.19', 'yes', 100, 'Description of control is fully met', NULL, 0, 'Asset component is directly publicly exposed', NULL, 100, '0.00000', '0.00000', '0.00000', NULL, NULL, NULL, NULL, NULL, NULL, NULL, 6, '2024-09-30 18:21:20'),
(823, 14, 43, '8.20', 'yes', 100, 'Description of control is fully met', NULL, 0, 'Asset component is directly publicly exposed', NULL, 100, '0.00000', '0.00000', '0.00000', NULL, NULL, NULL, NULL, NULL, NULL, NULL, 6, '2024-09-30 18:21:20'),
(824, 14, 43, '8.21', 'yes', 100, 'Description of control is fully met', NULL, 0, 'Asset component is directly publicly exposed', NULL, 100, '0.00000', '0.00000', '0.00000', NULL, NULL, NULL, NULL, NULL, NULL, NULL, 6, '2024-09-30 18:21:20'),
(825, 14, 43, '8.22', 'yes', 100, 'Description of control is fully met', NULL, 0, 'Asset component is directly publicly exposed', NULL, 100, '0.00000', '0.00000', '0.00000', NULL, NULL, NULL, NULL, NULL, NULL, NULL, 6, '2024-09-30 18:21:20'),
(826, 14, 43, '8.23', 'yes', 100, 'Description of control is fully met', NULL, 0, 'Asset component is directly publicly exposed', NULL, 100, '0.00000', '0.00000', '0.00000', NULL, NULL, NULL, NULL, NULL, NULL, NULL, 6, '2024-09-30 18:21:20'),
(827, 14, 43, '8.24', 'yes', 100, 'Description of control is fully met', NULL, 0, 'Asset component is directly publicly exposed', NULL, 100, '0.00000', '0.00000', '0.00000', NULL, NULL, NULL, NULL, NULL, NULL, NULL, 6, '2024-09-30 18:21:20'),
(828, 14, 43, '8.25', 'yes', 100, 'Description of control is fully met', NULL, 0, 'Asset component is directly publicly exposed', NULL, 100, '0.00000', '0.00000', '0.00000', NULL, NULL, NULL, NULL, NULL, NULL, NULL, 6, '2024-09-30 18:21:20'),
(829, 14, 43, '8.26', 'yes', 100, 'Description of control is fully met', NULL, 0, 'Asset component is directly publicly exposed', NULL, 100, '0.00000', '0.00000', '0.00000', NULL, NULL, NULL, NULL, NULL, NULL, NULL, 6, '2024-09-30 18:21:20'),
(830, 14, 43, '8.27', 'yes', 100, 'Description of control is fully met', NULL, 0, 'Asset component is directly publicly exposed', NULL, 100, '0.00000', '0.00000', '0.00000', NULL, NULL, NULL, NULL, NULL, NULL, NULL, 6, '2024-09-30 18:21:20'),
(831, 14, 43, '8.28', 'yes', 100, 'Description of control is fully met', NULL, 0, 'Asset component is directly publicly exposed', NULL, 100, '0.00000', '0.00000', '0.00000', NULL, NULL, NULL, NULL, NULL, NULL, NULL, 6, '2024-09-30 18:21:20'),
(832, 14, 43, '8.29', 'yes', 100, 'Description of control is fully met', NULL, 0, 'Asset component is directly publicly exposed', NULL, 100, '0.00000', '0.00000', '0.00000', NULL, NULL, NULL, NULL, NULL, NULL, NULL, 6, '2024-09-30 18:21:20'),
(833, 14, 43, '8.30', 'yes', 100, 'Description of control is fully met', NULL, 0, 'Asset component is directly publicly exposed', NULL, 100, '0.00000', '0.00000', '0.00000', NULL, NULL, NULL, NULL, NULL, NULL, NULL, 6, '2024-09-30 18:21:20'),
(834, 14, 43, '8.31', 'yes', 100, 'Description of control is fully met', NULL, 0, 'Asset component is directly publicly exposed', NULL, 100, '0.00000', '0.00000', '0.00000', NULL, NULL, NULL, NULL, NULL, NULL, NULL, 6, '2024-09-30 18:21:20'),
(835, 14, 43, '8.32', 'yes', 100, 'Description of control is fully met', NULL, 0, 'Asset component is directly publicly exposed', NULL, 100, '0.00000', '0.00000', '0.00000', NULL, NULL, NULL, NULL, NULL, NULL, NULL, 6, '2024-09-30 18:21:20'),
(836, 14, 43, '8.33', 'yes', 100, 'Description of control is fully met', NULL, 0, 'Asset component is directly publicly exposed', NULL, 100, '0.00000', '0.00000', '0.00000', NULL, NULL, NULL, NULL, NULL, NULL, NULL, 6, '2024-09-30 18:21:20'),
(837, 14, 43, '8.34', 'yes', 100, 'Description of control is fully met', NULL, 0, 'Asset component is directly publicly exposed', NULL, 100, '0.00000', '0.00000', '0.00000', NULL, NULL, NULL, NULL, NULL, NULL, NULL, 6, '2024-09-30 18:21:20');

-- --------------------------------------------------------

--
-- Table structure for table `migrations`
--

CREATE TABLE `migrations` (
  `id` int(10) UNSIGNED NOT NULL,
  `migration` varchar(255) COLLATE utf8mb4_unicode_ci NOT NULL,
  `batch` int(11) NOT NULL
) ENGINE=InnoDB DEFAULT CHARSET=utf8mb4 COLLATE=utf8mb4_unicode_ci;

-- --------------------------------------------------------

--
-- Table structure for table `model_has_permissions`
--

CREATE TABLE `model_has_permissions` (
  `permission_id` bigint(20) UNSIGNED NOT NULL,
  `model_type` varchar(255) COLLATE utf8mb4_unicode_ci NOT NULL,
  `model_id` bigint(20) UNSIGNED NOT NULL
) ENGINE=InnoDB DEFAULT CHARSET=utf8mb4 COLLATE=utf8mb4_unicode_ci;

--
-- Dumping data for table `model_has_permissions`
--

INSERT INTO `model_has_permissions` (`permission_id`, `model_type`, `model_id`) VALUES
(6, 'App\\Models\\User', 6);

-- --------------------------------------------------------

--
-- Table structure for table `model_has_roles`
--

CREATE TABLE `model_has_roles` (
  `role_id` bigint(20) UNSIGNED NOT NULL,
  `model_type` varchar(255) COLLATE utf8mb4_unicode_ci NOT NULL,
  `model_id` bigint(20) UNSIGNED NOT NULL
) ENGINE=InnoDB DEFAULT CHARSET=utf8mb4 COLLATE=utf8mb4_unicode_ci;

--
-- Dumping data for table `model_has_roles`
--

INSERT INTO `model_has_roles` (`role_id`, `model_type`, `model_id`) VALUES
(6, 'App\\Models\\User', 4),
(7, 'App\\Models\\User', 5),
(8, 'App\\Models\\User', 6);

-- --------------------------------------------------------

--
-- Table structure for table `organizations`
--

CREATE TABLE `organizations` (
  `org_id` int(11) NOT NULL,
  `name` varchar(100) COLLATE utf8mb4_unicode_ci NOT NULL,
  `type` varchar(100) COLLATE utf8mb4_unicode_ci NOT NULL,
  `sub_org` varchar(100) COLLATE utf8mb4_unicode_ci NOT NULL,
  `country` varchar(100) COLLATE utf8mb4_unicode_ci NOT NULL,
  `state` varchar(100) COLLATE utf8mb4_unicode_ci NOT NULL,
  `city` varchar(100) COLLATE utf8mb4_unicode_ci NOT NULL,
  `zip_code` int(11) NOT NULL,
  `address` varchar(100) COLLATE utf8mb4_unicode_ci NOT NULL,
  `record_created_by` varchar(100) COLLATE utf8mb4_unicode_ci NOT NULL,
  `record_creation_date` date NOT NULL,
  `record_creation_time` time NOT NULL,
  `status` varchar(20) COLLATE utf8mb4_unicode_ci NOT NULL,
  `created_at` timestamp NULL DEFAULT NULL,
  `updated_at` timestamp NULL DEFAULT NULL
) ENGINE=InnoDB DEFAULT CHARSET=utf8mb4 COLLATE=utf8mb4_unicode_ci;

--
-- Dumping data for table `organizations`
--

INSERT INTO `organizations` (`org_id`, `name`, `type`, `sub_org`, `country`, `state`, `city`, `zip_code`, `address`, `record_created_by`, `record_creation_date`, `record_creation_time`, `status`, `created_at`, `updated_at`) VALUES
(2, 'Bank', 'host', 'IT', 'Pakistan', 'Sindh', 'Karachi', 75950, '1647/2 Fb Area Azizabad', 'shahmeer@gmail.com', '2024-09-07', '19:18:43', 'active', '2024-09-07 14:18:43', '2024-09-07 14:18:43');

-- --------------------------------------------------------

--
-- Table structure for table `password_reset_tokens`
--

CREATE TABLE `password_reset_tokens` (
  `email` varchar(255) COLLATE utf8mb4_unicode_ci NOT NULL,
  `token` varchar(255) COLLATE utf8mb4_unicode_ci NOT NULL,
  `created_at` timestamp NULL DEFAULT NULL
) ENGINE=InnoDB DEFAULT CHARSET=utf8mb4 COLLATE=utf8mb4_unicode_ci;

-- --------------------------------------------------------

--
-- Table structure for table `permissions`
--

CREATE TABLE `permissions` (
  `id` bigint(20) UNSIGNED NOT NULL,
  `name` varchar(255) COLLATE utf8mb4_unicode_ci NOT NULL,
  `guard_name` varchar(255) COLLATE utf8mb4_unicode_ci NOT NULL,
  `created_at` timestamp NULL DEFAULT NULL,
  `updated_at` timestamp NULL DEFAULT NULL
) ENGINE=InnoDB DEFAULT CHARSET=utf8mb4 COLLATE=utf8mb4_unicode_ci;

--
-- Dumping data for table `permissions`
--

INSERT INTO `permissions` (`id`, `name`, `guard_name`, `created_at`, `updated_at`) VALUES
(5, 'Data Inputter', 'web', '2024-09-07 14:19:40', '2024-09-07 14:19:40'),
(6, 'Project Creator', 'web', '2024-09-07 14:19:48', '2024-09-07 14:19:48'),
(7, 'Project Approver', 'web', '2024-09-07 14:20:00', '2024-09-07 14:20:00');

-- --------------------------------------------------------

--
-- Table structure for table `personal_access_tokens`
--

CREATE TABLE `personal_access_tokens` (
  `id` bigint(20) UNSIGNED NOT NULL,
  `tokenable_type` varchar(255) COLLATE utf8mb4_unicode_ci NOT NULL,
  `tokenable_id` bigint(20) UNSIGNED NOT NULL,
  `name` varchar(255) COLLATE utf8mb4_unicode_ci NOT NULL,
  `token` varchar(64) COLLATE utf8mb4_unicode_ci NOT NULL,
  `abilities` text COLLATE utf8mb4_unicode_ci DEFAULT NULL,
  `last_used_at` timestamp NULL DEFAULT NULL,
  `expires_at` timestamp NULL DEFAULT NULL,
  `created_at` timestamp NULL DEFAULT NULL,
  `updated_at` timestamp NULL DEFAULT NULL
) ENGINE=InnoDB DEFAULT CHARSET=utf8mb4 COLLATE=utf8mb4_unicode_ci;

-- --------------------------------------------------------

--
-- Table structure for table `privileges`
--

CREATE TABLE `privileges` (
  `id` bigint(20) UNSIGNED NOT NULL,
  `privilege_name` varchar(100) COLLATE utf8mb4_unicode_ci NOT NULL,
  `created_at` timestamp NULL DEFAULT NULL,
  `updated_at` timestamp NULL DEFAULT NULL
) ENGINE=InnoDB DEFAULT CHARSET=utf8mb4 COLLATE=utf8mb4_unicode_ci;

--
-- Dumping data for table `privileges`
--

INSERT INTO `privileges` (`id`, `privilege_name`, `created_at`, `updated_at`) VALUES
(1, 'Super User', '2023-07-08 08:01:23', '2023-07-08 08:01:23'),
(2, 'Primary Contact', '2023-07-08 08:01:39', '2023-07-08 08:01:39'),
(3, 'Secondary Contact', '2023-07-08 08:01:40', '2023-07-08 08:01:40'),
(4, 'Root Admin', NULL, NULL),
(5, 'End User', NULL, NULL);

-- --------------------------------------------------------

--
-- Table structure for table `projects`
--

CREATE TABLE `projects` (
  `project_id` int(11) NOT NULL,
  `project_name` varchar(100) COLLATE utf8mb4_unicode_ci NOT NULL,
  `org_id` int(11) DEFAULT NULL,
  `created_by` bigint(20) UNSIGNED DEFAULT NULL,
  `project_creation_date` date NOT NULL,
  `project_creation_time` time NOT NULL,
  `project_type` bigint(20) UNSIGNED DEFAULT NULL,
  `status` varchar(100) COLLATE utf8mb4_unicode_ci NOT NULL DEFAULT 'Not submitted for approval',
  `status_last_changed_by` bigint(20) UNSIGNED DEFAULT NULL,
  `created_at` timestamp NULL DEFAULT NULL,
  `updated_at` timestamp NULL DEFAULT NULL
) ENGINE=InnoDB DEFAULT CHARSET=utf8mb4 COLLATE=utf8mb4_unicode_ci;

--
-- Dumping data for table `projects`
--

INSERT INTO `projects` (`project_id`, `project_name`, `org_id`, `created_by`, `project_creation_date`, `project_creation_time`, `project_type`, `status`, `status_last_changed_by`, `created_at`, `updated_at`) VALUES
(11, 'Test Project1', 2, 6, '2024-09-13', '11:00:12', 4, 'Not submitted for approval', 6, '2024-09-13 06:00:12', '2024-09-13 06:00:12'),
(13, 'Test Project 2', 2, 6, '2024-09-23', '11:55:37', 4, 'Not submitted for approval', 6, '2024-09-23 06:55:37', '2024-09-23 06:55:37'),
(14, 'Test Project 3', 2, 6, '2024-09-30', '18:19:01', 4, 'Not submitted for approval', 6, '2024-09-30 13:19:01', '2024-09-30 13:19:01'),
(17, 'PCI DSS Single Merchant test', 2, 6, '2024-10-15', '12:16:58', 1, 'Not submitted for approval', 6, '2024-10-15 07:16:58', '2024-10-15 07:16:58'),
(18, 'PCII MUlti tenant test', 2, 6, '2024-10-15', '12:18:38', 2, 'Not submitted for approval', 6, '2024-10-15 07:18:38', '2024-10-15 07:18:38'),
(19, 'Cyber Frameowrk SAMA Test', 2, 6, '2024-10-15', '12:26:23', 5, 'Not submitted for approval', 6, '2024-10-15 07:26:23', '2024-10-15 07:26:23'),
(20, 'SBP ETGRMF Test', 2, 6, '2024-10-16', '10:56:04', 6, 'Not submitted for approval', 6, '2024-10-16 05:56:04', '2024-10-16 05:56:04'),
(21, 'KSA NCA ECC test', 2, 6, '2024-10-17', '09:00:35', 7, 'Not submitted for approval', 6, '2024-10-17 04:00:35', '2024-10-17 04:00:35');

-- --------------------------------------------------------

--
-- Table structure for table `project_details`
--

CREATE TABLE `project_details` (
  `project_code` int(11) DEFAULT NULL,
  `assigned_enduser` bigint(20) UNSIGNED DEFAULT NULL,
  `project_permissions` longtext CHARACTER SET utf8mb4 COLLATE utf8mb4_bin NOT NULL CHECK (json_valid(`project_permissions`)),
  `created_at` timestamp NULL DEFAULT NULL,
  `updated_at` timestamp NULL DEFAULT NULL
) ENGINE=InnoDB DEFAULT CHARSET=utf8mb4 COLLATE=utf8mb4_unicode_ci;

--
-- Dumping data for table `project_details`
--

INSERT INTO `project_details` (`project_code`, `assigned_enduser`, `project_permissions`, `created_at`, `updated_at`) VALUES
(NULL, 6, '[\"Data Inputter\"]', '2024-09-07 14:21:22', '2024-09-07 14:21:22'),
(NULL, 6, '[\"Data Inputter\"]', '2024-09-11 04:07:05', '2024-09-11 04:07:05'),
(11, 6, '[\"Data Inputter\"]', '2024-09-13 06:00:21', '2024-09-13 06:00:21'),
(NULL, 6, '[\"Data Inputter\"]', '2024-09-23 06:16:33', '2024-09-23 06:16:33'),
(13, 6, '[\"Data Inputter\"]', '2024-09-23 06:55:48', '2024-09-23 06:55:48'),
(14, 6, '[\"Data Inputter\"]', '2024-09-30 13:19:34', '2024-09-30 13:19:34'),
(NULL, 6, '[\"Data Inputter\"]', '2024-10-01 04:11:17', '2024-10-01 04:11:17'),
(17, 6, '[\"Data Inputter\"]', '2024-10-15 07:17:15', '2024-10-15 07:17:15'),
(18, 6, '[\"Data Inputter\"]', '2024-10-15 07:19:06', '2024-10-15 07:19:06'),
(19, 6, '[\"Data Inputter\"]', '2024-10-15 07:27:16', '2024-10-15 07:27:16'),
(20, 6, '[\"Data Inputter\"]', '2024-10-16 05:56:15', '2024-10-16 05:56:15'),
(21, 6, '[\"Data Inputter\"]', '2024-10-17 04:00:45', '2024-10-17 04:00:45');

-- --------------------------------------------------------

--
-- Table structure for table `project_types`
--

CREATE TABLE `project_types` (
  `id` bigint(20) UNSIGNED NOT NULL,
  `type` varchar(100) COLLATE utf8mb4_unicode_ci NOT NULL,
  `created_at` timestamp NULL DEFAULT NULL,
  `updated_at` timestamp NULL DEFAULT NULL
) ENGINE=InnoDB DEFAULT CHARSET=utf8mb4 COLLATE=utf8mb4_unicode_ci;

--
-- Dumping data for table `project_types`
--

INSERT INTO `project_types` (`id`, `type`, `created_at`, `updated_at`) VALUES
(1, 'PCI-DSS v4-Single-Tenant Service Provider (stSP)', NULL, NULL),
(2, 'PCI-DSS v4-Multi-Tenant Service Provider (mtSP)', NULL, NULL),
(3, 'PCI-DSS v4-Merchant', NULL, NULL),
(4, 'ISO 27001:2022', NULL, NULL),
(5, 'Cyber Security Framework - SAMA', NULL, NULL),
(6, 'SBP ETGRMF', NULL, NULL),
(7, 'KSA NCA ECC', NULL, NULL);

-- --------------------------------------------------------

--
-- Table structure for table `roles`
--

CREATE TABLE `roles` (
  `id` bigint(20) UNSIGNED NOT NULL,
  `name` varchar(255) COLLATE utf8mb4_unicode_ci NOT NULL,
  `guard_name` varchar(255) COLLATE utf8mb4_unicode_ci NOT NULL,
  `created_at` timestamp NULL DEFAULT NULL,
  `updated_at` timestamp NULL DEFAULT NULL
) ENGINE=InnoDB DEFAULT CHARSET=utf8mb4 COLLATE=utf8mb4_unicode_ci;

--
-- Dumping data for table `roles`
--

INSERT INTO `roles` (`id`, `name`, `guard_name`, `created_at`, `updated_at`) VALUES
(6, 'root admin', 'web', '2024-09-07 14:17:20', '2024-09-07 14:17:20'),
(7, 'super user', 'web', '2024-09-07 14:17:20', '2024-09-07 14:17:20'),
(8, 'end user', 'web', '2024-09-07 14:17:20', '2024-09-07 14:17:20'),
(9, 'primary contact ', 'web', '2024-09-07 14:17:20', '2024-09-07 14:17:20'),
(10, 'secondary contact', 'web', '2024-09-07 14:17:20', '2024-09-07 14:17:20');

-- --------------------------------------------------------

--
-- Table structure for table `role_has_permissions`
--

CREATE TABLE `role_has_permissions` (
  `permission_id` bigint(20) UNSIGNED NOT NULL,
  `role_id` bigint(20) UNSIGNED NOT NULL
) ENGINE=InnoDB DEFAULT CHARSET=utf8mb4 COLLATE=utf8mb4_unicode_ci;

-- --------------------------------------------------------

--
-- Table structure for table `superusers`
--

CREATE TABLE `superusers` (
  `id` int(11) NOT NULL,
  `user_id` bigint(20) UNSIGNED DEFAULT NULL,
  `org_id` int(11) DEFAULT NULL
) ENGINE=InnoDB DEFAULT CHARSET=utf8mb4 COLLATE=utf8mb4_unicode_ci;

--
-- Dumping data for table `superusers`
--

INSERT INTO `superusers` (`id`, `user_id`, `org_id`) VALUES
(2, 5, 2);

-- --------------------------------------------------------

--
-- Table structure for table `users`
--

CREATE TABLE `users` (
  `id` bigint(20) UNSIGNED NOT NULL,
  `org_id` int(11) DEFAULT NULL,
  `first_name` varchar(100) COLLATE utf8mb4_unicode_ci NOT NULL,
  `last_name` varchar(100) COLLATE utf8mb4_unicode_ci NOT NULL,
  `national_id` varchar(255) COLLATE utf8mb4_unicode_ci DEFAULT NULL,
  `email` varchar(255) COLLATE utf8mb4_unicode_ci NOT NULL,
  `telephone` varchar(100) COLLATE utf8mb4_unicode_ci NOT NULL,
  `address` varchar(100) COLLATE utf8mb4_unicode_ci NOT NULL,
  `city` varchar(100) COLLATE utf8mb4_unicode_ci NOT NULL,
  `state` varchar(100) COLLATE utf8mb4_unicode_ci NOT NULL,
  `country` varchar(100) COLLATE utf8mb4_unicode_ci NOT NULL,
  `zip_code` int(11) NOT NULL,
  `password` varchar(255) COLLATE utf8mb4_unicode_ci NOT NULL,
  `2FA` varchar(3) COLLATE utf8mb4_unicode_ci NOT NULL,
  `privilege_id` bigint(20) UNSIGNED DEFAULT NULL,
  `status` varchar(20) COLLATE utf8mb4_unicode_ci NOT NULL,
  `email_verified_at` timestamp NULL DEFAULT NULL,
  `remember_token` varchar(100) COLLATE utf8mb4_unicode_ci DEFAULT NULL,
  `created_at` timestamp NULL DEFAULT NULL,
  `updated_at` timestamp NULL DEFAULT NULL
) ENGINE=InnoDB DEFAULT CHARSET=utf8mb4 COLLATE=utf8mb4_unicode_ci;

--
-- Dumping data for table `users`
--

INSERT INTO `users` (`id`, `org_id`, `first_name`, `last_name`, `national_id`, `email`, `telephone`, `address`, `city`, `state`, `country`, `zip_code`, `password`, `2FA`, `privilege_id`, `status`, `email_verified_at`, `remember_token`, `created_at`, `updated_at`) VALUES
(4, NULL, 'shahmeer', 'sheraz', NULL, 'shahmeer@gmail.com', '04448887643', 'Gulshan', 'karachi', 'Sindh', 'country', 12, '$2y$10$pXxvlXqb00DkIoV9bE2T6OmRNwo/TvXmsePHZAfusUw9YxmHkTWx.', 'N', 4, 'active', NULL, NULL, NULL, NULL),
(5, 2, 'Bank', 'SuperUser1', '344443', 'banks1@gmail.com', '03344334', '1647/2 Fb Area Azizabad', 'Karachi', 'Sindh', 'Pakistan', 75950, '$2y$10$46vF49/peDgGwitW5hT9NOFuhjA0s4.L/67ncM2tmkGwe0GFrUcnS', 'N', 1, 'active', NULL, NULL, '2024-09-07 14:19:23', '2024-09-07 14:19:23'),
(6, 2, 'Bank', 'EndUSer1', '4433', 'banke1@gmail.com', '03344334', '1647/2 Fb Area Azizabad', 'Karachi', 'Sindh', 'Pakistan', 75950, '$2y$10$LZw8IkUacyf8PxFNS9Alq.gD/ICbxzWRPwLEtEPOXfJPNiBXd4Rli', 'N', 5, 'active', NULL, NULL, '2024-09-07 14:20:46', '2024-09-07 14:20:46');

--
-- Indexes for dumped tables
--

--
-- Indexes for table `failed_jobs`
--
ALTER TABLE `failed_jobs`
  ADD PRIMARY KEY (`id`),
  ADD UNIQUE KEY `failed_jobs_uuid_unique` (`uuid`);

--
-- Indexes for table `iso_risk_treatment`
--
ALTER TABLE `iso_risk_treatment`
  ADD PRIMARY KEY (`assessment_id`),
  ADD UNIQUE KEY `asset_id_2` (`asset_id`,`control_num`),
  ADD KEY `projid_sec2_3_1` (`project_id`),
  ADD KEY `asset_id` (`asset_id`),
  ADD KEY `acceptance_proposed_responsibility` (`acceptance_proposed_responsibility`),
  ADD KEY `accepted_by` (`accepted_by`),
  ADD KEY `last_edited_by` (`last_edited_by`);

--
-- Indexes for table `iso_sec2_4_a5`
--
ALTER TABLE `iso_sec2_4_a5`
  ADD PRIMARY KEY (`assessment_id`),
  ADD UNIQUE KEY `asset_id_2` (`asset_id`,`control_num`),
  ADD KEY `project_id` (`project_id`),
  ADD KEY `asset_id` (`asset_id`),
  ADD KEY `last_edited_by` (`last_edited_by`);

--
-- Indexes for table `iso_sec2_4_a6`
--
ALTER TABLE `iso_sec2_4_a6`
  ADD PRIMARY KEY (`assessment_id`),
  ADD UNIQUE KEY `project_id` (`project_id`,`control_num`),
  ADD KEY `project_id_2` (`project_id`),
  ADD KEY `asset_id` (`asset_id`),
  ADD KEY `last_edited_by` (`last_edited_by`);

--
-- Indexes for table `iso_sec2_4_a7`
--
ALTER TABLE `iso_sec2_4_a7`
  ADD PRIMARY KEY (`assessment_id`),
  ADD KEY `project_id_2` (`project_id`),
  ADD KEY `asset_id` (`asset_id`),
  ADD KEY `last_edited_by` (`last_edited_by`);

--
-- Indexes for table `iso_sec2_4_a8`
--
ALTER TABLE `iso_sec2_4_a8`
  ADD PRIMARY KEY (`assessment_id`),
  ADD KEY `project_id_2` (`project_id`),
  ADD KEY `asset_id` (`asset_id`),
  ADD KEY `last_edited_by` (`last_edited_by`);

--
-- Indexes for table `iso_sec_2_1`
--
ALTER TABLE `iso_sec_2_1`
  ADD PRIMARY KEY (`assessment_id`),
  ADD UNIQUE KEY `project_id_2` (`project_id`,`g_name`,`name`,`c_name`,`s_name`),
  ADD KEY `project_id` (`project_id`),
  ADD KEY `last_edited_by` (`last_edited_by`);

--
-- Indexes for table `iso_sec_2_2`
--
ALTER TABLE `iso_sec_2_2`
  ADD PRIMARY KEY (`assessment_id`),
  ADD UNIQUE KEY `project_id` (`project_id`,`sub_req`),
  ADD KEY `project_id_2` (`project_id`),
  ADD KEY `last_edited_by` (`last_edited_by`);

--
-- Indexes for table `iso_sec_2_3`
--
ALTER TABLE `iso_sec_2_3`
  ADD PRIMARY KEY (`sec2_3_key`),
  ADD UNIQUE KEY `asset_id` (`asset_id`,`project_id`),
  ADD KEY `asset_id_2` (`asset_id`),
  ADD KEY `project_id` (`project_id`),
  ADD KEY `last_edited_by` (`last_edited_by`);

--
-- Indexes for table `iso_sec_2_3_1`
--
ALTER TABLE `iso_sec_2_3_1`
  ADD PRIMARY KEY (`assessment_id`),
  ADD UNIQUE KEY `asset_id_2` (`asset_id`,`control_num`),
  ADD KEY `projid_sec2_3_1` (`project_id`),
  ADD KEY `asset_id` (`asset_id`),
  ADD KEY `last_edited_by` (`last_edited_by`);

--
-- Indexes for table `migrations`
--
ALTER TABLE `migrations`
  ADD PRIMARY KEY (`id`);

--
-- Indexes for table `model_has_permissions`
--
ALTER TABLE `model_has_permissions`
  ADD PRIMARY KEY (`permission_id`,`model_id`,`model_type`),
  ADD KEY `model_has_permissions_model_id_model_type_index` (`model_id`,`model_type`);

--
-- Indexes for table `model_has_roles`
--
ALTER TABLE `model_has_roles`
  ADD PRIMARY KEY (`role_id`,`model_id`,`model_type`),
  ADD KEY `model_has_roles_model_id_model_type_index` (`model_id`,`model_type`);

--
-- Indexes for table `organizations`
--
ALTER TABLE `organizations`
  ADD PRIMARY KEY (`org_id`),
  ADD UNIQUE KEY `name` (`name`,`sub_org`);

--
-- Indexes for table `password_reset_tokens`
--
ALTER TABLE `password_reset_tokens`
  ADD PRIMARY KEY (`email`);

--
-- Indexes for table `permissions`
--
ALTER TABLE `permissions`
  ADD PRIMARY KEY (`id`),
  ADD UNIQUE KEY `permissions_name_guard_name_unique` (`name`,`guard_name`);

--
-- Indexes for table `personal_access_tokens`
--
ALTER TABLE `personal_access_tokens`
  ADD PRIMARY KEY (`id`),
  ADD UNIQUE KEY `personal_access_tokens_token_unique` (`token`),
  ADD KEY `personal_access_tokens_tokenable_type_tokenable_id_index` (`tokenable_type`,`tokenable_id`);

--
-- Indexes for table `privileges`
--
ALTER TABLE `privileges`
  ADD PRIMARY KEY (`id`);

--
-- Indexes for table `projects`
--
ALTER TABLE `projects`
  ADD PRIMARY KEY (`project_id`),
  ADD KEY `org_id` (`org_id`),
  ADD KEY `created_by` (`created_by`),
  ADD KEY `project_type` (`project_type`);

--
-- Indexes for table `project_details`
--
ALTER TABLE `project_details`
  ADD UNIQUE KEY `project_code_3` (`project_code`,`assigned_enduser`),
  ADD KEY `project_code` (`project_code`),
  ADD KEY `project_code_2` (`project_code`),
  ADD KEY `assigned_enduser` (`assigned_enduser`);

--
-- Indexes for table `project_types`
--
ALTER TABLE `project_types`
  ADD PRIMARY KEY (`id`);

--
-- Indexes for table `roles`
--
ALTER TABLE `roles`
  ADD PRIMARY KEY (`id`),
  ADD UNIQUE KEY `roles_name_guard_name_unique` (`name`,`guard_name`);

--
-- Indexes for table `role_has_permissions`
--
ALTER TABLE `role_has_permissions`
  ADD PRIMARY KEY (`permission_id`,`role_id`),
  ADD KEY `role_has_permissions_role_id_foreign` (`role_id`);

--
-- Indexes for table `superusers`
--
ALTER TABLE `superusers`
  ADD PRIMARY KEY (`id`),
  ADD KEY `user_id` (`user_id`,`org_id`),
  ADD KEY `orgidfk` (`org_id`);

--
-- Indexes for table `users`
--
ALTER TABLE `users`
  ADD PRIMARY KEY (`id`),
  ADD UNIQUE KEY `users_email_unique` (`email`),
  ADD KEY `org_id` (`org_id`);

--
-- AUTO_INCREMENT for dumped tables
--

--
-- AUTO_INCREMENT for table `failed_jobs`
--
ALTER TABLE `failed_jobs`
  MODIFY `id` bigint(20) UNSIGNED NOT NULL AUTO_INCREMENT;

--
-- AUTO_INCREMENT for table `iso_risk_treatment`
--
ALTER TABLE `iso_risk_treatment`
  MODIFY `assessment_id` int(11) NOT NULL AUTO_INCREMENT, AUTO_INCREMENT=838;

--
-- AUTO_INCREMENT for table `iso_sec2_4_a5`
--
ALTER TABLE `iso_sec2_4_a5`
  MODIFY `assessment_id` int(11) NOT NULL AUTO_INCREMENT;

--
-- AUTO_INCREMENT for table `iso_sec2_4_a6`
--
ALTER TABLE `iso_sec2_4_a6`
  MODIFY `assessment_id` int(11) NOT NULL AUTO_INCREMENT;

--
-- AUTO_INCREMENT for table `iso_sec2_4_a7`
--
ALTER TABLE `iso_sec2_4_a7`
  MODIFY `assessment_id` int(11) NOT NULL AUTO_INCREMENT;

--
-- AUTO_INCREMENT for table `iso_sec2_4_a8`
--
ALTER TABLE `iso_sec2_4_a8`
  MODIFY `assessment_id` int(11) NOT NULL AUTO_INCREMENT;

--
-- AUTO_INCREMENT for table `iso_sec_2_1`
--
ALTER TABLE `iso_sec_2_1`
  MODIFY `assessment_id` int(11) NOT NULL AUTO_INCREMENT, AUTO_INCREMENT=47;

--
-- AUTO_INCREMENT for table `iso_sec_2_2`
--
ALTER TABLE `iso_sec_2_2`
  MODIFY `assessment_id` int(11) NOT NULL AUTO_INCREMENT, AUTO_INCREMENT=11;

--
-- AUTO_INCREMENT for table `iso_sec_2_3`
--
ALTER TABLE `iso_sec_2_3`
  MODIFY `sec2_3_key` int(11) NOT NULL AUTO_INCREMENT;

--
-- AUTO_INCREMENT for table `iso_sec_2_3_1`
--
ALTER TABLE `iso_sec_2_3_1`
  MODIFY `assessment_id` int(11) NOT NULL AUTO_INCREMENT, AUTO_INCREMENT=838;

--
-- AUTO_INCREMENT for table `migrations`
--
ALTER TABLE `migrations`
  MODIFY `id` int(10) UNSIGNED NOT NULL AUTO_INCREMENT, AUTO_INCREMENT=41;

--
-- AUTO_INCREMENT for table `organizations`
--
ALTER TABLE `organizations`
  MODIFY `org_id` int(11) NOT NULL AUTO_INCREMENT, AUTO_INCREMENT=3;

--
-- AUTO_INCREMENT for table `permissions`
--
ALTER TABLE `permissions`
  MODIFY `id` bigint(20) UNSIGNED NOT NULL AUTO_INCREMENT, AUTO_INCREMENT=8;

--
-- AUTO_INCREMENT for table `personal_access_tokens`
--
ALTER TABLE `personal_access_tokens`
  MODIFY `id` bigint(20) UNSIGNED NOT NULL AUTO_INCREMENT;

--
-- AUTO_INCREMENT for table `privileges`
--
ALTER TABLE `privileges`
  MODIFY `id` bigint(20) UNSIGNED NOT NULL AUTO_INCREMENT, AUTO_INCREMENT=6;

--
-- AUTO_INCREMENT for table `projects`
--
ALTER TABLE `projects`
  MODIFY `project_id` int(11) NOT NULL AUTO_INCREMENT, AUTO_INCREMENT=22;

--
-- AUTO_INCREMENT for table `project_types`
--
ALTER TABLE `project_types`
  MODIFY `id` bigint(20) UNSIGNED NOT NULL AUTO_INCREMENT, AUTO_INCREMENT=8;

--
-- AUTO_INCREMENT for table `roles`
--
ALTER TABLE `roles`
  MODIFY `id` bigint(20) UNSIGNED NOT NULL AUTO_INCREMENT, AUTO_INCREMENT=11;

--
-- AUTO_INCREMENT for table `superusers`
--
ALTER TABLE `superusers`
  MODIFY `id` int(11) NOT NULL AUTO_INCREMENT, AUTO_INCREMENT=3;

--
-- AUTO_INCREMENT for table `users`
--
ALTER TABLE `users`
  MODIFY `id` bigint(20) UNSIGNED NOT NULL AUTO_INCREMENT, AUTO_INCREMENT=7;

--
-- Constraints for dumped tables
--

--
-- Constraints for table `iso_risk_treatment`
--
ALTER TABLE `iso_risk_treatment`
  ADD CONSTRAINT `acceptace_flk1` FOREIGN KEY (`acceptance_proposed_responsibility`) REFERENCES `users` (`id`) ON DELETE SET NULL ON UPDATE SET NULL,
  ADD CONSTRAINT `acceptace_flk2` FOREIGN KEY (`accepted_by`) REFERENCES `users` (`id`) ON DELETE SET NULL ON UPDATE SET NULL,
  ADD CONSTRAINT `acceptace_flk3` FOREIGN KEY (`last_edited_by`) REFERENCES `users` (`id`) ON DELETE SET NULL ON UPDATE SET NULL,
  ADD CONSTRAINT `assetid` FOREIGN KEY (`asset_id`) REFERENCES `iso_sec_2_1` (`assessment_id`) ON DELETE CASCADE ON UPDATE CASCADE;

--
-- Constraints for table `iso_sec2_4_a5`
--
ALTER TABLE `iso_sec2_4_a5`
  ADD CONSTRAINT `asseid_isofk` FOREIGN KEY (`asset_id`) REFERENCES `iso_sec_2_1` (`assessment_id`) ON DELETE CASCADE ON UPDATE CASCADE,
  ADD CONSTRAINT `editby-iso_2_4_a5` FOREIGN KEY (`last_edited_by`) REFERENCES `users` (`id`) ON DELETE SET NULL ON UPDATE CASCADE,
  ADD CONSTRAINT `isosec2_4_a5_projid` FOREIGN KEY (`project_id`) REFERENCES `projects` (`project_id`) ON DELETE SET NULL ON UPDATE CASCADE;

--
-- Constraints for table `iso_sec2_4_a6`
--
ALTER TABLE `iso_sec2_4_a6`
  ADD CONSTRAINT `assrtidfkfor16` FOREIGN KEY (`asset_id`) REFERENCES `iso_sec_2_1` (`assessment_id`) ON DELETE CASCADE ON UPDATE CASCADE,
  ADD CONSTRAINT `edit_sec2_4_16` FOREIGN KEY (`last_edited_by`) REFERENCES `users` (`id`) ON DELETE SET NULL ON UPDATE CASCADE,
  ADD CONSTRAINT `proj_iso_2_4_a6` FOREIGN KEY (`project_id`) REFERENCES `projects` (`project_id`) ON DELETE SET NULL ON UPDATE CASCADE;

--
-- Constraints for table `iso_sec2_4_a7`
--
ALTER TABLE `iso_sec2_4_a7`
  ADD CONSTRAINT `assetid17fk` FOREIGN KEY (`asset_id`) REFERENCES `iso_sec_2_1` (`assessment_id`) ON DELETE CASCADE ON UPDATE CASCADE,
  ADD CONSTRAINT `iso_a72_4_edit` FOREIGN KEY (`last_edited_by`) REFERENCES `users` (`id`) ON DELETE SET NULL ON UPDATE CASCADE,
  ADD CONSTRAINT `iso_a72_4_proj` FOREIGN KEY (`project_id`) REFERENCES `projects` (`project_id`) ON DELETE SET NULL ON UPDATE CASCADE;

--
-- Constraints for table `iso_sec2_4_a8`
--
ALTER TABLE `iso_sec2_4_a8`
  ADD CONSTRAINT `assetid_a8fk` FOREIGN KEY (`asset_id`) REFERENCES `iso_sec_2_1` (`assessment_id`) ON DELETE CASCADE ON UPDATE CASCADE,
  ADD CONSTRAINT `iso_sec2_4a8_edit` FOREIGN KEY (`last_edited_by`) REFERENCES `users` (`id`) ON DELETE SET NULL ON UPDATE CASCADE,
  ADD CONSTRAINT `iso_sec2_4a8_proj` FOREIGN KEY (`project_id`) REFERENCES `projects` (`project_id`) ON DELETE SET NULL ON UPDATE CASCADE;

--
-- Constraints for table `iso_sec_2_1`
--
ALTER TABLE `iso_sec_2_1`
  ADD CONSTRAINT `iso_sec2_1_edit` FOREIGN KEY (`last_edited_by`) REFERENCES `users` (`id`) ON DELETE SET NULL ON UPDATE CASCADE,
  ADD CONSTRAINT `iso_sec2_1_proj` FOREIGN KEY (`project_id`) REFERENCES `projects` (`project_id`) ON DELETE CASCADE ON UPDATE CASCADE;

--
-- Constraints for table `iso_sec_2_2`
--
ALTER TABLE `iso_sec_2_2`
  ADD CONSTRAINT `iso_sec2_2edit` FOREIGN KEY (`last_edited_by`) REFERENCES `users` (`id`) ON DELETE SET NULL ON UPDATE CASCADE,
  ADD CONSTRAINT `iso_sec2_2projid` FOREIGN KEY (`project_id`) REFERENCES `projects` (`project_id`) ON DELETE SET NULL ON UPDATE CASCADE;

--
-- Constraints for table `iso_sec_2_3`
--
ALTER TABLE `iso_sec_2_3`
  ADD CONSTRAINT `iso_sec_2_3_assetid` FOREIGN KEY (`asset_id`) REFERENCES `iso_sec_2_1` (`assessment_id`) ON DELETE CASCADE ON UPDATE CASCADE,
  ADD CONSTRAINT `iso_sec_2_3_lastedit` FOREIGN KEY (`last_edited_by`) REFERENCES `users` (`id`) ON DELETE SET NULL ON UPDATE CASCADE,
  ADD CONSTRAINT `iso_sec_2_3_proj_id` FOREIGN KEY (`project_id`) REFERENCES `projects` (`project_id`) ON DELETE SET NULL ON UPDATE CASCADE;

--
-- Constraints for table `iso_sec_2_3_1`
--
ALTER TABLE `iso_sec_2_3_1`
  ADD CONSTRAINT `assetid_sec2_3_1FK` FOREIGN KEY (`asset_id`) REFERENCES `iso_sec_2_1` (`assessment_id`) ON DELETE CASCADE ON UPDATE CASCADE,
  ADD CONSTRAINT `lastEdit_fk_2_3_1` FOREIGN KEY (`last_edited_by`) REFERENCES `users` (`id`) ON DELETE SET NULL ON UPDATE CASCADE,
  ADD CONSTRAINT `projid_2_3` FOREIGN KEY (`project_id`) REFERENCES `projects` (`project_id`) ON DELETE CASCADE ON UPDATE CASCADE;

--
-- Constraints for table `model_has_permissions`
--
ALTER TABLE `model_has_permissions`
  ADD CONSTRAINT `model_has_permissions_permission_id_foreign` FOREIGN KEY (`permission_id`) REFERENCES `permissions` (`id`) ON DELETE CASCADE;

--
-- Constraints for table `model_has_roles`
--
ALTER TABLE `model_has_roles`
  ADD CONSTRAINT `model_has_roles_role_id_foreign` FOREIGN KEY (`role_id`) REFERENCES `roles` (`id`) ON DELETE CASCADE;

--
-- Constraints for table `projects`
--
ALTER TABLE `projects`
  ADD CONSTRAINT `createdbyfk` FOREIGN KEY (`created_by`) REFERENCES `users` (`id`) ON DELETE SET NULL ON UPDATE SET NULL,
  ADD CONSTRAINT `organfkss` FOREIGN KEY (`org_id`) REFERENCES `organizations` (`org_id`) ON DELETE SET NULL ON UPDATE SET NULL,
  ADD CONSTRAINT `projtype` FOREIGN KEY (`project_type`) REFERENCES `project_types` (`id`) ON DELETE SET NULL ON UPDATE SET NULL;

--
-- Constraints for table `project_details`
--
ALTER TABLE `project_details`
  ADD CONSTRAINT `endfk` FOREIGN KEY (`assigned_enduser`) REFERENCES `users` (`id`) ON DELETE SET NULL ON UPDATE SET NULL,
  ADD CONSTRAINT `proj_code` FOREIGN KEY (`project_code`) REFERENCES `projects` (`project_id`) ON DELETE SET NULL ON UPDATE SET NULL;

--
-- Constraints for table `role_has_permissions`
--
ALTER TABLE `role_has_permissions`
  ADD CONSTRAINT `role_has_permissions_permission_id_foreign` FOREIGN KEY (`permission_id`) REFERENCES `permissions` (`id`) ON DELETE CASCADE,
  ADD CONSTRAINT `role_has_permissions_role_id_foreign` FOREIGN KEY (`role_id`) REFERENCES `roles` (`id`) ON DELETE CASCADE;

--
-- Constraints for table `superusers`
--
ALTER TABLE `superusers`
  ADD CONSTRAINT `orgidfk` FOREIGN KEY (`org_id`) REFERENCES `organizations` (`org_id`) ON DELETE CASCADE ON UPDATE CASCADE,
  ADD CONSTRAINT `useridfk` FOREIGN KEY (`user_id`) REFERENCES `users` (`id`) ON DELETE CASCADE ON UPDATE CASCADE;

--
-- Constraints for table `users`
--
ALTER TABLE `users`
  ADD CONSTRAINT `org_id` FOREIGN KEY (`org_id`) REFERENCES `organizations` (`org_id`) ON DELETE SET NULL ON UPDATE CASCADE;
COMMIT;

/*!40101 SET CHARACTER_SET_CLIENT=@OLD_CHARACTER_SET_CLIENT */;
/*!40101 SET CHARACTER_SET_RESULTS=@OLD_CHARACTER_SET_RESULTS */;
/*!40101 SET COLLATION_CONNECTION=@OLD_COLLATION_CONNECTION */;
