-- phpMyAdmin SQL Dump
-- version 5.2.0
-- https://www.phpmyadmin.net/
--
-- Host: 127.0.0.1
-- Generation Time: Sep 17, 2024 at 09:23 AM
-- Server version: 10.4.24-MariaDB
-- PHP Version: 8.1.6

SET SQL_MODE = "NO_AUTO_VALUE_ON_ZERO";
START TRANSACTION;
SET time_zone = "+00:00";


/*!40101 SET @OLD_CHARACTER_SET_CLIENT=@@CHARACTER_SET_CLIENT */;
/*!40101 SET @OLD_CHARACTER_SET_RESULTS=@@CHARACTER_SET_RESULTS */;
/*!40101 SET @OLD_COLLATION_CONNECTION=@@COLLATION_CONNECTION */;
/*!40101 SET NAMES utf8mb4 */;

--
-- Database: `audit_code_db`
--

-- --------------------------------------------------------

--
-- Table structure for table `failed_jobs`
--

CREATE TABLE `failed_jobs` (
  `id` bigint(20) UNSIGNED NOT NULL,
  `uuid` varchar(255) COLLATE utf8mb4_unicode_ci NOT NULL,
  `connection` text COLLATE utf8mb4_unicode_ci NOT NULL,
  `queue` text COLLATE utf8mb4_unicode_ci NOT NULL,
  `payload` longtext COLLATE utf8mb4_unicode_ci NOT NULL,
  `exception` longtext COLLATE utf8mb4_unicode_ci NOT NULL,
  `failed_at` timestamp NOT NULL DEFAULT current_timestamp()
) ENGINE=InnoDB DEFAULT CHARSET=utf8mb4 COLLATE=utf8mb4_unicode_ci;

-- --------------------------------------------------------

--
-- Table structure for table `iso_risk_treatment`
--

CREATE TABLE `iso_risk_treatment` (
  `assessment_id` int(11) NOT NULL,
  `project_id` int(11) DEFAULT NULL,
  `asset_id` int(11) DEFAULT NULL,
  `control_num` varchar(100) COLLATE utf8mb4_unicode_ci DEFAULT NULL,
  `applicability` varchar(16) COLLATE utf8mb4_unicode_ci NOT NULL,
  `control_compliance` int(11) DEFAULT NULL,
  `vulnerability` int(11) DEFAULT NULL,
  `threat` int(11) DEFAULT NULL,
  `risk_level` decimal(11,5) DEFAULT NULL,
  `risk_integrity` decimal(11,5) DEFAULT NULL,
  `risk_availability` decimal(11,5) DEFAULT NULL,
  `residual_risk_treatment` varchar(100) COLLATE utf8mb4_unicode_ci DEFAULT NULL,
  `treatment_action` varchar(1000) COLLATE utf8mb4_unicode_ci DEFAULT NULL,
  `treatment_target_date` date DEFAULT NULL,
  `treatment_comp_date` date DEFAULT NULL,
  `responsibility_for_treatment` bigint(20) UNSIGNED DEFAULT NULL,
  `acceptance_justification` varchar(300) COLLATE utf8mb4_unicode_ci DEFAULT NULL,
  `acceptance_target_date` date DEFAULT NULL,
  `acceptance_actual_date` date DEFAULT NULL,
  `acceptance_proposed_responsibility` bigint(20) UNSIGNED DEFAULT NULL,
  `accepted_by` bigint(20) UNSIGNED DEFAULT NULL,
  `last_edited_by` bigint(20) UNSIGNED DEFAULT NULL,
  `last_edited_at` datetime NOT NULL
) ENGINE=InnoDB DEFAULT CHARSET=utf8mb4 COLLATE=utf8mb4_unicode_ci;

--
-- Dumping data for table `iso_risk_treatment`
--

INSERT INTO `iso_risk_treatment` (`assessment_id`, `project_id`, `asset_id`, `control_num`, `applicability`, `control_compliance`, `vulnerability`, `threat`, `risk_level`, `risk_integrity`, `risk_availability`, `residual_risk_treatment`, `treatment_action`, `treatment_target_date`, `treatment_comp_date`, `responsibility_for_treatment`, `acceptance_justification`, `acceptance_target_date`, `acceptance_actual_date`, `acceptance_proposed_responsibility`, `accepted_by`, `last_edited_by`, `last_edited_at`) VALUES
(1, 11, 35, '5.1', 'yes', 99, 1, 100, '0.10000', '0.05000', '0.01000', NULL, NULL, NULL, NULL, NULL, NULL, NULL, NULL, NULL, NULL, 6, '2024-09-17 12:06:42'),
(2, 11, 35, '5.2', 'yes', 100, 0, 100, '0.00000', '0.00000', '0.00000', NULL, NULL, NULL, NULL, NULL, NULL, NULL, NULL, NULL, NULL, 6, '2024-09-17 12:06:42'),
(3, 11, 35, '5.3', 'yes_to_all', 53, 47, 100, '4.70000', '2.35000', '0.47000', NULL, NULL, NULL, NULL, NULL, NULL, NULL, NULL, NULL, NULL, 6, '2024-09-17 12:07:00'),
(4, 11, 36, '5.3', 'yes_to_all', 53, 47, 100, '4.70000', '2.35000', '0.47000', NULL, NULL, NULL, NULL, NULL, NULL, NULL, NULL, NULL, NULL, 6, '2024-09-17 12:07:00'),
(5, 11, 35, '5.4', 'yes', 100, 0, 100, '0.00000', '0.00000', '0.00000', NULL, NULL, NULL, NULL, NULL, NULL, NULL, NULL, NULL, NULL, 6, '2024-09-17 12:06:42'),
(6, 11, 35, '5.5', 'yes', 100, 0, 100, '0.00000', '0.00000', '0.00000', NULL, NULL, NULL, NULL, NULL, NULL, NULL, NULL, NULL, NULL, 6, '2024-09-17 12:06:42'),
(7, 11, 35, '5.6', 'yes', 100, 0, 100, '0.00000', '0.00000', '0.00000', NULL, NULL, NULL, NULL, NULL, NULL, NULL, NULL, NULL, NULL, 6, '2024-09-17 12:06:42'),
(8, 11, 35, '5.7', 'yes', 100, 0, 100, '0.00000', '0.00000', '0.00000', NULL, NULL, NULL, NULL, NULL, NULL, NULL, NULL, NULL, NULL, 6, '2024-09-17 12:06:42'),
(9, 11, 35, '5.8', 'yes', 100, 0, 100, '0.00000', '0.00000', '0.00000', NULL, NULL, NULL, NULL, NULL, NULL, NULL, NULL, NULL, NULL, 6, '2024-09-17 12:06:42'),
(10, 11, 35, '5.9', 'yes', 100, 0, 100, '0.00000', '0.00000', '0.00000', NULL, NULL, NULL, NULL, NULL, NULL, NULL, NULL, NULL, NULL, 6, '2024-09-17 12:06:42'),
(11, 11, 35, '5.10', 'yes', 100, 0, 100, '0.00000', '0.00000', '0.00000', NULL, NULL, NULL, NULL, NULL, NULL, NULL, NULL, NULL, NULL, 6, '2024-09-17 12:06:42'),
(12, 11, 35, '5.11', 'yes', 100, 0, 100, '0.00000', '0.00000', '0.00000', NULL, NULL, NULL, NULL, NULL, NULL, NULL, NULL, NULL, NULL, 6, '2024-09-17 12:06:42'),
(13, 11, 35, '5.12', 'yes', 100, 0, 100, '0.00000', '0.00000', '0.00000', NULL, NULL, NULL, NULL, NULL, NULL, NULL, NULL, NULL, NULL, 6, '2024-09-17 12:06:42'),
(14, 11, 35, '5.13', 'yes', 100, 0, 100, '0.00000', '0.00000', '0.00000', NULL, NULL, NULL, NULL, NULL, NULL, NULL, NULL, NULL, NULL, 6, '2024-09-17 12:06:42'),
(15, 11, 35, '5.14', 'yes', 100, 0, 100, '0.00000', '0.00000', '0.00000', NULL, NULL, NULL, NULL, NULL, NULL, NULL, NULL, NULL, NULL, 6, '2024-09-17 12:06:42'),
(16, 11, 35, '5.15', 'yes', 100, 0, 100, '0.00000', '0.00000', '0.00000', NULL, NULL, NULL, NULL, NULL, NULL, NULL, NULL, NULL, NULL, 6, '2024-09-17 12:06:42'),
(17, 11, 35, '5.16', 'yes', 100, 0, 100, '0.00000', '0.00000', '0.00000', NULL, NULL, NULL, NULL, NULL, NULL, NULL, NULL, NULL, NULL, 6, '2024-09-17 12:06:42'),
(18, 11, 35, '5.17', 'yes', 100, 0, 100, '0.00000', '0.00000', '0.00000', NULL, NULL, NULL, NULL, NULL, NULL, NULL, NULL, NULL, NULL, 6, '2024-09-17 12:06:42'),
(19, 11, 35, '5.18', 'yes', 100, 0, 100, '0.00000', '0.00000', '0.00000', NULL, NULL, NULL, NULL, NULL, NULL, NULL, NULL, NULL, NULL, 6, '2024-09-17 12:06:42'),
(20, 11, 35, '5.19', 'yes', 100, 0, 100, '0.00000', '0.00000', '0.00000', NULL, NULL, NULL, NULL, NULL, NULL, NULL, NULL, NULL, NULL, 6, '2024-09-17 12:06:42'),
(21, 11, 35, '5.20', 'yes', 100, 0, 100, '0.00000', '0.00000', '0.00000', NULL, NULL, NULL, NULL, NULL, NULL, NULL, NULL, NULL, NULL, 6, '2024-09-17 12:06:42'),
(22, 11, 35, '5.21', 'yes', 100, 0, 100, '0.00000', '0.00000', '0.00000', NULL, NULL, NULL, NULL, NULL, NULL, NULL, NULL, NULL, NULL, 6, '2024-09-17 12:06:42'),
(23, 11, 35, '5.22', 'yes', 100, 0, 100, '0.00000', '0.00000', '0.00000', NULL, NULL, NULL, NULL, NULL, NULL, NULL, NULL, NULL, NULL, 6, '2024-09-17 12:06:42'),
(24, 11, 35, '5.23', 'yes', 100, 0, 100, '0.00000', '0.00000', '0.00000', NULL, NULL, NULL, NULL, NULL, NULL, NULL, NULL, NULL, NULL, 6, '2024-09-17 12:06:42'),
(25, 11, 35, '5.24', 'yes', 100, 0, 100, '0.00000', '0.00000', '0.00000', NULL, NULL, NULL, NULL, NULL, NULL, NULL, NULL, NULL, NULL, 6, '2024-09-17 12:06:42'),
(26, 11, 35, '5.25', 'yes', 100, 0, 100, '0.00000', '0.00000', '0.00000', NULL, NULL, NULL, NULL, NULL, NULL, NULL, NULL, NULL, NULL, 6, '2024-09-17 12:06:42'),
(27, 11, 35, '5.26', 'yes', 100, 0, 100, '0.00000', '0.00000', '0.00000', NULL, NULL, NULL, NULL, NULL, NULL, NULL, NULL, NULL, NULL, 6, '2024-09-17 12:06:42'),
(28, 11, 35, '5.27', 'yes', 100, 0, 100, '0.00000', '0.00000', '0.00000', NULL, NULL, NULL, NULL, NULL, NULL, NULL, NULL, NULL, NULL, 6, '2024-09-17 12:06:42'),
(29, 11, 35, '5.28', 'yes', 100, 0, 100, '0.00000', '0.00000', '0.00000', NULL, NULL, NULL, NULL, NULL, NULL, NULL, NULL, NULL, NULL, 6, '2024-09-17 12:06:42'),
(30, 11, 35, '5.29', 'yes', 100, 0, 100, '0.00000', '0.00000', '0.00000', NULL, NULL, NULL, NULL, NULL, NULL, NULL, NULL, NULL, NULL, 6, '2024-09-17 12:06:42'),
(31, 11, 35, '5.30', 'yes', 100, 0, 100, '0.00000', '0.00000', '0.00000', NULL, NULL, NULL, NULL, NULL, NULL, NULL, NULL, NULL, NULL, 6, '2024-09-17 12:06:42'),
(32, 11, 35, '5.31', 'yes', 100, 0, 100, '0.00000', '0.00000', '0.00000', NULL, NULL, NULL, NULL, NULL, NULL, NULL, NULL, NULL, NULL, 6, '2024-09-17 12:06:42'),
(33, 11, 35, '5.32', 'yes', 100, 0, 100, '0.00000', '0.00000', '0.00000', NULL, NULL, NULL, NULL, NULL, NULL, NULL, NULL, NULL, NULL, 6, '2024-09-17 12:06:42'),
(34, 11, 35, '5.33', 'yes', 100, 0, 100, '0.00000', '0.00000', '0.00000', NULL, NULL, NULL, NULL, NULL, NULL, NULL, NULL, NULL, NULL, 6, '2024-09-17 12:06:42'),
(35, 11, 35, '5.34', 'yes', 100, 0, 100, '0.00000', '0.00000', '0.00000', NULL, NULL, NULL, NULL, NULL, NULL, NULL, NULL, NULL, NULL, 6, '2024-09-17 12:06:42'),
(36, 11, 35, '5.35', 'yes', 100, 0, 100, '0.00000', '0.00000', '0.00000', NULL, NULL, NULL, NULL, NULL, NULL, NULL, NULL, NULL, NULL, 6, '2024-09-17 12:06:42'),
(37, 11, 35, '5.36', 'yes', 100, 0, 100, '0.00000', '0.00000', '0.00000', NULL, NULL, NULL, NULL, NULL, NULL, NULL, NULL, NULL, NULL, 6, '2024-09-17 12:06:42'),
(38, 11, 35, '5.37', 'yes', 100, 0, 100, '0.00000', '0.00000', '0.00000', NULL, NULL, NULL, NULL, NULL, NULL, NULL, NULL, NULL, NULL, 6, '2024-09-17 12:06:42'),
(39, 11, 35, '6.1', 'yes', 61, 39, 100, '3.90000', '1.95000', '0.39000', NULL, NULL, NULL, NULL, NULL, NULL, NULL, NULL, NULL, NULL, 6, '2024-09-17 12:06:42'),
(40, 11, 35, '6.2', 'yes', 100, 0, 100, '0.00000', '0.00000', '0.00000', NULL, NULL, NULL, NULL, NULL, NULL, NULL, NULL, NULL, NULL, 6, '2024-09-17 12:06:42'),
(41, 11, 35, '6.3', 'yes', 100, 0, 100, '0.00000', '0.00000', '0.00000', NULL, NULL, NULL, NULL, NULL, NULL, NULL, NULL, NULL, NULL, 6, '2024-09-17 12:06:42'),
(42, 11, 35, '6.4', 'yes', 100, 0, 100, '0.00000', '0.00000', '0.00000', NULL, NULL, NULL, NULL, NULL, NULL, NULL, NULL, NULL, NULL, 6, '2024-09-17 12:06:42'),
(43, 11, 35, '6.5', 'yes', 100, 0, 100, '0.00000', '0.00000', '0.00000', NULL, NULL, NULL, NULL, NULL, NULL, NULL, NULL, NULL, NULL, 6, '2024-09-17 12:06:42'),
(44, 11, 35, '6.6', 'yes', 100, 0, 100, '0.00000', '0.00000', '0.00000', NULL, NULL, NULL, NULL, NULL, NULL, NULL, NULL, NULL, NULL, 6, '2024-09-17 12:06:42'),
(45, 11, 35, '6.7', 'yes', 100, 0, 100, '0.00000', '0.00000', '0.00000', NULL, NULL, NULL, NULL, NULL, NULL, NULL, NULL, NULL, NULL, 6, '2024-09-17 12:06:42'),
(46, 11, 35, '6.8', 'yes', 100, 0, 100, '0.00000', '0.00000', '0.00000', NULL, NULL, NULL, NULL, NULL, NULL, NULL, NULL, NULL, NULL, 6, '2024-09-17 12:06:42'),
(47, 11, 35, '7.1', 'yes', 100, 0, 100, '0.00000', '0.00000', '0.00000', NULL, NULL, NULL, NULL, NULL, NULL, NULL, NULL, NULL, NULL, 6, '2024-09-17 12:06:42'),
(48, 11, 35, '7.2', 'yes', 100, 0, 100, '0.00000', '0.00000', '0.00000', NULL, NULL, NULL, NULL, NULL, NULL, NULL, NULL, NULL, NULL, 6, '2024-09-17 12:06:42'),
(49, 11, 35, '7.3', 'yes', 100, 0, 100, '0.00000', '0.00000', '0.00000', NULL, NULL, NULL, NULL, NULL, NULL, NULL, NULL, NULL, NULL, 6, '2024-09-17 12:06:42'),
(50, 11, 35, '7.4', 'yes', 100, 0, 100, '0.00000', '0.00000', '0.00000', NULL, NULL, NULL, NULL, NULL, NULL, NULL, NULL, NULL, NULL, 6, '2024-09-17 12:06:42'),
(51, 11, 35, '7.5', 'yes', 100, 0, 100, '0.00000', '0.00000', '0.00000', NULL, NULL, NULL, NULL, NULL, NULL, NULL, NULL, NULL, NULL, 6, '2024-09-17 12:06:42'),
(52, 11, 35, '7.6', 'yes', 100, 0, 100, '0.00000', '0.00000', '0.00000', NULL, NULL, NULL, NULL, NULL, NULL, NULL, NULL, NULL, NULL, 6, '2024-09-17 12:06:42'),
(53, 11, 35, '7.7', 'yes', 100, 0, 100, '0.00000', '0.00000', '0.00000', NULL, NULL, NULL, NULL, NULL, NULL, NULL, NULL, NULL, NULL, 6, '2024-09-17 12:06:42'),
(54, 11, 35, '7.8', 'yes', 100, 0, 100, '0.00000', '0.00000', '0.00000', NULL, NULL, NULL, NULL, NULL, NULL, NULL, NULL, NULL, NULL, 6, '2024-09-17 12:06:42'),
(55, 11, 35, '7.9', 'yes', 100, 0, 100, '0.00000', '0.00000', '0.00000', NULL, NULL, NULL, NULL, NULL, NULL, NULL, NULL, NULL, NULL, 6, '2024-09-17 12:06:42'),
(56, 11, 35, '7.10', 'yes', 100, 0, 100, '0.00000', '0.00000', '0.00000', NULL, NULL, NULL, NULL, NULL, NULL, NULL, NULL, NULL, NULL, 6, '2024-09-17 12:06:42'),
(57, 11, 35, '7.11', 'yes', 100, 0, 100, '0.00000', '0.00000', '0.00000', NULL, NULL, NULL, NULL, NULL, NULL, NULL, NULL, NULL, NULL, 6, '2024-09-17 12:06:42'),
(58, 11, 35, '7.12', 'yes', 100, 0, 100, '0.00000', '0.00000', '0.00000', NULL, NULL, NULL, NULL, NULL, NULL, NULL, NULL, NULL, NULL, 6, '2024-09-17 12:06:42'),
(59, 11, 35, '7.13', 'yes', 100, 0, 100, '0.00000', '0.00000', '0.00000', NULL, NULL, NULL, NULL, NULL, NULL, NULL, NULL, NULL, NULL, 6, '2024-09-17 12:06:42'),
(60, 11, 35, '7.14', 'yes', 100, 0, 100, '0.00000', '0.00000', '0.00000', NULL, NULL, NULL, NULL, NULL, NULL, NULL, NULL, NULL, NULL, 6, '2024-09-17 12:06:42'),
(61, 11, 35, '8.1', 'yes', 100, 0, 100, '0.00000', '0.00000', '0.00000', NULL, NULL, NULL, NULL, NULL, NULL, NULL, NULL, NULL, NULL, 6, '2024-09-17 12:06:42'),
(62, 11, 35, '8.2', 'yes', 100, 0, 100, '0.00000', '0.00000', '0.00000', NULL, NULL, NULL, NULL, NULL, NULL, NULL, NULL, NULL, NULL, 6, '2024-09-17 12:06:42'),
(63, 11, 35, '8.3', 'yes', 100, 0, 100, '0.00000', '0.00000', '0.00000', NULL, NULL, NULL, NULL, NULL, NULL, NULL, NULL, NULL, NULL, 6, '2024-09-17 12:06:42'),
(64, 11, 35, '8.4', 'yes', 100, 0, 100, '0.00000', '0.00000', '0.00000', NULL, NULL, NULL, NULL, NULL, NULL, NULL, NULL, NULL, NULL, 6, '2024-09-17 12:06:42'),
(65, 11, 35, '8.5', 'yes', 100, 0, 100, '0.00000', '0.00000', '0.00000', NULL, NULL, NULL, NULL, NULL, NULL, NULL, NULL, NULL, NULL, 6, '2024-09-17 12:06:42'),
(66, 11, 35, '8.6', 'yes', 100, 0, 100, '0.00000', '0.00000', '0.00000', NULL, NULL, NULL, NULL, NULL, NULL, NULL, NULL, NULL, NULL, 6, '2024-09-17 12:06:42'),
(67, 11, 35, '8.7', 'yes', 100, 0, 100, '0.00000', '0.00000', '0.00000', NULL, NULL, NULL, NULL, NULL, NULL, NULL, NULL, NULL, NULL, 6, '2024-09-17 12:06:42'),
(68, 11, 35, '8.8', 'yes', 100, 0, 100, '0.00000', '0.00000', '0.00000', NULL, NULL, NULL, NULL, NULL, NULL, NULL, NULL, NULL, NULL, 6, '2024-09-17 12:06:42'),
(69, 11, 35, '8.9', 'yes', 100, 0, 100, '0.00000', '0.00000', '0.00000', NULL, NULL, NULL, NULL, NULL, NULL, NULL, NULL, NULL, NULL, 6, '2024-09-17 12:06:42'),
(70, 11, 35, '8.10', 'yes', 100, 0, 100, '0.00000', '0.00000', '0.00000', NULL, NULL, NULL, NULL, NULL, NULL, NULL, NULL, NULL, NULL, 6, '2024-09-17 12:06:42'),
(71, 11, 35, '8.11', 'yes', 100, 0, 100, '0.00000', '0.00000', '0.00000', NULL, NULL, NULL, NULL, NULL, NULL, NULL, NULL, NULL, NULL, 6, '2024-09-17 12:06:42'),
(72, 11, 35, '8.12', 'yes', 100, 0, 100, '0.00000', '0.00000', '0.00000', NULL, NULL, NULL, NULL, NULL, NULL, NULL, NULL, NULL, NULL, 6, '2024-09-17 12:06:42'),
(73, 11, 35, '8.13', 'yes', 100, 0, 100, '0.00000', '0.00000', '0.00000', NULL, NULL, NULL, NULL, NULL, NULL, NULL, NULL, NULL, NULL, 6, '2024-09-17 12:06:42'),
(74, 11, 35, '8.14', 'yes', 100, 0, 100, '0.00000', '0.00000', '0.00000', NULL, NULL, NULL, NULL, NULL, NULL, NULL, NULL, NULL, NULL, 6, '2024-09-17 12:06:42'),
(75, 11, 35, '8.15', 'yes', 100, 0, 100, '0.00000', '0.00000', '0.00000', NULL, NULL, NULL, NULL, NULL, NULL, NULL, NULL, NULL, NULL, 6, '2024-09-17 12:06:42'),
(76, 11, 35, '8.16', 'yes', 100, 0, 100, '0.00000', '0.00000', '0.00000', NULL, NULL, NULL, NULL, NULL, NULL, NULL, NULL, NULL, NULL, 6, '2024-09-17 12:06:42'),
(77, 11, 35, '8.17', 'yes', 100, 0, 100, '0.00000', '0.00000', '0.00000', NULL, NULL, NULL, NULL, NULL, NULL, NULL, NULL, NULL, NULL, 6, '2024-09-17 12:06:42'),
(78, 11, 35, '8.18', 'yes', 100, 0, 100, '0.00000', '0.00000', '0.00000', NULL, NULL, NULL, NULL, NULL, NULL, NULL, NULL, NULL, NULL, 6, '2024-09-17 12:06:42'),
(79, 11, 35, '8.19', 'yes', 100, 0, 100, '0.00000', '0.00000', '0.00000', NULL, NULL, NULL, NULL, NULL, NULL, NULL, NULL, NULL, NULL, 6, '2024-09-17 12:06:42'),
(80, 11, 35, '8.20', 'yes', 100, 0, 100, '0.00000', '0.00000', '0.00000', NULL, NULL, NULL, NULL, NULL, NULL, NULL, NULL, NULL, NULL, 6, '2024-09-17 12:06:42'),
(81, 11, 35, '8.21', 'yes', 100, 0, 100, '0.00000', '0.00000', '0.00000', NULL, NULL, NULL, NULL, NULL, NULL, NULL, NULL, NULL, NULL, 6, '2024-09-17 12:06:42'),
(82, 11, 35, '8.22', 'yes', 100, 0, 100, '0.00000', '0.00000', '0.00000', NULL, NULL, NULL, NULL, NULL, NULL, NULL, NULL, NULL, NULL, 6, '2024-09-17 12:06:42'),
(83, 11, 35, '8.23', 'yes', 100, 0, 100, '0.00000', '0.00000', '0.00000', NULL, NULL, NULL, NULL, NULL, NULL, NULL, NULL, NULL, NULL, 6, '2024-09-17 12:06:42'),
(84, 11, 35, '8.24', 'yes', 100, 0, 100, '0.00000', '0.00000', '0.00000', NULL, NULL, NULL, NULL, NULL, NULL, NULL, NULL, NULL, NULL, 6, '2024-09-17 12:06:42'),
(85, 11, 35, '8.25', 'yes', 100, 0, 100, '0.00000', '0.00000', '0.00000', NULL, NULL, NULL, NULL, NULL, NULL, NULL, NULL, NULL, NULL, 6, '2024-09-17 12:06:42'),
(86, 11, 35, '8.26', 'yes', 100, 0, 100, '0.00000', '0.00000', '0.00000', NULL, NULL, NULL, NULL, NULL, NULL, NULL, NULL, NULL, NULL, 6, '2024-09-17 12:06:42'),
(87, 11, 35, '8.27', 'yes', 100, 0, 100, '0.00000', '0.00000', '0.00000', NULL, NULL, NULL, NULL, NULL, NULL, NULL, NULL, NULL, NULL, 6, '2024-09-17 12:06:42'),
(88, 11, 35, '8.28', 'yes', 100, 0, 100, '0.00000', '0.00000', '0.00000', NULL, NULL, NULL, NULL, NULL, NULL, NULL, NULL, NULL, NULL, 6, '2024-09-17 12:06:42'),
(89, 11, 35, '8.29', 'yes', 100, 0, 100, '0.00000', '0.00000', '0.00000', NULL, NULL, NULL, NULL, NULL, NULL, NULL, NULL, NULL, NULL, 6, '2024-09-17 12:06:42'),
(90, 11, 35, '8.30', 'yes', 100, 0, 100, '0.00000', '0.00000', '0.00000', NULL, NULL, NULL, NULL, NULL, NULL, NULL, NULL, NULL, NULL, 6, '2024-09-17 12:06:42'),
(91, 11, 35, '8.31', 'yes', 100, 0, 100, '0.00000', '0.00000', '0.00000', NULL, NULL, NULL, NULL, NULL, NULL, NULL, NULL, NULL, NULL, 6, '2024-09-17 12:06:42'),
(92, 11, 35, '8.32', 'yes', 100, 0, 100, '0.00000', '0.00000', '0.00000', NULL, NULL, NULL, NULL, NULL, NULL, NULL, NULL, NULL, NULL, 6, '2024-09-17 12:06:42'),
(93, 11, 35, '8.33', 'yes', 100, 0, 100, '0.00000', '0.00000', '0.00000', NULL, NULL, NULL, NULL, NULL, NULL, NULL, NULL, NULL, NULL, 6, '2024-09-17 12:06:42'),
(94, 11, 35, '8.34', 'yes', 100, 0, 100, '0.00000', '0.00000', '0.00000', NULL, NULL, NULL, NULL, NULL, NULL, NULL, NULL, NULL, NULL, 6, '2024-09-17 12:06:42'),
(95, 11, 37, '5.1', 'yes', 100, 0, 100, '0.00000', '0.00000', '0.00000', NULL, NULL, NULL, NULL, NULL, NULL, NULL, NULL, NULL, NULL, 6, '2024-09-17 12:05:54'),
(96, 11, 37, '5.2', 'yes', 100, 0, 100, '0.00000', '0.00000', '0.00000', NULL, NULL, NULL, NULL, NULL, NULL, NULL, NULL, NULL, NULL, 6, '2024-09-17 12:05:54'),
(97, 11, 37, '5.3', 'yes', 100, 0, 100, '0.00000', '0.00000', '0.00000', NULL, NULL, NULL, NULL, NULL, NULL, NULL, NULL, NULL, NULL, 6, '2024-09-17 12:05:54'),
(98, 11, 37, '5.4', 'yes', 100, 0, 100, '0.00000', '0.00000', '0.00000', NULL, NULL, NULL, NULL, NULL, NULL, NULL, NULL, NULL, NULL, 6, '2024-09-17 12:05:54'),
(99, 11, 37, '5.5', 'yes', 100, 0, 100, '0.00000', '0.00000', '0.00000', NULL, NULL, NULL, NULL, NULL, NULL, NULL, NULL, NULL, NULL, 6, '2024-09-17 12:05:54'),
(100, 11, 37, '5.6', 'yes', 100, 0, 100, '0.00000', '0.00000', '0.00000', NULL, NULL, NULL, NULL, NULL, NULL, NULL, NULL, NULL, NULL, 6, '2024-09-17 12:05:54'),
(101, 11, 37, '5.7', 'yes', 100, 0, 100, '0.00000', '0.00000', '0.00000', NULL, NULL, NULL, NULL, NULL, NULL, NULL, NULL, NULL, NULL, 6, '2024-09-17 12:05:54'),
(102, 11, 37, '5.8', 'yes', 100, 0, 100, '0.00000', '0.00000', '0.00000', NULL, NULL, NULL, NULL, NULL, NULL, NULL, NULL, NULL, NULL, 6, '2024-09-17 12:05:54'),
(103, 11, 37, '5.9', 'yes', 100, 0, 100, '0.00000', '0.00000', '0.00000', NULL, NULL, NULL, NULL, NULL, NULL, NULL, NULL, NULL, NULL, 6, '2024-09-17 12:05:54'),
(104, 11, 37, '5.10', 'yes', 100, 0, 100, '0.00000', '0.00000', '0.00000', NULL, NULL, NULL, NULL, NULL, NULL, NULL, NULL, NULL, NULL, 6, '2024-09-17 12:05:54'),
(105, 11, 37, '5.11', 'yes', 100, 0, 100, '0.00000', '0.00000', '0.00000', NULL, NULL, NULL, NULL, NULL, NULL, NULL, NULL, NULL, NULL, 6, '2024-09-17 12:05:54'),
(106, 11, 37, '5.12', 'yes', 100, 0, 100, '0.00000', '0.00000', '0.00000', NULL, NULL, NULL, NULL, NULL, NULL, NULL, NULL, NULL, NULL, 6, '2024-09-17 12:05:54'),
(107, 11, 37, '5.13', 'yes', 100, 0, 100, '0.00000', '0.00000', '0.00000', NULL, NULL, NULL, NULL, NULL, NULL, NULL, NULL, NULL, NULL, 6, '2024-09-17 12:05:54'),
(108, 11, 37, '5.14', 'yes', 100, 0, 100, '0.00000', '0.00000', '0.00000', NULL, NULL, NULL, NULL, NULL, NULL, NULL, NULL, NULL, NULL, 6, '2024-09-17 12:05:54'),
(109, 11, 37, '5.15', 'yes', 100, 0, 100, '0.00000', '0.00000', '0.00000', NULL, NULL, NULL, NULL, NULL, NULL, NULL, NULL, NULL, NULL, 6, '2024-09-17 12:05:54'),
(110, 11, 37, '5.16', 'yes', 100, 0, 100, '0.00000', '0.00000', '0.00000', NULL, NULL, NULL, NULL, NULL, NULL, NULL, NULL, NULL, NULL, 6, '2024-09-17 12:05:54'),
(111, 11, 37, '5.17', 'yes', 100, 0, 100, '0.00000', '0.00000', '0.00000', NULL, NULL, NULL, NULL, NULL, NULL, NULL, NULL, NULL, NULL, 6, '2024-09-17 12:05:54'),
(112, 11, 37, '5.18', 'yes', 100, 0, 100, '0.00000', '0.00000', '0.00000', NULL, NULL, NULL, NULL, NULL, NULL, NULL, NULL, NULL, NULL, 6, '2024-09-17 12:05:54'),
(113, 11, 37, '5.19', 'yes', 100, 0, 100, '0.00000', '0.00000', '0.00000', NULL, NULL, NULL, NULL, NULL, NULL, NULL, NULL, NULL, NULL, 6, '2024-09-17 12:05:54'),
(114, 11, 37, '5.20', 'yes', 100, 0, 100, '0.00000', '0.00000', '0.00000', NULL, NULL, NULL, NULL, NULL, NULL, NULL, NULL, NULL, NULL, 6, '2024-09-17 12:05:54'),
(115, 11, 37, '5.21', 'yes', 100, 0, 100, '0.00000', '0.00000', '0.00000', NULL, NULL, NULL, NULL, NULL, NULL, NULL, NULL, NULL, NULL, 6, '2024-09-17 12:05:54'),
(116, 11, 37, '5.22', 'yes', 100, 0, 100, '0.00000', '0.00000', '0.00000', NULL, NULL, NULL, NULL, NULL, NULL, NULL, NULL, NULL, NULL, 6, '2024-09-17 12:05:54'),
(117, 11, 37, '5.23', 'yes', 100, 0, 100, '0.00000', '0.00000', '0.00000', NULL, NULL, NULL, NULL, NULL, NULL, NULL, NULL, NULL, NULL, 6, '2024-09-17 12:05:54'),
(118, 11, 37, '5.24', 'yes', 100, 0, 100, '0.00000', '0.00000', '0.00000', NULL, NULL, NULL, NULL, NULL, NULL, NULL, NULL, NULL, NULL, 6, '2024-09-17 12:05:54'),
(119, 11, 37, '5.25', 'yes', 100, 0, 100, '0.00000', '0.00000', '0.00000', NULL, NULL, NULL, NULL, NULL, NULL, NULL, NULL, NULL, NULL, 6, '2024-09-17 12:05:54'),
(120, 11, 37, '5.26', 'yes', 100, 0, 100, '0.00000', '0.00000', '0.00000', NULL, NULL, NULL, NULL, NULL, NULL, NULL, NULL, NULL, NULL, 6, '2024-09-17 12:05:54'),
(121, 11, 37, '5.27', 'yes', 100, 0, 100, '0.00000', '0.00000', '0.00000', NULL, NULL, NULL, NULL, NULL, NULL, NULL, NULL, NULL, NULL, 6, '2024-09-17 12:05:54'),
(122, 11, 37, '5.28', 'yes', 100, 0, 100, '0.00000', '0.00000', '0.00000', NULL, NULL, NULL, NULL, NULL, NULL, NULL, NULL, NULL, NULL, 6, '2024-09-17 12:05:54'),
(123, 11, 37, '5.29', 'yes', 100, 0, 100, '0.00000', '0.00000', '0.00000', NULL, NULL, NULL, NULL, NULL, NULL, NULL, NULL, NULL, NULL, 6, '2024-09-17 12:05:54'),
(124, 11, 37, '5.30', 'yes', 100, 0, 100, '0.00000', '0.00000', '0.00000', NULL, NULL, NULL, NULL, NULL, NULL, NULL, NULL, NULL, NULL, 6, '2024-09-17 12:05:54'),
(125, 11, 37, '5.31', 'yes', 100, 0, 100, '0.00000', '0.00000', '0.00000', NULL, NULL, NULL, NULL, NULL, NULL, NULL, NULL, NULL, NULL, 6, '2024-09-17 12:05:54'),
(126, 11, 37, '5.32', 'yes', 100, 0, 100, '0.00000', '0.00000', '0.00000', NULL, NULL, NULL, NULL, NULL, NULL, NULL, NULL, NULL, NULL, 6, '2024-09-17 12:05:54'),
(127, 11, 37, '5.33', 'yes', 100, 0, 100, '0.00000', '0.00000', '0.00000', NULL, NULL, NULL, NULL, NULL, NULL, NULL, NULL, NULL, NULL, 6, '2024-09-17 12:05:54'),
(128, 11, 37, '5.34', 'yes', 100, 0, 100, '0.00000', '0.00000', '0.00000', NULL, NULL, NULL, NULL, NULL, NULL, NULL, NULL, NULL, NULL, 6, '2024-09-17 12:05:54'),
(129, 11, 37, '5.35', 'yes', 100, 0, 100, '0.00000', '0.00000', '0.00000', NULL, NULL, NULL, NULL, NULL, NULL, NULL, NULL, NULL, NULL, 6, '2024-09-17 12:05:54'),
(130, 11, 37, '5.36', 'yes', 100, 0, 100, '0.00000', '0.00000', '0.00000', NULL, NULL, NULL, NULL, NULL, NULL, NULL, NULL, NULL, NULL, 6, '2024-09-17 12:05:54'),
(131, 11, 37, '5.37', 'yes', 100, 0, 100, '0.00000', '0.00000', '0.00000', NULL, NULL, NULL, NULL, NULL, NULL, NULL, NULL, NULL, NULL, 6, '2024-09-17 12:05:54'),
(132, 11, 37, '6.1', 'yes', 100, 0, 100, '0.00000', '0.00000', '0.00000', NULL, NULL, NULL, NULL, NULL, NULL, NULL, NULL, NULL, NULL, 6, '2024-09-17 12:05:54'),
(133, 11, 37, '6.2', 'yes', 100, 0, 100, '0.00000', '0.00000', '0.00000', NULL, NULL, NULL, NULL, NULL, NULL, NULL, NULL, NULL, NULL, 6, '2024-09-17 12:05:54'),
(134, 11, 37, '6.3', 'yes', 100, 0, 100, '0.00000', '0.00000', '0.00000', NULL, NULL, NULL, NULL, NULL, NULL, NULL, NULL, NULL, NULL, 6, '2024-09-17 12:05:54'),
(135, 11, 37, '6.4', 'yes', 100, 0, 100, '0.00000', '0.00000', '0.00000', NULL, NULL, NULL, NULL, NULL, NULL, NULL, NULL, NULL, NULL, 6, '2024-09-17 12:05:54'),
(136, 11, 37, '6.5', 'yes', 100, 0, 100, '0.00000', '0.00000', '0.00000', NULL, NULL, NULL, NULL, NULL, NULL, NULL, NULL, NULL, NULL, 6, '2024-09-17 12:05:54'),
(137, 11, 37, '6.6', 'yes', 100, 0, 100, '0.00000', '0.00000', '0.00000', NULL, NULL, NULL, NULL, NULL, NULL, NULL, NULL, NULL, NULL, 6, '2024-09-17 12:05:54'),
(138, 11, 37, '6.7', 'yes', 100, 0, 100, '0.00000', '0.00000', '0.00000', NULL, NULL, NULL, NULL, NULL, NULL, NULL, NULL, NULL, NULL, 6, '2024-09-17 12:05:54'),
(139, 11, 37, '6.8', 'yes', 100, 0, 100, '0.00000', '0.00000', '0.00000', NULL, NULL, NULL, NULL, NULL, NULL, NULL, NULL, NULL, NULL, 6, '2024-09-17 12:05:54'),
(140, 11, 37, '7.1', 'yes', 100, 0, 100, '0.00000', '0.00000', '0.00000', NULL, NULL, NULL, NULL, NULL, NULL, NULL, NULL, NULL, NULL, 6, '2024-09-17 12:05:54'),
(141, 11, 37, '7.2', 'yes', 100, 0, 100, '0.00000', '0.00000', '0.00000', NULL, NULL, NULL, NULL, NULL, NULL, NULL, NULL, NULL, NULL, 6, '2024-09-17 12:05:54'),
(142, 11, 37, '7.3', 'yes', 100, 0, 100, '0.00000', '0.00000', '0.00000', NULL, NULL, NULL, NULL, NULL, NULL, NULL, NULL, NULL, NULL, 6, '2024-09-17 12:05:54'),
(143, 11, 37, '7.4', 'yes', 100, 0, 100, '0.00000', '0.00000', '0.00000', NULL, NULL, NULL, NULL, NULL, NULL, NULL, NULL, NULL, NULL, 6, '2024-09-17 12:05:54'),
(144, 11, 37, '7.5', 'yes', 100, 0, 100, '0.00000', '0.00000', '0.00000', NULL, NULL, NULL, NULL, NULL, NULL, NULL, NULL, NULL, NULL, 6, '2024-09-17 12:05:54'),
(145, 11, 37, '7.6', 'yes', 100, 0, 100, '0.00000', '0.00000', '0.00000', NULL, NULL, NULL, NULL, NULL, NULL, NULL, NULL, NULL, NULL, 6, '2024-09-17 12:05:54'),
(146, 11, 37, '7.7', 'yes', 100, 0, 100, '0.00000', '0.00000', '0.00000', NULL, NULL, NULL, NULL, NULL, NULL, NULL, NULL, NULL, NULL, 6, '2024-09-17 12:05:54'),
(147, 11, 37, '7.8', 'yes', 100, 0, 100, '0.00000', '0.00000', '0.00000', NULL, NULL, NULL, NULL, NULL, NULL, NULL, NULL, NULL, NULL, 6, '2024-09-17 12:05:54'),
(148, 11, 37, '7.9', 'yes', 100, 0, 100, '0.00000', '0.00000', '0.00000', NULL, NULL, NULL, NULL, NULL, NULL, NULL, NULL, NULL, NULL, 6, '2024-09-17 12:05:54'),
(149, 11, 37, '7.10', 'yes', 100, 0, 100, '0.00000', '0.00000', '0.00000', NULL, NULL, NULL, NULL, NULL, NULL, NULL, NULL, NULL, NULL, 6, '2024-09-17 12:05:54'),
(150, 11, 37, '7.11', 'yes', 100, 0, 100, '0.00000', '0.00000', '0.00000', NULL, NULL, NULL, NULL, NULL, NULL, NULL, NULL, NULL, NULL, 6, '2024-09-17 12:05:54'),
(151, 11, 37, '7.12', 'yes', 100, 0, 100, '0.00000', '0.00000', '0.00000', NULL, NULL, NULL, NULL, NULL, NULL, NULL, NULL, NULL, NULL, 6, '2024-09-17 12:05:54'),
(152, 11, 37, '7.13', 'yes', 100, 0, 100, '0.00000', '0.00000', '0.00000', NULL, NULL, NULL, NULL, NULL, NULL, NULL, NULL, NULL, NULL, 6, '2024-09-17 12:05:54'),
(153, 11, 37, '7.14', 'yes', 100, 0, 100, '0.00000', '0.00000', '0.00000', NULL, NULL, NULL, NULL, NULL, NULL, NULL, NULL, NULL, NULL, 6, '2024-09-17 12:05:54'),
(154, 11, 37, '8.1', 'yes', 100, 0, 100, '0.00000', '0.00000', '0.00000', NULL, NULL, NULL, NULL, NULL, NULL, NULL, NULL, NULL, NULL, 6, '2024-09-17 12:05:54'),
(155, 11, 37, '8.2', 'yes', 100, 0, 100, '0.00000', '0.00000', '0.00000', NULL, NULL, NULL, NULL, NULL, NULL, NULL, NULL, NULL, NULL, 6, '2024-09-17 12:05:54'),
(156, 11, 37, '8.3', 'yes', 100, 0, 100, '0.00000', '0.00000', '0.00000', NULL, NULL, NULL, NULL, NULL, NULL, NULL, NULL, NULL, NULL, 6, '2024-09-17 12:05:54'),
(157, 11, 37, '8.4', 'yes', 100, 0, 100, '0.00000', '0.00000', '0.00000', NULL, NULL, NULL, NULL, NULL, NULL, NULL, NULL, NULL, NULL, 6, '2024-09-17 12:05:54'),
(158, 11, 37, '8.5', 'yes', 100, 0, 100, '0.00000', '0.00000', '0.00000', NULL, NULL, NULL, NULL, NULL, NULL, NULL, NULL, NULL, NULL, 6, '2024-09-17 12:05:54'),
(159, 11, 37, '8.6', 'yes', 100, 0, 100, '0.00000', '0.00000', '0.00000', NULL, NULL, NULL, NULL, NULL, NULL, NULL, NULL, NULL, NULL, 6, '2024-09-17 12:05:54'),
(160, 11, 37, '8.7', 'yes', 100, 0, 100, '0.00000', '0.00000', '0.00000', NULL, NULL, NULL, NULL, NULL, NULL, NULL, NULL, NULL, NULL, 6, '2024-09-17 12:05:54'),
(161, 11, 37, '8.8', 'yes', 100, 0, 100, '0.00000', '0.00000', '0.00000', NULL, NULL, NULL, NULL, NULL, NULL, NULL, NULL, NULL, NULL, 6, '2024-09-17 12:05:54'),
(162, 11, 37, '8.9', 'yes', 100, 0, 100, '0.00000', '0.00000', '0.00000', NULL, NULL, NULL, NULL, NULL, NULL, NULL, NULL, NULL, NULL, 6, '2024-09-17 12:05:54'),
(163, 11, 37, '8.10', 'yes', 100, 0, 100, '0.00000', '0.00000', '0.00000', NULL, NULL, NULL, NULL, NULL, NULL, NULL, NULL, NULL, NULL, 6, '2024-09-17 12:05:54'),
(164, 11, 37, '8.11', 'yes', 100, 0, 100, '0.00000', '0.00000', '0.00000', NULL, NULL, NULL, NULL, NULL, NULL, NULL, NULL, NULL, NULL, 6, '2024-09-17 12:05:54'),
(165, 11, 37, '8.12', 'yes', 100, 0, 100, '0.00000', '0.00000', '0.00000', NULL, NULL, NULL, NULL, NULL, NULL, NULL, NULL, NULL, NULL, 6, '2024-09-17 12:05:54'),
(166, 11, 37, '8.13', 'yes', 100, 0, 100, '0.00000', '0.00000', '0.00000', NULL, NULL, NULL, NULL, NULL, NULL, NULL, NULL, NULL, NULL, 6, '2024-09-17 12:05:54'),
(167, 11, 37, '8.14', 'yes', 100, 0, 100, '0.00000', '0.00000', '0.00000', NULL, NULL, NULL, NULL, NULL, NULL, NULL, NULL, NULL, NULL, 6, '2024-09-17 12:05:54'),
(168, 11, 37, '8.15', 'yes', 100, 0, 100, '0.00000', '0.00000', '0.00000', NULL, NULL, NULL, NULL, NULL, NULL, NULL, NULL, NULL, NULL, 6, '2024-09-17 12:05:54'),
(169, 11, 37, '8.16', 'yes', 100, 0, 100, '0.00000', '0.00000', '0.00000', NULL, NULL, NULL, NULL, NULL, NULL, NULL, NULL, NULL, NULL, 6, '2024-09-17 12:05:54'),
(170, 11, 37, '8.17', 'yes', 100, 0, 100, '0.00000', '0.00000', '0.00000', NULL, NULL, NULL, NULL, NULL, NULL, NULL, NULL, NULL, NULL, 6, '2024-09-17 12:05:54'),
(171, 11, 37, '8.18', 'yes', 100, 0, 100, '0.00000', '0.00000', '0.00000', NULL, NULL, NULL, NULL, NULL, NULL, NULL, NULL, NULL, NULL, 6, '2024-09-17 12:05:54'),
(172, 11, 37, '8.19', 'yes', 100, 0, 100, '0.00000', '0.00000', '0.00000', NULL, NULL, NULL, NULL, NULL, NULL, NULL, NULL, NULL, NULL, 6, '2024-09-17 12:05:54'),
(173, 11, 37, '8.20', 'yes', 100, 0, 100, '0.00000', '0.00000', '0.00000', NULL, NULL, NULL, NULL, NULL, NULL, NULL, NULL, NULL, NULL, 6, '2024-09-17 12:05:54'),
(174, 11, 37, '8.21', 'yes', 100, 0, 100, '0.00000', '0.00000', '0.00000', NULL, NULL, NULL, NULL, NULL, NULL, NULL, NULL, NULL, NULL, 6, '2024-09-17 12:05:54'),
(175, 11, 37, '8.22', 'yes', 100, 0, 100, '0.00000', '0.00000', '0.00000', NULL, NULL, NULL, NULL, NULL, NULL, NULL, NULL, NULL, NULL, 6, '2024-09-17 12:05:54'),
(176, 11, 37, '8.23', 'yes', 100, 0, 100, '0.00000', '0.00000', '0.00000', NULL, NULL, NULL, NULL, NULL, NULL, NULL, NULL, NULL, NULL, 6, '2024-09-17 12:05:54'),
(177, 11, 37, '8.24', 'yes', 100, 0, 100, '0.00000', '0.00000', '0.00000', NULL, NULL, NULL, NULL, NULL, NULL, NULL, NULL, NULL, NULL, 6, '2024-09-17 12:05:54'),
(178, 11, 37, '8.25', 'yes', 100, 0, 100, '0.00000', '0.00000', '0.00000', NULL, NULL, NULL, NULL, NULL, NULL, NULL, NULL, NULL, NULL, 6, '2024-09-17 12:05:54'),
(179, 11, 37, '8.26', 'yes', 100, 0, 100, '0.00000', '0.00000', '0.00000', NULL, NULL, NULL, NULL, NULL, NULL, NULL, NULL, NULL, NULL, 6, '2024-09-17 12:05:54'),
(180, 11, 37, '8.27', 'yes', 100, 0, 100, '0.00000', '0.00000', '0.00000', NULL, NULL, NULL, NULL, NULL, NULL, NULL, NULL, NULL, NULL, 6, '2024-09-17 12:05:54'),
(181, 11, 37, '8.28', 'yes', 100, 0, 100, '0.00000', '0.00000', '0.00000', NULL, NULL, NULL, NULL, NULL, NULL, NULL, NULL, NULL, NULL, 6, '2024-09-17 12:05:54'),
(182, 11, 37, '8.29', 'yes', 100, 0, 100, '0.00000', '0.00000', '0.00000', NULL, NULL, NULL, NULL, NULL, NULL, NULL, NULL, NULL, NULL, 6, '2024-09-17 12:05:54'),
(183, 11, 37, '8.30', 'yes', 100, 0, 100, '0.00000', '0.00000', '0.00000', NULL, NULL, NULL, NULL, NULL, NULL, NULL, NULL, NULL, NULL, 6, '2024-09-17 12:05:54'),
(184, 11, 37, '8.31', 'yes', 100, 0, 100, '0.00000', '0.00000', '0.00000', NULL, NULL, NULL, NULL, NULL, NULL, NULL, NULL, NULL, NULL, 6, '2024-09-17 12:05:54'),
(185, 11, 37, '8.32', 'yes', 100, 0, 100, '0.00000', '0.00000', '0.00000', NULL, NULL, NULL, NULL, NULL, NULL, NULL, NULL, NULL, NULL, 6, '2024-09-17 12:05:54'),
(186, 11, 37, '8.33', 'yes', 100, 0, 100, '0.00000', '0.00000', '0.00000', NULL, NULL, NULL, NULL, NULL, NULL, NULL, NULL, NULL, NULL, 6, '2024-09-17 12:05:54'),
(187, 11, 37, '8.34', 'yes', 100, 0, 100, '0.00000', '0.00000', '0.00000', NULL, NULL, NULL, NULL, NULL, NULL, NULL, NULL, NULL, NULL, 6, '2024-09-17 12:05:54'),
(188, 11, 36, '5.1', 'yes', 100, 0, 100, '0.00000', '0.00000', '0.00000', NULL, NULL, NULL, NULL, NULL, NULL, NULL, NULL, NULL, NULL, 6, '2024-09-17 12:07:00'),
(189, 11, 36, '5.2', 'yes', 100, 0, 100, '0.00000', '0.00000', '0.00000', NULL, NULL, NULL, NULL, NULL, NULL, NULL, NULL, NULL, NULL, 6, '2024-09-17 12:07:00'),
(190, 11, 36, '5.4', 'yes', 100, 0, 100, '0.00000', '0.00000', '0.00000', NULL, NULL, NULL, NULL, NULL, NULL, NULL, NULL, NULL, NULL, 6, '2024-09-17 12:07:00'),
(191, 11, 36, '5.5', 'yes', 100, 0, 100, '0.00000', '0.00000', '0.00000', NULL, NULL, NULL, NULL, NULL, NULL, NULL, NULL, NULL, NULL, 6, '2024-09-17 12:07:00'),
(192, 11, 36, '5.6', 'yes', 100, 0, 100, '0.00000', '0.00000', '0.00000', NULL, NULL, NULL, NULL, NULL, NULL, NULL, NULL, NULL, NULL, 6, '2024-09-17 12:07:00'),
(193, 11, 36, '5.7', 'yes', 100, 0, 100, '0.00000', '0.00000', '0.00000', NULL, NULL, NULL, NULL, NULL, NULL, NULL, NULL, NULL, NULL, 6, '2024-09-17 12:07:00'),
(194, 11, 36, '5.8', 'yes', 100, 0, 100, '0.00000', '0.00000', '0.00000', NULL, NULL, NULL, NULL, NULL, NULL, NULL, NULL, NULL, NULL, 6, '2024-09-17 12:07:00'),
(195, 11, 36, '5.9', 'yes', 100, 0, 100, '0.00000', '0.00000', '0.00000', NULL, NULL, NULL, NULL, NULL, NULL, NULL, NULL, NULL, NULL, 6, '2024-09-17 12:07:00'),
(196, 11, 36, '5.10', 'yes', 100, 0, 100, '0.00000', '0.00000', '0.00000', NULL, NULL, NULL, NULL, NULL, NULL, NULL, NULL, NULL, NULL, 6, '2024-09-17 12:07:00'),
(197, 11, 36, '5.11', 'yes', 100, 0, 100, '0.00000', '0.00000', '0.00000', NULL, NULL, NULL, NULL, NULL, NULL, NULL, NULL, NULL, NULL, 6, '2024-09-17 12:07:00'),
(198, 11, 36, '5.12', 'yes', 100, 0, 100, '0.00000', '0.00000', '0.00000', NULL, NULL, NULL, NULL, NULL, NULL, NULL, NULL, NULL, NULL, 6, '2024-09-17 12:07:00'),
(199, 11, 36, '5.13', 'yes', 100, 0, 100, '0.00000', '0.00000', '0.00000', NULL, NULL, NULL, NULL, NULL, NULL, NULL, NULL, NULL, NULL, 6, '2024-09-17 12:07:00'),
(200, 11, 36, '5.14', 'yes', 100, 0, 100, '0.00000', '0.00000', '0.00000', NULL, NULL, NULL, NULL, NULL, NULL, NULL, NULL, NULL, NULL, 6, '2024-09-17 12:07:00'),
(201, 11, 36, '5.15', 'yes', 100, 0, 100, '0.00000', '0.00000', '0.00000', NULL, NULL, NULL, NULL, NULL, NULL, NULL, NULL, NULL, NULL, 6, '2024-09-17 12:07:00'),
(202, 11, 36, '5.16', 'yes', 100, 0, 100, '0.00000', '0.00000', '0.00000', NULL, NULL, NULL, NULL, NULL, NULL, NULL, NULL, NULL, NULL, 6, '2024-09-17 12:07:00'),
(203, 11, 36, '5.17', 'yes', 100, 0, 100, '0.00000', '0.00000', '0.00000', NULL, NULL, NULL, NULL, NULL, NULL, NULL, NULL, NULL, NULL, 6, '2024-09-17 12:07:00'),
(204, 11, 36, '5.18', 'yes', 100, 0, 100, '0.00000', '0.00000', '0.00000', NULL, NULL, NULL, NULL, NULL, NULL, NULL, NULL, NULL, NULL, 6, '2024-09-17 12:07:00'),
(205, 11, 36, '5.19', 'yes', 100, 0, 100, '0.00000', '0.00000', '0.00000', NULL, NULL, NULL, NULL, NULL, NULL, NULL, NULL, NULL, NULL, 6, '2024-09-17 12:07:00'),
(206, 11, 36, '5.20', 'yes', 100, 0, 100, '0.00000', '0.00000', '0.00000', NULL, NULL, NULL, NULL, NULL, NULL, NULL, NULL, NULL, NULL, 6, '2024-09-17 12:07:00'),
(207, 11, 36, '5.21', 'yes', 100, 0, 100, '0.00000', '0.00000', '0.00000', NULL, NULL, NULL, NULL, NULL, NULL, NULL, NULL, NULL, NULL, 6, '2024-09-17 12:07:00'),
(208, 11, 36, '5.22', 'yes', 100, 0, 100, '0.00000', '0.00000', '0.00000', NULL, NULL, NULL, NULL, NULL, NULL, NULL, NULL, NULL, NULL, 6, '2024-09-17 12:07:00'),
(209, 11, 36, '5.23', 'yes', 100, 0, 100, '0.00000', '0.00000', '0.00000', NULL, NULL, NULL, NULL, NULL, NULL, NULL, NULL, NULL, NULL, 6, '2024-09-17 12:07:00'),
(210, 11, 36, '5.24', 'yes', 100, 0, 100, '0.00000', '0.00000', '0.00000', NULL, NULL, NULL, NULL, NULL, NULL, NULL, NULL, NULL, NULL, 6, '2024-09-17 12:07:01'),
(211, 11, 36, '5.25', 'yes', 100, 0, 100, '0.00000', '0.00000', '0.00000', NULL, NULL, NULL, NULL, NULL, NULL, NULL, NULL, NULL, NULL, 6, '2024-09-17 12:07:01'),
(212, 11, 36, '5.26', 'yes', 100, 0, 100, '0.00000', '0.00000', '0.00000', NULL, NULL, NULL, NULL, NULL, NULL, NULL, NULL, NULL, NULL, 6, '2024-09-17 12:07:01'),
(213, 11, 36, '5.27', 'yes', 100, 0, 100, '0.00000', '0.00000', '0.00000', NULL, NULL, NULL, NULL, NULL, NULL, NULL, NULL, NULL, NULL, 6, '2024-09-17 12:07:01'),
(214, 11, 36, '5.28', 'yes', 100, 0, 100, '0.00000', '0.00000', '0.00000', NULL, NULL, NULL, NULL, NULL, NULL, NULL, NULL, NULL, NULL, 6, '2024-09-17 12:07:01'),
(215, 11, 36, '5.29', 'yes', 100, 0, 100, '0.00000', '0.00000', '0.00000', NULL, NULL, NULL, NULL, NULL, NULL, NULL, NULL, NULL, NULL, 6, '2024-09-17 12:07:01'),
(216, 11, 36, '5.30', 'yes', 100, 0, 100, '0.00000', '0.00000', '0.00000', NULL, NULL, NULL, NULL, NULL, NULL, NULL, NULL, NULL, NULL, 6, '2024-09-17 12:07:01'),
(217, 11, 36, '5.31', 'yes', 100, 0, 100, '0.00000', '0.00000', '0.00000', NULL, NULL, NULL, NULL, NULL, NULL, NULL, NULL, NULL, NULL, 6, '2024-09-17 12:07:01'),
(218, 11, 36, '5.32', 'yes', 100, 0, 100, '0.00000', '0.00000', '0.00000', NULL, NULL, NULL, NULL, NULL, NULL, NULL, NULL, NULL, NULL, 6, '2024-09-17 12:07:01'),
(219, 11, 36, '5.33', 'yes', 100, 0, 100, '0.00000', '0.00000', '0.00000', NULL, NULL, NULL, NULL, NULL, NULL, NULL, NULL, NULL, NULL, 6, '2024-09-17 12:07:01'),
(220, 11, 36, '5.34', 'yes', 100, 0, 100, '0.00000', '0.00000', '0.00000', NULL, NULL, NULL, NULL, NULL, NULL, NULL, NULL, NULL, NULL, 6, '2024-09-17 12:07:01'),
(221, 11, 36, '5.35', 'yes', 100, 0, 100, '0.00000', '0.00000', '0.00000', NULL, NULL, NULL, NULL, NULL, NULL, NULL, NULL, NULL, NULL, 6, '2024-09-17 12:07:01'),
(222, 11, 36, '5.36', 'yes', 100, 0, 100, '0.00000', '0.00000', '0.00000', NULL, NULL, NULL, NULL, NULL, NULL, NULL, NULL, NULL, NULL, 6, '2024-09-17 12:07:01'),
(223, 11, 36, '5.37', 'yes', 100, 0, 100, '0.00000', '0.00000', '0.00000', NULL, NULL, NULL, NULL, NULL, NULL, NULL, NULL, NULL, NULL, 6, '2024-09-17 12:07:01'),
(224, 11, 36, '6.1', 'yes', 100, 0, 100, '0.00000', '0.00000', '0.00000', NULL, NULL, NULL, NULL, NULL, NULL, NULL, NULL, NULL, NULL, 6, '2024-09-17 12:07:01'),
(225, 11, 36, '6.2', 'yes', 100, 0, 100, '0.00000', '0.00000', '0.00000', NULL, NULL, NULL, NULL, NULL, NULL, NULL, NULL, NULL, NULL, 6, '2024-09-17 12:07:01'),
(226, 11, 36, '6.3', 'yes', 100, 0, 100, '0.00000', '0.00000', '0.00000', NULL, NULL, NULL, NULL, NULL, NULL, NULL, NULL, NULL, NULL, 6, '2024-09-17 12:07:01'),
(227, 11, 36, '6.4', 'yes', 100, 0, 100, '0.00000', '0.00000', '0.00000', NULL, NULL, NULL, NULL, NULL, NULL, NULL, NULL, NULL, NULL, 6, '2024-09-17 12:07:01'),
(228, 11, 36, '6.5', 'yes', 100, 0, 100, '0.00000', '0.00000', '0.00000', NULL, NULL, NULL, NULL, NULL, NULL, NULL, NULL, NULL, NULL, 6, '2024-09-17 12:07:01'),
(229, 11, 36, '6.6', 'yes', 100, 0, 100, '0.00000', '0.00000', '0.00000', NULL, NULL, NULL, NULL, NULL, NULL, NULL, NULL, NULL, NULL, 6, '2024-09-17 12:07:01'),
(230, 11, 36, '6.7', 'yes', 100, 0, 100, '0.00000', '0.00000', '0.00000', NULL, NULL, NULL, NULL, NULL, NULL, NULL, NULL, NULL, NULL, 6, '2024-09-17 12:07:01'),
(231, 11, 36, '6.8', 'yes', 100, 0, 100, '0.00000', '0.00000', '0.00000', NULL, NULL, NULL, NULL, NULL, NULL, NULL, NULL, NULL, NULL, 6, '2024-09-17 12:07:01'),
(232, 11, 36, '7.1', 'yes', 100, 0, 100, '0.00000', '0.00000', '0.00000', NULL, NULL, NULL, NULL, NULL, NULL, NULL, NULL, NULL, NULL, 6, '2024-09-17 12:07:01'),
(233, 11, 36, '7.2', 'yes', 100, 0, 100, '0.00000', '0.00000', '0.00000', NULL, NULL, NULL, NULL, NULL, NULL, NULL, NULL, NULL, NULL, 6, '2024-09-17 12:07:01'),
(234, 11, 36, '7.3', 'yes', 100, 0, 100, '0.00000', '0.00000', '0.00000', NULL, NULL, NULL, NULL, NULL, NULL, NULL, NULL, NULL, NULL, 6, '2024-09-17 12:07:01'),
(235, 11, 36, '7.4', 'yes', 100, 0, 100, '0.00000', '0.00000', '0.00000', NULL, NULL, NULL, NULL, NULL, NULL, NULL, NULL, NULL, NULL, 6, '2024-09-17 12:07:01'),
(236, 11, 36, '7.5', 'yes', 100, 0, 100, '0.00000', '0.00000', '0.00000', NULL, NULL, NULL, NULL, NULL, NULL, NULL, NULL, NULL, NULL, 6, '2024-09-17 12:07:01'),
(237, 11, 36, '7.6', 'yes', 100, 0, 100, '0.00000', '0.00000', '0.00000', NULL, NULL, NULL, NULL, NULL, NULL, NULL, NULL, NULL, NULL, 6, '2024-09-17 12:07:01'),
(238, 11, 36, '7.7', 'yes', 100, 0, 100, '0.00000', '0.00000', '0.00000', NULL, NULL, NULL, NULL, NULL, NULL, NULL, NULL, NULL, NULL, 6, '2024-09-17 12:07:01'),
(239, 11, 36, '7.8', 'yes', 100, 0, 100, '0.00000', '0.00000', '0.00000', NULL, NULL, NULL, NULL, NULL, NULL, NULL, NULL, NULL, NULL, 6, '2024-09-17 12:07:01'),
(240, 11, 36, '7.9', 'yes', 100, 0, 100, '0.00000', '0.00000', '0.00000', NULL, NULL, NULL, NULL, NULL, NULL, NULL, NULL, NULL, NULL, 6, '2024-09-17 12:07:01'),
(241, 11, 36, '7.10', 'yes', 100, 0, 100, '0.00000', '0.00000', '0.00000', NULL, NULL, NULL, NULL, NULL, NULL, NULL, NULL, NULL, NULL, 6, '2024-09-17 12:07:01'),
(242, 11, 36, '7.11', 'yes', 100, 0, 100, '0.00000', '0.00000', '0.00000', NULL, NULL, NULL, NULL, NULL, NULL, NULL, NULL, NULL, NULL, 6, '2024-09-17 12:07:01'),
(243, 11, 36, '7.12', 'yes', 100, 0, 100, '0.00000', '0.00000', '0.00000', NULL, NULL, NULL, NULL, NULL, NULL, NULL, NULL, NULL, NULL, 6, '2024-09-17 12:07:01'),
(244, 11, 36, '7.13', 'yes', 100, 0, 100, '0.00000', '0.00000', '0.00000', NULL, NULL, NULL, NULL, NULL, NULL, NULL, NULL, NULL, NULL, 6, '2024-09-17 12:07:01'),
(245, 11, 36, '7.14', 'yes', 100, 0, 100, '0.00000', '0.00000', '0.00000', NULL, NULL, NULL, NULL, NULL, NULL, NULL, NULL, NULL, NULL, 6, '2024-09-17 12:07:01'),
(246, 11, 36, '8.1', 'yes', 100, 0, 100, '0.00000', '0.00000', '0.00000', NULL, NULL, NULL, NULL, NULL, NULL, NULL, NULL, NULL, NULL, 6, '2024-09-17 12:07:01'),
(247, 11, 36, '8.2', 'yes', 100, 0, 100, '0.00000', '0.00000', '0.00000', NULL, NULL, NULL, NULL, NULL, NULL, NULL, NULL, NULL, NULL, 6, '2024-09-17 12:07:01'),
(248, 11, 36, '8.3', 'yes', 100, 0, 100, '0.00000', '0.00000', '0.00000', NULL, NULL, NULL, NULL, NULL, NULL, NULL, NULL, NULL, NULL, 6, '2024-09-17 12:07:01'),
(249, 11, 36, '8.4', 'yes', 100, 0, 100, '0.00000', '0.00000', '0.00000', NULL, NULL, NULL, NULL, NULL, NULL, NULL, NULL, NULL, NULL, 6, '2024-09-17 12:07:01'),
(250, 11, 36, '8.5', 'yes', 100, 0, 100, '0.00000', '0.00000', '0.00000', NULL, NULL, NULL, NULL, NULL, NULL, NULL, NULL, NULL, NULL, 6, '2024-09-17 12:07:01'),
(251, 11, 36, '8.6', 'yes', 100, 0, 100, '0.00000', '0.00000', '0.00000', NULL, NULL, NULL, NULL, NULL, NULL, NULL, NULL, NULL, NULL, 6, '2024-09-17 12:07:01'),
(252, 11, 36, '8.7', 'yes', 100, 0, 100, '0.00000', '0.00000', '0.00000', NULL, NULL, NULL, NULL, NULL, NULL, NULL, NULL, NULL, NULL, 6, '2024-09-17 12:07:01'),
(253, 11, 36, '8.8', 'yes', 100, 0, 100, '0.00000', '0.00000', '0.00000', NULL, NULL, NULL, NULL, NULL, NULL, NULL, NULL, NULL, NULL, 6, '2024-09-17 12:07:01'),
(254, 11, 36, '8.9', 'yes', 100, 0, 100, '0.00000', '0.00000', '0.00000', NULL, NULL, NULL, NULL, NULL, NULL, NULL, NULL, NULL, NULL, 6, '2024-09-17 12:07:01'),
(255, 11, 36, '8.10', 'yes', 100, 0, 100, '0.00000', '0.00000', '0.00000', NULL, NULL, NULL, NULL, NULL, NULL, NULL, NULL, NULL, NULL, 6, '2024-09-17 12:07:01'),
(256, 11, 36, '8.11', 'yes', 100, 0, 100, '0.00000', '0.00000', '0.00000', NULL, NULL, NULL, NULL, NULL, NULL, NULL, NULL, NULL, NULL, 6, '2024-09-17 12:07:01'),
(257, 11, 36, '8.12', 'yes', 100, 0, 100, '0.00000', '0.00000', '0.00000', NULL, NULL, NULL, NULL, NULL, NULL, NULL, NULL, NULL, NULL, 6, '2024-09-17 12:07:01'),
(258, 11, 36, '8.13', 'yes', 100, 0, 100, '0.00000', '0.00000', '0.00000', NULL, NULL, NULL, NULL, NULL, NULL, NULL, NULL, NULL, NULL, 6, '2024-09-17 12:07:01'),
(259, 11, 36, '8.14', 'yes', 100, 0, 100, '0.00000', '0.00000', '0.00000', NULL, NULL, NULL, NULL, NULL, NULL, NULL, NULL, NULL, NULL, 6, '2024-09-17 12:07:01'),
(260, 11, 36, '8.15', 'yes', 100, 0, 100, '0.00000', '0.00000', '0.00000', NULL, NULL, NULL, NULL, NULL, NULL, NULL, NULL, NULL, NULL, 6, '2024-09-17 12:07:01'),
(261, 11, 36, '8.16', 'yes', 100, 0, 100, '0.00000', '0.00000', '0.00000', NULL, NULL, NULL, NULL, NULL, NULL, NULL, NULL, NULL, NULL, 6, '2024-09-17 12:07:01'),
(262, 11, 36, '8.17', 'yes', 100, 0, 100, '0.00000', '0.00000', '0.00000', NULL, NULL, NULL, NULL, NULL, NULL, NULL, NULL, NULL, NULL, 6, '2024-09-17 12:07:01'),
(263, 11, 36, '8.18', 'yes', 100, 0, 100, '0.00000', '0.00000', '0.00000', NULL, NULL, NULL, NULL, NULL, NULL, NULL, NULL, NULL, NULL, 6, '2024-09-17 12:07:01'),
(264, 11, 36, '8.19', 'yes', 100, 0, 100, '0.00000', '0.00000', '0.00000', NULL, NULL, NULL, NULL, NULL, NULL, NULL, NULL, NULL, NULL, 6, '2024-09-17 12:07:01'),
(265, 11, 36, '8.20', 'yes', 100, 0, 100, '0.00000', '0.00000', '0.00000', NULL, NULL, NULL, NULL, NULL, NULL, NULL, NULL, NULL, NULL, 6, '2024-09-17 12:07:01'),
(266, 11, 36, '8.21', 'yes', 100, 0, 100, '0.00000', '0.00000', '0.00000', NULL, NULL, NULL, NULL, NULL, NULL, NULL, NULL, NULL, NULL, 6, '2024-09-17 12:07:01'),
(267, 11, 36, '8.22', 'yes', 100, 0, 100, '0.00000', '0.00000', '0.00000', NULL, NULL, NULL, NULL, NULL, NULL, NULL, NULL, NULL, NULL, 6, '2024-09-17 12:07:01'),
(268, 11, 36, '8.23', 'yes', 100, 0, 100, '0.00000', '0.00000', '0.00000', NULL, NULL, NULL, NULL, NULL, NULL, NULL, NULL, NULL, NULL, 6, '2024-09-17 12:07:01'),
(269, 11, 36, '8.24', 'yes', 100, 0, 100, '0.00000', '0.00000', '0.00000', NULL, NULL, NULL, NULL, NULL, NULL, NULL, NULL, NULL, NULL, 6, '2024-09-17 12:07:01'),
(270, 11, 36, '8.25', 'yes', 100, 0, 100, '0.00000', '0.00000', '0.00000', NULL, NULL, NULL, NULL, NULL, NULL, NULL, NULL, NULL, NULL, 6, '2024-09-17 12:07:01'),
(271, 11, 36, '8.26', 'yes', 100, 0, 100, '0.00000', '0.00000', '0.00000', NULL, NULL, NULL, NULL, NULL, NULL, NULL, NULL, NULL, NULL, 6, '2024-09-17 12:07:01'),
(272, 11, 36, '8.27', 'yes', 100, 0, 100, '0.00000', '0.00000', '0.00000', NULL, NULL, NULL, NULL, NULL, NULL, NULL, NULL, NULL, NULL, 6, '2024-09-17 12:07:01'),
(273, 11, 36, '8.28', 'yes', 100, 0, 100, '0.00000', '0.00000', '0.00000', NULL, NULL, NULL, NULL, NULL, NULL, NULL, NULL, NULL, NULL, 6, '2024-09-17 12:07:01'),
(274, 11, 36, '8.29', 'yes', 100, 0, 100, '0.00000', '0.00000', '0.00000', NULL, NULL, NULL, NULL, NULL, NULL, NULL, NULL, NULL, NULL, 6, '2024-09-17 12:07:01'),
(275, 11, 36, '8.30', 'yes', 100, 0, 100, '0.00000', '0.00000', '0.00000', NULL, NULL, NULL, NULL, NULL, NULL, NULL, NULL, NULL, NULL, 6, '2024-09-17 12:07:01'),
(276, 11, 36, '8.31', 'yes', 100, 0, 100, '0.00000', '0.00000', '0.00000', NULL, NULL, NULL, NULL, NULL, NULL, NULL, NULL, NULL, NULL, 6, '2024-09-17 12:07:01'),
(277, 11, 36, '8.32', 'yes', 100, 0, 100, '0.00000', '0.00000', '0.00000', NULL, NULL, NULL, NULL, NULL, NULL, NULL, NULL, NULL, NULL, 6, '2024-09-17 12:07:01'),
(278, 11, 36, '8.33', 'yes', 100, 0, 100, '0.00000', '0.00000', '0.00000', NULL, NULL, NULL, NULL, NULL, NULL, NULL, NULL, NULL, NULL, 6, '2024-09-17 12:07:01'),
(279, 11, 36, '8.34', 'yes', 100, 0, 100, '0.00000', '0.00000', '0.00000', NULL, NULL, NULL, NULL, NULL, NULL, NULL, NULL, NULL, NULL, 6, '2024-09-17 12:07:01');

-- --------------------------------------------------------

--
-- Table structure for table `iso_sec2_4_a5`
--

CREATE TABLE `iso_sec2_4_a5` (
  `assessment_id` int(11) NOT NULL,
  `project_id` int(11) DEFAULT NULL,
  `asset_id` int(11) NOT NULL,
  `control_num` varchar(100) COLLATE utf8mb4_unicode_ci NOT NULL,
  `justification` varchar(3000) COLLATE utf8mb4_unicode_ci DEFAULT NULL,
  `ref_of_risk` varchar(3000) COLLATE utf8mb4_unicode_ci DEFAULT NULL,
  `last_edited_by` bigint(20) UNSIGNED DEFAULT NULL,
  `last_edited_at` datetime NOT NULL
) ENGINE=InnoDB DEFAULT CHARSET=utf8mb4 COLLATE=utf8mb4_unicode_ci;

-- --------------------------------------------------------

--
-- Table structure for table `iso_sec2_4_a6`
--

CREATE TABLE `iso_sec2_4_a6` (
  `assessment_id` int(11) NOT NULL,
  `project_id` int(11) DEFAULT NULL,
  `asset_id` int(11) NOT NULL,
  `control_num` varchar(100) COLLATE utf8mb4_unicode_ci NOT NULL,
  `justification` varchar(3000) COLLATE utf8mb4_unicode_ci DEFAULT NULL,
  `ref_of_risk` varchar(3000) COLLATE utf8mb4_unicode_ci DEFAULT NULL,
  `last_edited_by` bigint(20) UNSIGNED DEFAULT NULL,
  `last_edited_at` datetime NOT NULL
) ENGINE=InnoDB DEFAULT CHARSET=utf8mb4 COLLATE=utf8mb4_unicode_ci;

-- --------------------------------------------------------

--
-- Table structure for table `iso_sec2_4_a7`
--

CREATE TABLE `iso_sec2_4_a7` (
  `assessment_id` int(11) NOT NULL,
  `project_id` int(11) DEFAULT NULL,
  `asset_id` int(11) NOT NULL,
  `control_num` varchar(100) COLLATE utf8mb4_unicode_ci NOT NULL,
  `justification` varchar(3000) COLLATE utf8mb4_unicode_ci DEFAULT NULL,
  `ref_of_risk` varchar(3000) COLLATE utf8mb4_unicode_ci DEFAULT NULL,
  `last_edited_by` bigint(20) UNSIGNED DEFAULT NULL,
  `last_edited_at` datetime NOT NULL
) ENGINE=InnoDB DEFAULT CHARSET=utf8mb4 COLLATE=utf8mb4_unicode_ci;

-- --------------------------------------------------------

--
-- Table structure for table `iso_sec2_4_a8`
--

CREATE TABLE `iso_sec2_4_a8` (
  `assessment_id` int(11) NOT NULL,
  `project_id` int(11) DEFAULT NULL,
  `asset_id` int(11) NOT NULL,
  `control_num` varchar(100) COLLATE utf8mb4_unicode_ci NOT NULL,
  `justification` varchar(3000) COLLATE utf8mb4_unicode_ci DEFAULT NULL,
  `ref_of_risk` varchar(3000) COLLATE utf8mb4_unicode_ci DEFAULT NULL,
  `last_edited_by` bigint(20) UNSIGNED DEFAULT NULL,
  `last_edited_at` datetime NOT NULL
) ENGINE=InnoDB DEFAULT CHARSET=utf8mb4 COLLATE=utf8mb4_unicode_ci;

-- --------------------------------------------------------

--
-- Table structure for table `iso_sec_2_1`
--

CREATE TABLE `iso_sec_2_1` (
  `assessment_id` int(11) NOT NULL,
  `project_id` int(11) DEFAULT NULL,
  `g_name` varchar(100) COLLATE utf8mb4_unicode_ci NOT NULL,
  `name` varchar(100) COLLATE utf8mb4_unicode_ci NOT NULL,
  `c_name` varchar(100) COLLATE utf8mb4_unicode_ci NOT NULL,
  `s_name` varchar(100) COLLATE utf8mb4_unicode_ci NOT NULL,
  `owner_dept` varchar(300) COLLATE utf8mb4_unicode_ci NOT NULL,
  `physical_loc` varchar(300) COLLATE utf8mb4_unicode_ci NOT NULL,
  `logical_loc` varchar(300) COLLATE utf8mb4_unicode_ci NOT NULL,
  `risk_confidentiality` int(11) NOT NULL DEFAULT 10,
  `risk_integrity` int(11) NOT NULL DEFAULT 10,
  `risk_availability` int(11) NOT NULL DEFAULT 10,
  `last_edited_by` bigint(20) UNSIGNED DEFAULT NULL,
  `last_edited_at` datetime NOT NULL
) ENGINE=InnoDB DEFAULT CHARSET=utf8mb4 COLLATE=utf8mb4_unicode_ci;

--
-- Dumping data for table `iso_sec_2_1`
--

INSERT INTO `iso_sec_2_1` (`assessment_id`, `project_id`, `g_name`, `name`, `c_name`, `s_name`, `owner_dept`, `physical_loc`, `logical_loc`, `risk_confidentiality`, `risk_integrity`, `risk_availability`, `last_edited_by`, `last_edited_at`) VALUES
(35, 11, 'AssetG1', 'Asset1', 'Component1', 'Service1', 'Owner1', 'Physical1', 'Logical1', 10, 5, 1, 6, '2024-09-13 11:00:44'),
(36, 11, 'Group1', 'Asset1', 'Component2', 'Service1', 'dfdd', 'Physical1', 'Logical1', 10, 5, 1, 6, '2024-09-13 11:01:04'),
(37, 11, 'Group2', 'Asset2', 'Component3', 'Service2', 'dfdd', 'fdfddf', 'Logical1', 10, 5, 10, 6, '2024-09-13 11:01:28');

-- --------------------------------------------------------

--
-- Table structure for table `iso_sec_2_2`
--

CREATE TABLE `iso_sec_2_2` (
  `assessment_id` int(11) NOT NULL,
  `project_id` int(11) DEFAULT NULL,
  `title_num` int(11) DEFAULT NULL,
  `sub_req` varchar(100) COLLATE utf8mb4_unicode_ci DEFAULT NULL,
  `comp_status` varchar(10) COLLATE utf8mb4_unicode_ci DEFAULT NULL,
  `comments` varchar(3000) COLLATE utf8mb4_unicode_ci DEFAULT NULL,
  `attachment` varchar(1000) COLLATE utf8mb4_unicode_ci DEFAULT NULL,
  `last_edited_by` bigint(20) UNSIGNED DEFAULT NULL,
  `last_edited_at` datetime NOT NULL
) ENGINE=InnoDB DEFAULT CHARSET=utf8mb4 COLLATE=utf8mb4_unicode_ci;

-- --------------------------------------------------------

--
-- Table structure for table `iso_sec_2_3`
--

CREATE TABLE `iso_sec_2_3` (
  `sec2_3_key` int(11) NOT NULL,
  `asset_id` int(11) DEFAULT NULL,
  `project_id` int(11) DEFAULT NULL,
  `asset_value` int(11) NOT NULL,
  `last_edited_by` bigint(20) UNSIGNED DEFAULT NULL,
  `last_edited_at` datetime NOT NULL
) ENGINE=InnoDB DEFAULT CHARSET=utf8mb4 COLLATE=utf8mb4_unicode_ci;

-- --------------------------------------------------------

--
-- Table structure for table `iso_sec_2_3_1`
--

CREATE TABLE `iso_sec_2_3_1` (
  `assessment_id` int(11) NOT NULL,
  `project_id` int(11) DEFAULT NULL,
  `asset_id` int(11) DEFAULT NULL,
  `control_num` varchar(100) COLLATE utf8mb4_unicode_ci DEFAULT NULL,
  `applicability` varchar(16) COLLATE utf8mb4_unicode_ci NOT NULL,
  `control_compliance` int(11) DEFAULT NULL,
  `desc_vulnerability` varchar(500) COLLATE utf8mb4_unicode_ci NOT NULL DEFAULT 'Description of control is fully met',
  `desc_vulnerability_other` varchar(300) COLLATE utf8mb4_unicode_ci DEFAULT NULL,
  `vulnerability` int(11) DEFAULT NULL,
  `desc_threat` varchar(500) COLLATE utf8mb4_unicode_ci NOT NULL DEFAULT 'Asset component is directly publicly exposed',
  `desc_threat_other` varchar(500) COLLATE utf8mb4_unicode_ci DEFAULT NULL,
  `threat` int(11) DEFAULT NULL,
  `risk_level` decimal(11,5) DEFAULT NULL,
  `risk_integrity` decimal(11,5) DEFAULT NULL,
  `risk_availability` decimal(11,5) DEFAULT NULL,
  `desc_risk` longtext CHARACTER SET utf8mb4 COLLATE utf8mb4_bin DEFAULT NULL CHECK (json_valid(`desc_risk`)),
  `desc_risk_other` varchar(500) COLLATE utf8mb4_unicode_ci DEFAULT NULL,
  `residual_risk_treatment` varchar(100) COLLATE utf8mb4_unicode_ci DEFAULT NULL,
  `treatment_action` varchar(1000) COLLATE utf8mb4_unicode_ci DEFAULT NULL,
  `treatment_target_date` date DEFAULT NULL,
  `treatment_comp_date` date DEFAULT NULL,
  `responsibility_for_treatment` bigint(20) UNSIGNED DEFAULT NULL,
  `last_edited_by` bigint(20) UNSIGNED DEFAULT NULL,
  `last_edited_at` datetime NOT NULL
) ENGINE=InnoDB DEFAULT CHARSET=utf8mb4 COLLATE=utf8mb4_unicode_ci;

--
-- Dumping data for table `iso_sec_2_3_1`
--

INSERT INTO `iso_sec_2_3_1` (`assessment_id`, `project_id`, `asset_id`, `control_num`, `applicability`, `control_compliance`, `desc_vulnerability`, `desc_vulnerability_other`, `vulnerability`, `desc_threat`, `desc_threat_other`, `threat`, `risk_level`, `risk_integrity`, `risk_availability`, `desc_risk`, `desc_risk_other`, `residual_risk_treatment`, `treatment_action`, `treatment_target_date`, `treatment_comp_date`, `responsibility_for_treatment`, `last_edited_by`, `last_edited_at`) VALUES
(1, 11, 35, '5.1', 'yes', 99, 'Description of control is fully met', NULL, 1, 'Asset component is directly publicly exposed', NULL, 100, '0.10000', '0.05000', '0.01000', NULL, NULL, NULL, NULL, NULL, NULL, NULL, 6, '2024-09-17 12:06:42'),
(2, 11, 35, '5.2', 'yes', 100, 'Description of control is fully met', NULL, 0, 'Asset component is directly publicly exposed', NULL, 100, '0.00000', '0.00000', '0.00000', NULL, NULL, NULL, NULL, NULL, NULL, NULL, 6, '2024-09-17 12:06:42'),
(3, 11, 35, '5.3', 'yes_to_all', 53, 'Description of control is fully met', NULL, 47, 'Asset component is directly publicly exposed', NULL, 100, '4.70000', '2.35000', '0.47000', NULL, NULL, NULL, NULL, NULL, NULL, NULL, 6, '2024-09-17 12:07:00'),
(4, 11, 36, '5.3', 'yes_to_all', 53, 'Description of control is fully met', NULL, 47, 'Asset component is directly publicly exposed', NULL, 100, '4.70000', '2.35000', '0.47000', NULL, NULL, NULL, NULL, NULL, NULL, NULL, 6, '2024-09-17 12:07:00'),
(5, 11, 35, '5.4', 'yes', 100, 'Description of control is fully met', NULL, 0, 'Asset component is directly publicly exposed', NULL, 100, '0.00000', '0.00000', '0.00000', NULL, NULL, NULL, NULL, NULL, NULL, NULL, 6, '2024-09-17 12:06:42'),
(6, 11, 35, '5.5', 'yes', 100, 'Description of control is fully met', NULL, 0, 'Asset component is directly publicly exposed', NULL, 100, '0.00000', '0.00000', '0.00000', NULL, NULL, NULL, NULL, NULL, NULL, NULL, 6, '2024-09-17 12:06:42'),
(7, 11, 35, '5.6', 'yes', 100, 'Description of control is fully met', NULL, 0, 'Asset component is directly publicly exposed', NULL, 100, '0.00000', '0.00000', '0.00000', NULL, NULL, NULL, NULL, NULL, NULL, NULL, 6, '2024-09-17 12:06:42'),
(8, 11, 35, '5.7', 'yes', 100, 'Description of control is fully met', NULL, 0, 'Asset component is directly publicly exposed', NULL, 100, '0.00000', '0.00000', '0.00000', NULL, NULL, NULL, NULL, NULL, NULL, NULL, 6, '2024-09-17 12:06:42'),
(9, 11, 35, '5.8', 'yes', 100, 'Description of control is fully met', NULL, 0, 'Asset component is directly publicly exposed', NULL, 100, '0.00000', '0.00000', '0.00000', NULL, NULL, NULL, NULL, NULL, NULL, NULL, 6, '2024-09-17 12:06:42'),
(10, 11, 35, '5.9', 'yes', 100, 'Description of control is fully met', NULL, 0, 'Asset component is directly publicly exposed', NULL, 100, '0.00000', '0.00000', '0.00000', NULL, NULL, NULL, NULL, NULL, NULL, NULL, 6, '2024-09-17 12:06:42'),
(11, 11, 35, '5.10', 'yes', 100, 'Description of control is fully met', NULL, 0, 'Asset component is directly publicly exposed', NULL, 100, '0.00000', '0.00000', '0.00000', NULL, NULL, NULL, NULL, NULL, NULL, NULL, 6, '2024-09-17 12:06:42'),
(12, 11, 35, '5.11', 'yes', 100, 'Description of control is fully met', NULL, 0, 'Asset component is directly publicly exposed', NULL, 100, '0.00000', '0.00000', '0.00000', NULL, NULL, NULL, NULL, NULL, NULL, NULL, 6, '2024-09-17 12:06:42'),
(13, 11, 35, '5.12', 'yes', 100, 'Description of control is fully met', NULL, 0, 'Asset component is directly publicly exposed', NULL, 100, '0.00000', '0.00000', '0.00000', NULL, NULL, NULL, NULL, NULL, NULL, NULL, 6, '2024-09-17 12:06:42'),
(14, 11, 35, '5.13', 'yes', 100, 'Description of control is fully met', NULL, 0, 'Asset component is directly publicly exposed', NULL, 100, '0.00000', '0.00000', '0.00000', NULL, NULL, NULL, NULL, NULL, NULL, NULL, 6, '2024-09-17 12:06:42'),
(15, 11, 35, '5.14', 'yes', 100, 'Description of control is fully met', NULL, 0, 'Asset component is directly publicly exposed', NULL, 100, '0.00000', '0.00000', '0.00000', NULL, NULL, NULL, NULL, NULL, NULL, NULL, 6, '2024-09-17 12:06:42'),
(16, 11, 35, '5.15', 'yes', 100, 'Description of control is fully met', NULL, 0, 'Asset component is directly publicly exposed', NULL, 100, '0.00000', '0.00000', '0.00000', NULL, NULL, NULL, NULL, NULL, NULL, NULL, 6, '2024-09-17 12:06:42'),
(17, 11, 35, '5.16', 'yes', 100, 'Description of control is fully met', NULL, 0, 'Asset component is directly publicly exposed', NULL, 100, '0.00000', '0.00000', '0.00000', NULL, NULL, NULL, NULL, NULL, NULL, NULL, 6, '2024-09-17 12:06:42'),
(18, 11, 35, '5.17', 'yes', 100, 'Description of control is fully met', NULL, 0, 'Asset component is directly publicly exposed', NULL, 100, '0.00000', '0.00000', '0.00000', NULL, NULL, NULL, NULL, NULL, NULL, NULL, 6, '2024-09-17 12:06:42'),
(19, 11, 35, '5.18', 'yes', 100, 'Description of control is fully met', NULL, 0, 'Asset component is directly publicly exposed', NULL, 100, '0.00000', '0.00000', '0.00000', NULL, NULL, NULL, NULL, NULL, NULL, NULL, 6, '2024-09-17 12:06:42'),
(20, 11, 35, '5.19', 'yes', 100, 'Description of control is fully met', NULL, 0, 'Asset component is directly publicly exposed', NULL, 100, '0.00000', '0.00000', '0.00000', NULL, NULL, NULL, NULL, NULL, NULL, NULL, 6, '2024-09-17 12:06:42'),
(21, 11, 35, '5.20', 'yes', 100, 'Description of control is fully met', NULL, 0, 'Asset component is directly publicly exposed', NULL, 100, '0.00000', '0.00000', '0.00000', NULL, NULL, NULL, NULL, NULL, NULL, NULL, 6, '2024-09-17 12:06:42'),
(22, 11, 35, '5.21', 'yes', 100, 'Description of control is fully met', NULL, 0, 'Asset component is directly publicly exposed', NULL, 100, '0.00000', '0.00000', '0.00000', NULL, NULL, NULL, NULL, NULL, NULL, NULL, 6, '2024-09-17 12:06:42'),
(23, 11, 35, '5.22', 'yes', 100, 'Description of control is fully met', NULL, 0, 'Asset component is directly publicly exposed', NULL, 100, '0.00000', '0.00000', '0.00000', NULL, NULL, NULL, NULL, NULL, NULL, NULL, 6, '2024-09-17 12:06:42'),
(24, 11, 35, '5.23', 'yes', 100, 'Description of control is fully met', NULL, 0, 'Asset component is directly publicly exposed', NULL, 100, '0.00000', '0.00000', '0.00000', NULL, NULL, NULL, NULL, NULL, NULL, NULL, 6, '2024-09-17 12:06:42'),
(25, 11, 35, '5.24', 'yes', 100, 'Description of control is fully met', NULL, 0, 'Asset component is directly publicly exposed', NULL, 100, '0.00000', '0.00000', '0.00000', NULL, NULL, NULL, NULL, NULL, NULL, NULL, 6, '2024-09-17 12:06:42'),
(26, 11, 35, '5.25', 'yes', 100, 'Description of control is fully met', NULL, 0, 'Asset component is directly publicly exposed', NULL, 100, '0.00000', '0.00000', '0.00000', NULL, NULL, NULL, NULL, NULL, NULL, NULL, 6, '2024-09-17 12:06:42'),
(27, 11, 35, '5.26', 'yes', 100, 'Description of control is fully met', NULL, 0, 'Asset component is directly publicly exposed', NULL, 100, '0.00000', '0.00000', '0.00000', NULL, NULL, NULL, NULL, NULL, NULL, NULL, 6, '2024-09-17 12:06:42'),
(28, 11, 35, '5.27', 'yes', 100, 'Description of control is fully met', NULL, 0, 'Asset component is directly publicly exposed', NULL, 100, '0.00000', '0.00000', '0.00000', NULL, NULL, NULL, NULL, NULL, NULL, NULL, 6, '2024-09-17 12:06:42'),
(29, 11, 35, '5.28', 'yes', 100, 'Description of control is fully met', NULL, 0, 'Asset component is directly publicly exposed', NULL, 100, '0.00000', '0.00000', '0.00000', NULL, NULL, NULL, NULL, NULL, NULL, NULL, 6, '2024-09-17 12:06:42'),
(30, 11, 35, '5.29', 'yes', 100, 'Description of control is fully met', NULL, 0, 'Asset component is directly publicly exposed', NULL, 100, '0.00000', '0.00000', '0.00000', NULL, NULL, NULL, NULL, NULL, NULL, NULL, 6, '2024-09-17 12:06:42'),
(31, 11, 35, '5.30', 'yes', 100, 'Description of control is fully met', NULL, 0, 'Asset component is directly publicly exposed', NULL, 100, '0.00000', '0.00000', '0.00000', NULL, NULL, NULL, NULL, NULL, NULL, NULL, 6, '2024-09-17 12:06:42'),
(32, 11, 35, '5.31', 'yes', 100, 'Description of control is fully met', NULL, 0, 'Asset component is directly publicly exposed', NULL, 100, '0.00000', '0.00000', '0.00000', NULL, NULL, NULL, NULL, NULL, NULL, NULL, 6, '2024-09-17 12:06:42'),
(33, 11, 35, '5.32', 'yes', 100, 'Description of control is fully met', NULL, 0, 'Asset component is directly publicly exposed', NULL, 100, '0.00000', '0.00000', '0.00000', NULL, NULL, NULL, NULL, NULL, NULL, NULL, 6, '2024-09-17 12:06:42'),
(34, 11, 35, '5.33', 'yes', 100, 'Description of control is fully met', NULL, 0, 'Asset component is directly publicly exposed', NULL, 100, '0.00000', '0.00000', '0.00000', NULL, NULL, NULL, NULL, NULL, NULL, NULL, 6, '2024-09-17 12:06:42'),
(35, 11, 35, '5.34', 'yes', 100, 'Description of control is fully met', NULL, 0, 'Asset component is directly publicly exposed', NULL, 100, '0.00000', '0.00000', '0.00000', NULL, NULL, NULL, NULL, NULL, NULL, NULL, 6, '2024-09-17 12:06:42'),
(36, 11, 35, '5.35', 'yes', 100, 'Description of control is fully met', NULL, 0, 'Asset component is directly publicly exposed', NULL, 100, '0.00000', '0.00000', '0.00000', NULL, NULL, NULL, NULL, NULL, NULL, NULL, 6, '2024-09-17 12:06:42'),
(37, 11, 35, '5.36', 'yes', 100, 'Description of control is fully met', NULL, 0, 'Asset component is directly publicly exposed', NULL, 100, '0.00000', '0.00000', '0.00000', NULL, NULL, NULL, NULL, NULL, NULL, NULL, 6, '2024-09-17 12:06:42'),
(38, 11, 35, '5.37', 'yes', 100, 'Description of control is fully met', NULL, 0, 'Asset component is directly publicly exposed', NULL, 100, '0.00000', '0.00000', '0.00000', NULL, NULL, NULL, NULL, NULL, NULL, NULL, 6, '2024-09-17 12:06:42'),
(39, 11, 35, '6.1', 'yes', 61, 'Description of control is fully met', NULL, 39, 'Asset component is directly publicly exposed', NULL, 100, '3.90000', '1.95000', '0.39000', NULL, NULL, NULL, NULL, NULL, NULL, NULL, 6, '2024-09-17 12:06:42'),
(40, 11, 35, '6.2', 'yes', 100, 'Description of control is fully met', NULL, 0, 'Asset component is directly publicly exposed', NULL, 100, '0.00000', '0.00000', '0.00000', NULL, NULL, NULL, NULL, NULL, NULL, NULL, 6, '2024-09-17 12:06:42'),
(41, 11, 35, '6.3', 'yes', 100, 'Description of control is fully met', NULL, 0, 'Asset component is directly publicly exposed', NULL, 100, '0.00000', '0.00000', '0.00000', NULL, NULL, NULL, NULL, NULL, NULL, NULL, 6, '2024-09-17 12:06:42'),
(42, 11, 35, '6.4', 'yes', 100, 'Description of control is fully met', NULL, 0, 'Asset component is directly publicly exposed', NULL, 100, '0.00000', '0.00000', '0.00000', NULL, NULL, NULL, NULL, NULL, NULL, NULL, 6, '2024-09-17 12:06:42'),
(43, 11, 35, '6.5', 'yes', 100, 'Description of control is fully met', NULL, 0, 'Asset component is directly publicly exposed', NULL, 100, '0.00000', '0.00000', '0.00000', NULL, NULL, NULL, NULL, NULL, NULL, NULL, 6, '2024-09-17 12:06:42'),
(44, 11, 35, '6.6', 'yes', 100, 'Description of control is fully met', NULL, 0, 'Asset component is directly publicly exposed', NULL, 100, '0.00000', '0.00000', '0.00000', NULL, NULL, NULL, NULL, NULL, NULL, NULL, 6, '2024-09-17 12:06:42'),
(45, 11, 35, '6.7', 'yes', 100, 'Description of control is fully met', NULL, 0, 'Asset component is directly publicly exposed', NULL, 100, '0.00000', '0.00000', '0.00000', NULL, NULL, NULL, NULL, NULL, NULL, NULL, 6, '2024-09-17 12:06:42'),
(46, 11, 35, '6.8', 'yes', 100, 'Description of control is fully met', NULL, 0, 'Asset component is directly publicly exposed', NULL, 100, '0.00000', '0.00000', '0.00000', NULL, NULL, NULL, NULL, NULL, NULL, NULL, 6, '2024-09-17 12:06:42'),
(47, 11, 35, '7.1', 'yes', 100, 'Description of control is fully met', NULL, 0, 'Asset component is directly publicly exposed', NULL, 100, '0.00000', '0.00000', '0.00000', NULL, NULL, NULL, NULL, NULL, NULL, NULL, 6, '2024-09-17 12:06:42'),
(48, 11, 35, '7.2', 'yes', 100, 'Description of control is fully met', NULL, 0, 'Asset component is directly publicly exposed', NULL, 100, '0.00000', '0.00000', '0.00000', NULL, NULL, NULL, NULL, NULL, NULL, NULL, 6, '2024-09-17 12:06:42'),
(49, 11, 35, '7.3', 'yes', 100, 'Description of control is fully met', NULL, 0, 'Asset component is directly publicly exposed', NULL, 100, '0.00000', '0.00000', '0.00000', NULL, NULL, NULL, NULL, NULL, NULL, NULL, 6, '2024-09-17 12:06:42'),
(50, 11, 35, '7.4', 'yes', 100, 'Description of control is fully met', NULL, 0, 'Asset component is directly publicly exposed', NULL, 100, '0.00000', '0.00000', '0.00000', NULL, NULL, NULL, NULL, NULL, NULL, NULL, 6, '2024-09-17 12:06:42'),
(51, 11, 35, '7.5', 'yes', 100, 'Description of control is fully met', NULL, 0, 'Asset component is directly publicly exposed', NULL, 100, '0.00000', '0.00000', '0.00000', NULL, NULL, NULL, NULL, NULL, NULL, NULL, 6, '2024-09-17 12:06:42'),
(52, 11, 35, '7.6', 'yes', 100, 'Description of control is fully met', NULL, 0, 'Asset component is directly publicly exposed', NULL, 100, '0.00000', '0.00000', '0.00000', NULL, NULL, NULL, NULL, NULL, NULL, NULL, 6, '2024-09-17 12:06:42'),
(53, 11, 35, '7.7', 'yes', 100, 'Description of control is fully met', NULL, 0, 'Asset component is directly publicly exposed', NULL, 100, '0.00000', '0.00000', '0.00000', NULL, NULL, NULL, NULL, NULL, NULL, NULL, 6, '2024-09-17 12:06:42'),
(54, 11, 35, '7.8', 'yes', 100, 'Description of control is fully met', NULL, 0, 'Asset component is directly publicly exposed', NULL, 100, '0.00000', '0.00000', '0.00000', NULL, NULL, NULL, NULL, NULL, NULL, NULL, 6, '2024-09-17 12:06:42'),
(55, 11, 35, '7.9', 'yes', 100, 'Description of control is fully met', NULL, 0, 'Asset component is directly publicly exposed', NULL, 100, '0.00000', '0.00000', '0.00000', NULL, NULL, NULL, NULL, NULL, NULL, NULL, 6, '2024-09-17 12:06:42'),
(56, 11, 35, '7.10', 'yes', 100, 'Description of control is fully met', NULL, 0, 'Asset component is directly publicly exposed', NULL, 100, '0.00000', '0.00000', '0.00000', NULL, NULL, NULL, NULL, NULL, NULL, NULL, 6, '2024-09-17 12:06:42'),
(57, 11, 35, '7.11', 'yes', 100, 'Description of control is fully met', NULL, 0, 'Asset component is directly publicly exposed', NULL, 100, '0.00000', '0.00000', '0.00000', NULL, NULL, NULL, NULL, NULL, NULL, NULL, 6, '2024-09-17 12:06:42'),
(58, 11, 35, '7.12', 'yes', 100, 'Description of control is fully met', NULL, 0, 'Asset component is directly publicly exposed', NULL, 100, '0.00000', '0.00000', '0.00000', NULL, NULL, NULL, NULL, NULL, NULL, NULL, 6, '2024-09-17 12:06:42'),
(59, 11, 35, '7.13', 'yes', 100, 'Description of control is fully met', NULL, 0, 'Asset component is directly publicly exposed', NULL, 100, '0.00000', '0.00000', '0.00000', NULL, NULL, NULL, NULL, NULL, NULL, NULL, 6, '2024-09-17 12:06:42'),
(60, 11, 35, '7.14', 'yes', 100, 'Description of control is fully met', NULL, 0, 'Asset component is directly publicly exposed', NULL, 100, '0.00000', '0.00000', '0.00000', NULL, NULL, NULL, NULL, NULL, NULL, NULL, 6, '2024-09-17 12:06:42'),
(61, 11, 35, '8.1', 'yes', 100, 'Description of control is fully met', NULL, 0, 'Asset component is directly publicly exposed', NULL, 100, '0.00000', '0.00000', '0.00000', NULL, NULL, NULL, NULL, NULL, NULL, NULL, 6, '2024-09-17 12:06:42'),
(62, 11, 35, '8.2', 'yes', 100, 'Description of control is fully met', NULL, 0, 'Asset component is directly publicly exposed', NULL, 100, '0.00000', '0.00000', '0.00000', NULL, NULL, NULL, NULL, NULL, NULL, NULL, 6, '2024-09-17 12:06:42'),
(63, 11, 35, '8.3', 'yes', 100, 'Description of control is fully met', NULL, 0, 'Asset component is directly publicly exposed', NULL, 100, '0.00000', '0.00000', '0.00000', NULL, NULL, NULL, NULL, NULL, NULL, NULL, 6, '2024-09-17 12:06:42'),
(64, 11, 35, '8.4', 'yes', 100, 'Description of control is fully met', NULL, 0, 'Asset component is directly publicly exposed', NULL, 100, '0.00000', '0.00000', '0.00000', NULL, NULL, NULL, NULL, NULL, NULL, NULL, 6, '2024-09-17 12:06:42'),
(65, 11, 35, '8.5', 'yes', 100, 'Description of control is fully met', NULL, 0, 'Asset component is directly publicly exposed', NULL, 100, '0.00000', '0.00000', '0.00000', NULL, NULL, NULL, NULL, NULL, NULL, NULL, 6, '2024-09-17 12:06:42'),
(66, 11, 35, '8.6', 'yes', 100, 'Description of control is fully met', NULL, 0, 'Asset component is directly publicly exposed', NULL, 100, '0.00000', '0.00000', '0.00000', NULL, NULL, NULL, NULL, NULL, NULL, NULL, 6, '2024-09-17 12:06:42'),
(67, 11, 35, '8.7', 'yes', 100, 'Description of control is fully met', NULL, 0, 'Asset component is directly publicly exposed', NULL, 100, '0.00000', '0.00000', '0.00000', NULL, NULL, NULL, NULL, NULL, NULL, NULL, 6, '2024-09-17 12:06:42'),
(68, 11, 35, '8.8', 'yes', 100, 'Description of control is fully met', NULL, 0, 'Asset component is directly publicly exposed', NULL, 100, '0.00000', '0.00000', '0.00000', NULL, NULL, NULL, NULL, NULL, NULL, NULL, 6, '2024-09-17 12:06:42'),
(69, 11, 35, '8.9', 'yes', 100, 'Description of control is fully met', NULL, 0, 'Asset component is directly publicly exposed', NULL, 100, '0.00000', '0.00000', '0.00000', NULL, NULL, NULL, NULL, NULL, NULL, NULL, 6, '2024-09-17 12:06:42'),
(70, 11, 35, '8.10', 'yes', 100, 'Description of control is fully met', NULL, 0, 'Asset component is directly publicly exposed', NULL, 100, '0.00000', '0.00000', '0.00000', NULL, NULL, NULL, NULL, NULL, NULL, NULL, 6, '2024-09-17 12:06:42'),
(71, 11, 35, '8.11', 'yes', 100, 'Description of control is fully met', NULL, 0, 'Asset component is directly publicly exposed', NULL, 100, '0.00000', '0.00000', '0.00000', NULL, NULL, NULL, NULL, NULL, NULL, NULL, 6, '2024-09-17 12:06:42'),
(72, 11, 35, '8.12', 'yes', 100, 'Description of control is fully met', NULL, 0, 'Asset component is directly publicly exposed', NULL, 100, '0.00000', '0.00000', '0.00000', NULL, NULL, NULL, NULL, NULL, NULL, NULL, 6, '2024-09-17 12:06:42'),
(73, 11, 35, '8.13', 'yes', 100, 'Description of control is fully met', NULL, 0, 'Asset component is directly publicly exposed', NULL, 100, '0.00000', '0.00000', '0.00000', NULL, NULL, NULL, NULL, NULL, NULL, NULL, 6, '2024-09-17 12:06:42'),
(74, 11, 35, '8.14', 'yes', 100, 'Description of control is fully met', NULL, 0, 'Asset component is directly publicly exposed', NULL, 100, '0.00000', '0.00000', '0.00000', NULL, NULL, NULL, NULL, NULL, NULL, NULL, 6, '2024-09-17 12:06:42'),
(75, 11, 35, '8.15', 'yes', 100, 'Description of control is fully met', NULL, 0, 'Asset component is directly publicly exposed', NULL, 100, '0.00000', '0.00000', '0.00000', NULL, NULL, NULL, NULL, NULL, NULL, NULL, 6, '2024-09-17 12:06:42'),
(76, 11, 35, '8.16', 'yes', 100, 'Description of control is fully met', NULL, 0, 'Asset component is directly publicly exposed', NULL, 100, '0.00000', '0.00000', '0.00000', NULL, NULL, NULL, NULL, NULL, NULL, NULL, 6, '2024-09-17 12:06:42'),
(77, 11, 35, '8.17', 'yes', 100, 'Description of control is fully met', NULL, 0, 'Asset component is directly publicly exposed', NULL, 100, '0.00000', '0.00000', '0.00000', NULL, NULL, NULL, NULL, NULL, NULL, NULL, 6, '2024-09-17 12:06:42'),
(78, 11, 35, '8.18', 'yes', 100, 'Description of control is fully met', NULL, 0, 'Asset component is directly publicly exposed', NULL, 100, '0.00000', '0.00000', '0.00000', NULL, NULL, NULL, NULL, NULL, NULL, NULL, 6, '2024-09-17 12:06:42'),
(79, 11, 35, '8.19', 'yes', 100, 'Description of control is fully met', NULL, 0, 'Asset component is directly publicly exposed', NULL, 100, '0.00000', '0.00000', '0.00000', NULL, NULL, NULL, NULL, NULL, NULL, NULL, 6, '2024-09-17 12:06:42'),
(80, 11, 35, '8.20', 'yes', 100, 'Description of control is fully met', NULL, 0, 'Asset component is directly publicly exposed', NULL, 100, '0.00000', '0.00000', '0.00000', NULL, NULL, NULL, NULL, NULL, NULL, NULL, 6, '2024-09-17 12:06:42'),
(81, 11, 35, '8.21', 'yes', 100, 'Description of control is fully met', NULL, 0, 'Asset component is directly publicly exposed', NULL, 100, '0.00000', '0.00000', '0.00000', NULL, NULL, NULL, NULL, NULL, NULL, NULL, 6, '2024-09-17 12:06:42'),
(82, 11, 35, '8.22', 'yes', 100, 'Description of control is fully met', NULL, 0, 'Asset component is directly publicly exposed', NULL, 100, '0.00000', '0.00000', '0.00000', NULL, NULL, NULL, NULL, NULL, NULL, NULL, 6, '2024-09-17 12:06:42'),
(83, 11, 35, '8.23', 'yes', 100, 'Description of control is fully met', NULL, 0, 'Asset component is directly publicly exposed', NULL, 100, '0.00000', '0.00000', '0.00000', NULL, NULL, NULL, NULL, NULL, NULL, NULL, 6, '2024-09-17 12:06:42'),
(84, 11, 35, '8.24', 'yes', 100, 'Description of control is fully met', NULL, 0, 'Asset component is directly publicly exposed', NULL, 100, '0.00000', '0.00000', '0.00000', NULL, NULL, NULL, NULL, NULL, NULL, NULL, 6, '2024-09-17 12:06:42'),
(85, 11, 35, '8.25', 'yes', 100, 'Description of control is fully met', NULL, 0, 'Asset component is directly publicly exposed', NULL, 100, '0.00000', '0.00000', '0.00000', NULL, NULL, NULL, NULL, NULL, NULL, NULL, 6, '2024-09-17 12:06:42'),
(86, 11, 35, '8.26', 'yes', 100, 'Description of control is fully met', NULL, 0, 'Asset component is directly publicly exposed', NULL, 100, '0.00000', '0.00000', '0.00000', NULL, NULL, NULL, NULL, NULL, NULL, NULL, 6, '2024-09-17 12:06:42'),
(87, 11, 35, '8.27', 'yes', 100, 'Description of control is fully met', NULL, 0, 'Asset component is directly publicly exposed', NULL, 100, '0.00000', '0.00000', '0.00000', NULL, NULL, NULL, NULL, NULL, NULL, NULL, 6, '2024-09-17 12:06:42'),
(88, 11, 35, '8.28', 'yes', 100, 'Description of control is fully met', NULL, 0, 'Asset component is directly publicly exposed', NULL, 100, '0.00000', '0.00000', '0.00000', NULL, NULL, NULL, NULL, NULL, NULL, NULL, 6, '2024-09-17 12:06:42'),
(89, 11, 35, '8.29', 'yes', 100, 'Description of control is fully met', NULL, 0, 'Asset component is directly publicly exposed', NULL, 100, '0.00000', '0.00000', '0.00000', NULL, NULL, NULL, NULL, NULL, NULL, NULL, 6, '2024-09-17 12:06:42'),
(90, 11, 35, '8.30', 'yes', 100, 'Description of control is fully met', NULL, 0, 'Asset component is directly publicly exposed', NULL, 100, '0.00000', '0.00000', '0.00000', NULL, NULL, NULL, NULL, NULL, NULL, NULL, 6, '2024-09-17 12:06:42'),
(91, 11, 35, '8.31', 'yes', 100, 'Description of control is fully met', NULL, 0, 'Asset component is directly publicly exposed', NULL, 100, '0.00000', '0.00000', '0.00000', NULL, NULL, NULL, NULL, NULL, NULL, NULL, 6, '2024-09-17 12:06:42'),
(92, 11, 35, '8.32', 'yes', 100, 'Description of control is fully met', NULL, 0, 'Asset component is directly publicly exposed', NULL, 100, '0.00000', '0.00000', '0.00000', NULL, NULL, NULL, NULL, NULL, NULL, NULL, 6, '2024-09-17 12:06:42'),
(93, 11, 35, '8.33', 'yes', 100, 'Description of control is fully met', NULL, 0, 'Asset component is directly publicly exposed', NULL, 100, '0.00000', '0.00000', '0.00000', NULL, NULL, NULL, NULL, NULL, NULL, NULL, 6, '2024-09-17 12:06:42'),
(94, 11, 35, '8.34', 'yes', 100, 'Description of control is fully met', NULL, 0, 'Asset component is directly publicly exposed', NULL, 100, '0.00000', '0.00000', '0.00000', NULL, NULL, NULL, NULL, NULL, NULL, NULL, 6, '2024-09-17 12:06:42'),
(95, 11, 37, '5.1', 'yes', 100, 'Description of control is fully met', NULL, 0, 'Asset component is directly publicly exposed', NULL, 100, '0.00000', '0.00000', '0.00000', NULL, NULL, NULL, NULL, NULL, NULL, NULL, 6, '2024-09-17 12:05:54'),
(96, 11, 37, '5.2', 'yes', 100, 'Description of control is fully met', NULL, 0, 'Asset component is directly publicly exposed', NULL, 100, '0.00000', '0.00000', '0.00000', NULL, NULL, NULL, NULL, NULL, NULL, NULL, 6, '2024-09-17 12:05:54'),
(97, 11, 37, '5.3', 'yes', 100, 'Description of control is fully met', NULL, 0, 'Asset component is directly publicly exposed', NULL, 100, '0.00000', '0.00000', '0.00000', NULL, NULL, NULL, NULL, NULL, NULL, NULL, 6, '2024-09-17 12:05:54'),
(98, 11, 37, '5.4', 'yes', 100, 'Description of control is fully met', NULL, 0, 'Asset component is directly publicly exposed', NULL, 100, '0.00000', '0.00000', '0.00000', NULL, NULL, NULL, NULL, NULL, NULL, NULL, 6, '2024-09-17 12:05:54'),
(99, 11, 37, '5.5', 'yes', 100, 'Description of control is fully met', NULL, 0, 'Asset component is directly publicly exposed', NULL, 100, '0.00000', '0.00000', '0.00000', NULL, NULL, NULL, NULL, NULL, NULL, NULL, 6, '2024-09-17 12:05:54'),
(100, 11, 37, '5.6', 'yes', 100, 'Description of control is fully met', NULL, 0, 'Asset component is directly publicly exposed', NULL, 100, '0.00000', '0.00000', '0.00000', NULL, NULL, NULL, NULL, NULL, NULL, NULL, 6, '2024-09-17 12:05:54'),
(101, 11, 37, '5.7', 'yes', 100, 'Description of control is fully met', NULL, 0, 'Asset component is directly publicly exposed', NULL, 100, '0.00000', '0.00000', '0.00000', NULL, NULL, NULL, NULL, NULL, NULL, NULL, 6, '2024-09-17 12:05:54'),
(102, 11, 37, '5.8', 'yes', 100, 'Description of control is fully met', NULL, 0, 'Asset component is directly publicly exposed', NULL, 100, '0.00000', '0.00000', '0.00000', NULL, NULL, NULL, NULL, NULL, NULL, NULL, 6, '2024-09-17 12:05:54'),
(103, 11, 37, '5.9', 'yes', 100, 'Description of control is fully met', NULL, 0, 'Asset component is directly publicly exposed', NULL, 100, '0.00000', '0.00000', '0.00000', NULL, NULL, NULL, NULL, NULL, NULL, NULL, 6, '2024-09-17 12:05:54'),
(104, 11, 37, '5.10', 'yes', 100, 'Description of control is fully met', NULL, 0, 'Asset component is directly publicly exposed', NULL, 100, '0.00000', '0.00000', '0.00000', NULL, NULL, NULL, NULL, NULL, NULL, NULL, 6, '2024-09-17 12:05:54'),
(105, 11, 37, '5.11', 'yes', 100, 'Description of control is fully met', NULL, 0, 'Asset component is directly publicly exposed', NULL, 100, '0.00000', '0.00000', '0.00000', NULL, NULL, NULL, NULL, NULL, NULL, NULL, 6, '2024-09-17 12:05:54'),
(106, 11, 37, '5.12', 'yes', 100, 'Description of control is fully met', NULL, 0, 'Asset component is directly publicly exposed', NULL, 100, '0.00000', '0.00000', '0.00000', NULL, NULL, NULL, NULL, NULL, NULL, NULL, 6, '2024-09-17 12:05:54'),
(107, 11, 37, '5.13', 'yes', 100, 'Description of control is fully met', NULL, 0, 'Asset component is directly publicly exposed', NULL, 100, '0.00000', '0.00000', '0.00000', NULL, NULL, NULL, NULL, NULL, NULL, NULL, 6, '2024-09-17 12:05:54'),
(108, 11, 37, '5.14', 'yes', 100, 'Description of control is fully met', NULL, 0, 'Asset component is directly publicly exposed', NULL, 100, '0.00000', '0.00000', '0.00000', NULL, NULL, NULL, NULL, NULL, NULL, NULL, 6, '2024-09-17 12:05:54'),
(109, 11, 37, '5.15', 'yes', 100, 'Description of control is fully met', NULL, 0, 'Asset component is directly publicly exposed', NULL, 100, '0.00000', '0.00000', '0.00000', NULL, NULL, NULL, NULL, NULL, NULL, NULL, 6, '2024-09-17 12:05:54'),
(110, 11, 37, '5.16', 'yes', 100, 'Description of control is fully met', NULL, 0, 'Asset component is directly publicly exposed', NULL, 100, '0.00000', '0.00000', '0.00000', NULL, NULL, NULL, NULL, NULL, NULL, NULL, 6, '2024-09-17 12:05:54'),
(111, 11, 37, '5.17', 'yes', 100, 'Description of control is fully met', NULL, 0, 'Asset component is directly publicly exposed', NULL, 100, '0.00000', '0.00000', '0.00000', NULL, NULL, NULL, NULL, NULL, NULL, NULL, 6, '2024-09-17 12:05:54'),
(112, 11, 37, '5.18', 'yes', 100, 'Description of control is fully met', NULL, 0, 'Asset component is directly publicly exposed', NULL, 100, '0.00000', '0.00000', '0.00000', NULL, NULL, NULL, NULL, NULL, NULL, NULL, 6, '2024-09-17 12:05:54'),
(113, 11, 37, '5.19', 'yes', 100, 'Description of control is fully met', NULL, 0, 'Asset component is directly publicly exposed', NULL, 100, '0.00000', '0.00000', '0.00000', NULL, NULL, NULL, NULL, NULL, NULL, NULL, 6, '2024-09-17 12:05:54'),
(114, 11, 37, '5.20', 'yes', 100, 'Description of control is fully met', NULL, 0, 'Asset component is directly publicly exposed', NULL, 100, '0.00000', '0.00000', '0.00000', NULL, NULL, NULL, NULL, NULL, NULL, NULL, 6, '2024-09-17 12:05:54'),
(115, 11, 37, '5.21', 'yes', 100, 'Description of control is fully met', NULL, 0, 'Asset component is directly publicly exposed', NULL, 100, '0.00000', '0.00000', '0.00000', NULL, NULL, NULL, NULL, NULL, NULL, NULL, 6, '2024-09-17 12:05:54'),
(116, 11, 37, '5.22', 'yes', 100, 'Description of control is fully met', NULL, 0, 'Asset component is directly publicly exposed', NULL, 100, '0.00000', '0.00000', '0.00000', NULL, NULL, NULL, NULL, NULL, NULL, NULL, 6, '2024-09-17 12:05:54'),
(117, 11, 37, '5.23', 'yes', 100, 'Description of control is fully met', NULL, 0, 'Asset component is directly publicly exposed', NULL, 100, '0.00000', '0.00000', '0.00000', NULL, NULL, NULL, NULL, NULL, NULL, NULL, 6, '2024-09-17 12:05:54'),
(118, 11, 37, '5.24', 'yes', 100, 'Description of control is fully met', NULL, 0, 'Asset component is directly publicly exposed', NULL, 100, '0.00000', '0.00000', '0.00000', NULL, NULL, NULL, NULL, NULL, NULL, NULL, 6, '2024-09-17 12:05:54'),
(119, 11, 37, '5.25', 'yes', 100, 'Description of control is fully met', NULL, 0, 'Asset component is directly publicly exposed', NULL, 100, '0.00000', '0.00000', '0.00000', NULL, NULL, NULL, NULL, NULL, NULL, NULL, 6, '2024-09-17 12:05:54'),
(120, 11, 37, '5.26', 'yes', 100, 'Description of control is fully met', NULL, 0, 'Asset component is directly publicly exposed', NULL, 100, '0.00000', '0.00000', '0.00000', NULL, NULL, NULL, NULL, NULL, NULL, NULL, 6, '2024-09-17 12:05:54'),
(121, 11, 37, '5.27', 'yes', 100, 'Description of control is fully met', NULL, 0, 'Asset component is directly publicly exposed', NULL, 100, '0.00000', '0.00000', '0.00000', NULL, NULL, NULL, NULL, NULL, NULL, NULL, 6, '2024-09-17 12:05:54'),
(122, 11, 37, '5.28', 'yes', 100, 'Description of control is fully met', NULL, 0, 'Asset component is directly publicly exposed', NULL, 100, '0.00000', '0.00000', '0.00000', NULL, NULL, NULL, NULL, NULL, NULL, NULL, 6, '2024-09-17 12:05:54'),
(123, 11, 37, '5.29', 'yes', 100, 'Description of control is fully met', NULL, 0, 'Asset component is directly publicly exposed', NULL, 100, '0.00000', '0.00000', '0.00000', NULL, NULL, NULL, NULL, NULL, NULL, NULL, 6, '2024-09-17 12:05:54'),
(124, 11, 37, '5.30', 'yes', 100, 'Description of control is fully met', NULL, 0, 'Asset component is directly publicly exposed', NULL, 100, '0.00000', '0.00000', '0.00000', NULL, NULL, NULL, NULL, NULL, NULL, NULL, 6, '2024-09-17 12:05:54'),
(125, 11, 37, '5.31', 'yes', 100, 'Description of control is fully met', NULL, 0, 'Asset component is directly publicly exposed', NULL, 100, '0.00000', '0.00000', '0.00000', NULL, NULL, NULL, NULL, NULL, NULL, NULL, 6, '2024-09-17 12:05:54'),
(126, 11, 37, '5.32', 'yes', 100, 'Description of control is fully met', NULL, 0, 'Asset component is directly publicly exposed', NULL, 100, '0.00000', '0.00000', '0.00000', NULL, NULL, NULL, NULL, NULL, NULL, NULL, 6, '2024-09-17 12:05:54'),
(127, 11, 37, '5.33', 'yes', 100, 'Description of control is fully met', NULL, 0, 'Asset component is directly publicly exposed', NULL, 100, '0.00000', '0.00000', '0.00000', NULL, NULL, NULL, NULL, NULL, NULL, NULL, 6, '2024-09-17 12:05:54'),
(128, 11, 37, '5.34', 'yes', 100, 'Description of control is fully met', NULL, 0, 'Asset component is directly publicly exposed', NULL, 100, '0.00000', '0.00000', '0.00000', NULL, NULL, NULL, NULL, NULL, NULL, NULL, 6, '2024-09-17 12:05:54'),
(129, 11, 37, '5.35', 'yes', 100, 'Description of control is fully met', NULL, 0, 'Asset component is directly publicly exposed', NULL, 100, '0.00000', '0.00000', '0.00000', NULL, NULL, NULL, NULL, NULL, NULL, NULL, 6, '2024-09-17 12:05:54'),
(130, 11, 37, '5.36', 'yes', 100, 'Description of control is fully met', NULL, 0, 'Asset component is directly publicly exposed', NULL, 100, '0.00000', '0.00000', '0.00000', NULL, NULL, NULL, NULL, NULL, NULL, NULL, 6, '2024-09-17 12:05:54'),
(131, 11, 37, '5.37', 'yes', 100, 'Description of control is fully met', NULL, 0, 'Asset component is directly publicly exposed', NULL, 100, '0.00000', '0.00000', '0.00000', NULL, NULL, NULL, NULL, NULL, NULL, NULL, 6, '2024-09-17 12:05:54'),
(132, 11, 37, '6.1', 'yes', 100, 'Description of control is fully met', NULL, 0, 'Asset component is directly publicly exposed', NULL, 100, '0.00000', '0.00000', '0.00000', NULL, NULL, NULL, NULL, NULL, NULL, NULL, 6, '2024-09-17 12:05:54'),
(133, 11, 37, '6.2', 'yes', 100, 'Description of control is fully met', NULL, 0, 'Asset component is directly publicly exposed', NULL, 100, '0.00000', '0.00000', '0.00000', NULL, NULL, NULL, NULL, NULL, NULL, NULL, 6, '2024-09-17 12:05:54'),
(134, 11, 37, '6.3', 'yes', 100, 'Description of control is fully met', NULL, 0, 'Asset component is directly publicly exposed', NULL, 100, '0.00000', '0.00000', '0.00000', NULL, NULL, NULL, NULL, NULL, NULL, NULL, 6, '2024-09-17 12:05:54'),
(135, 11, 37, '6.4', 'yes', 100, 'Description of control is fully met', NULL, 0, 'Asset component is directly publicly exposed', NULL, 100, '0.00000', '0.00000', '0.00000', NULL, NULL, NULL, NULL, NULL, NULL, NULL, 6, '2024-09-17 12:05:54'),
(136, 11, 37, '6.5', 'yes', 100, 'Description of control is fully met', NULL, 0, 'Asset component is directly publicly exposed', NULL, 100, '0.00000', '0.00000', '0.00000', NULL, NULL, NULL, NULL, NULL, NULL, NULL, 6, '2024-09-17 12:05:54'),
(137, 11, 37, '6.6', 'yes', 100, 'Description of control is fully met', NULL, 0, 'Asset component is directly publicly exposed', NULL, 100, '0.00000', '0.00000', '0.00000', NULL, NULL, NULL, NULL, NULL, NULL, NULL, 6, '2024-09-17 12:05:54'),
(138, 11, 37, '6.7', 'yes', 100, 'Description of control is fully met', NULL, 0, 'Asset component is directly publicly exposed', NULL, 100, '0.00000', '0.00000', '0.00000', NULL, NULL, NULL, NULL, NULL, NULL, NULL, 6, '2024-09-17 12:05:54'),
(139, 11, 37, '6.8', 'yes', 100, 'Description of control is fully met', NULL, 0, 'Asset component is directly publicly exposed', NULL, 100, '0.00000', '0.00000', '0.00000', NULL, NULL, NULL, NULL, NULL, NULL, NULL, 6, '2024-09-17 12:05:54'),
(140, 11, 37, '7.1', 'yes', 100, 'Description of control is fully met', NULL, 0, 'Asset component is directly publicly exposed', NULL, 100, '0.00000', '0.00000', '0.00000', NULL, NULL, NULL, NULL, NULL, NULL, NULL, 6, '2024-09-17 12:05:54'),
(141, 11, 37, '7.2', 'yes', 100, 'Description of control is fully met', NULL, 0, 'Asset component is directly publicly exposed', NULL, 100, '0.00000', '0.00000', '0.00000', NULL, NULL, NULL, NULL, NULL, NULL, NULL, 6, '2024-09-17 12:05:54'),
(142, 11, 37, '7.3', 'yes', 100, 'Description of control is fully met', NULL, 0, 'Asset component is directly publicly exposed', NULL, 100, '0.00000', '0.00000', '0.00000', NULL, NULL, NULL, NULL, NULL, NULL, NULL, 6, '2024-09-17 12:05:54'),
(143, 11, 37, '7.4', 'yes', 100, 'Description of control is fully met', NULL, 0, 'Asset component is directly publicly exposed', NULL, 100, '0.00000', '0.00000', '0.00000', NULL, NULL, NULL, NULL, NULL, NULL, NULL, 6, '2024-09-17 12:05:54'),
(144, 11, 37, '7.5', 'yes', 100, 'Description of control is fully met', NULL, 0, 'Asset component is directly publicly exposed', NULL, 100, '0.00000', '0.00000', '0.00000', NULL, NULL, NULL, NULL, NULL, NULL, NULL, 6, '2024-09-17 12:05:54'),
(145, 11, 37, '7.6', 'yes', 100, 'Description of control is fully met', NULL, 0, 'Asset component is directly publicly exposed', NULL, 100, '0.00000', '0.00000', '0.00000', NULL, NULL, NULL, NULL, NULL, NULL, NULL, 6, '2024-09-17 12:05:54'),
(146, 11, 37, '7.7', 'yes', 100, 'Description of control is fully met', NULL, 0, 'Asset component is directly publicly exposed', NULL, 100, '0.00000', '0.00000', '0.00000', NULL, NULL, NULL, NULL, NULL, NULL, NULL, 6, '2024-09-17 12:05:54'),
(147, 11, 37, '7.8', 'yes', 100, 'Description of control is fully met', NULL, 0, 'Asset component is directly publicly exposed', NULL, 100, '0.00000', '0.00000', '0.00000', NULL, NULL, NULL, NULL, NULL, NULL, NULL, 6, '2024-09-17 12:05:54'),
(148, 11, 37, '7.9', 'yes', 100, 'Description of control is fully met', NULL, 0, 'Asset component is directly publicly exposed', NULL, 100, '0.00000', '0.00000', '0.00000', NULL, NULL, NULL, NULL, NULL, NULL, NULL, 6, '2024-09-17 12:05:54'),
(149, 11, 37, '7.10', 'yes', 100, 'Description of control is fully met', NULL, 0, 'Asset component is directly publicly exposed', NULL, 100, '0.00000', '0.00000', '0.00000', NULL, NULL, NULL, NULL, NULL, NULL, NULL, 6, '2024-09-17 12:05:54'),
(150, 11, 37, '7.11', 'yes', 100, 'Description of control is fully met', NULL, 0, 'Asset component is directly publicly exposed', NULL, 100, '0.00000', '0.00000', '0.00000', NULL, NULL, NULL, NULL, NULL, NULL, NULL, 6, '2024-09-17 12:05:54'),
(151, 11, 37, '7.12', 'yes', 100, 'Description of control is fully met', NULL, 0, 'Asset component is directly publicly exposed', NULL, 100, '0.00000', '0.00000', '0.00000', NULL, NULL, NULL, NULL, NULL, NULL, NULL, 6, '2024-09-17 12:05:54'),
(152, 11, 37, '7.13', 'yes', 100, 'Description of control is fully met', NULL, 0, 'Asset component is directly publicly exposed', NULL, 100, '0.00000', '0.00000', '0.00000', NULL, NULL, NULL, NULL, NULL, NULL, NULL, 6, '2024-09-17 12:05:54'),
(153, 11, 37, '7.14', 'yes', 100, 'Description of control is fully met', NULL, 0, 'Asset component is directly publicly exposed', NULL, 100, '0.00000', '0.00000', '0.00000', NULL, NULL, NULL, NULL, NULL, NULL, NULL, 6, '2024-09-17 12:05:54'),
(154, 11, 37, '8.1', 'yes', 100, 'Description of control is fully met', NULL, 0, 'Asset component is directly publicly exposed', NULL, 100, '0.00000', '0.00000', '0.00000', NULL, NULL, NULL, NULL, NULL, NULL, NULL, 6, '2024-09-17 12:05:54'),
(155, 11, 37, '8.2', 'yes', 100, 'Description of control is fully met', NULL, 0, 'Asset component is directly publicly exposed', NULL, 100, '0.00000', '0.00000', '0.00000', NULL, NULL, NULL, NULL, NULL, NULL, NULL, 6, '2024-09-17 12:05:54'),
(156, 11, 37, '8.3', 'yes', 100, 'Description of control is fully met', NULL, 0, 'Asset component is directly publicly exposed', NULL, 100, '0.00000', '0.00000', '0.00000', NULL, NULL, NULL, NULL, NULL, NULL, NULL, 6, '2024-09-17 12:05:54'),
(157, 11, 37, '8.4', 'yes', 100, 'Description of control is fully met', NULL, 0, 'Asset component is directly publicly exposed', NULL, 100, '0.00000', '0.00000', '0.00000', NULL, NULL, NULL, NULL, NULL, NULL, NULL, 6, '2024-09-17 12:05:54'),
(158, 11, 37, '8.5', 'yes', 100, 'Description of control is fully met', NULL, 0, 'Asset component is directly publicly exposed', NULL, 100, '0.00000', '0.00000', '0.00000', NULL, NULL, NULL, NULL, NULL, NULL, NULL, 6, '2024-09-17 12:05:54'),
(159, 11, 37, '8.6', 'yes', 100, 'Description of control is fully met', NULL, 0, 'Asset component is directly publicly exposed', NULL, 100, '0.00000', '0.00000', '0.00000', NULL, NULL, NULL, NULL, NULL, NULL, NULL, 6, '2024-09-17 12:05:54'),
(160, 11, 37, '8.7', 'yes', 100, 'Description of control is fully met', NULL, 0, 'Asset component is directly publicly exposed', NULL, 100, '0.00000', '0.00000', '0.00000', NULL, NULL, NULL, NULL, NULL, NULL, NULL, 6, '2024-09-17 12:05:54'),
(161, 11, 37, '8.8', 'yes', 100, 'Description of control is fully met', NULL, 0, 'Asset component is directly publicly exposed', NULL, 100, '0.00000', '0.00000', '0.00000', NULL, NULL, NULL, NULL, NULL, NULL, NULL, 6, '2024-09-17 12:05:54'),
(162, 11, 37, '8.9', 'yes', 100, 'Description of control is fully met', NULL, 0, 'Asset component is directly publicly exposed', NULL, 100, '0.00000', '0.00000', '0.00000', NULL, NULL, NULL, NULL, NULL, NULL, NULL, 6, '2024-09-17 12:05:54'),
(163, 11, 37, '8.10', 'yes', 100, 'Description of control is fully met', NULL, 0, 'Asset component is directly publicly exposed', NULL, 100, '0.00000', '0.00000', '0.00000', NULL, NULL, NULL, NULL, NULL, NULL, NULL, 6, '2024-09-17 12:05:54'),
(164, 11, 37, '8.11', 'yes', 100, 'Description of control is fully met', NULL, 0, 'Asset component is directly publicly exposed', NULL, 100, '0.00000', '0.00000', '0.00000', NULL, NULL, NULL, NULL, NULL, NULL, NULL, 6, '2024-09-17 12:05:54'),
(165, 11, 37, '8.12', 'yes', 100, 'Description of control is fully met', NULL, 0, 'Asset component is directly publicly exposed', NULL, 100, '0.00000', '0.00000', '0.00000', NULL, NULL, NULL, NULL, NULL, NULL, NULL, 6, '2024-09-17 12:05:54'),
(166, 11, 37, '8.13', 'yes', 100, 'Description of control is fully met', NULL, 0, 'Asset component is directly publicly exposed', NULL, 100, '0.00000', '0.00000', '0.00000', NULL, NULL, NULL, NULL, NULL, NULL, NULL, 6, '2024-09-17 12:05:54'),
(167, 11, 37, '8.14', 'yes', 100, 'Description of control is fully met', NULL, 0, 'Asset component is directly publicly exposed', NULL, 100, '0.00000', '0.00000', '0.00000', NULL, NULL, NULL, NULL, NULL, NULL, NULL, 6, '2024-09-17 12:05:54'),
(168, 11, 37, '8.15', 'yes', 100, 'Description of control is fully met', NULL, 0, 'Asset component is directly publicly exposed', NULL, 100, '0.00000', '0.00000', '0.00000', NULL, NULL, NULL, NULL, NULL, NULL, NULL, 6, '2024-09-17 12:05:54'),
(169, 11, 37, '8.16', 'yes', 100, 'Description of control is fully met', NULL, 0, 'Asset component is directly publicly exposed', NULL, 100, '0.00000', '0.00000', '0.00000', NULL, NULL, NULL, NULL, NULL, NULL, NULL, 6, '2024-09-17 12:05:54'),
(170, 11, 37, '8.17', 'yes', 100, 'Description of control is fully met', NULL, 0, 'Asset component is directly publicly exposed', NULL, 100, '0.00000', '0.00000', '0.00000', NULL, NULL, NULL, NULL, NULL, NULL, NULL, 6, '2024-09-17 12:05:54'),
(171, 11, 37, '8.18', 'yes', 100, 'Description of control is fully met', NULL, 0, 'Asset component is directly publicly exposed', NULL, 100, '0.00000', '0.00000', '0.00000', NULL, NULL, NULL, NULL, NULL, NULL, NULL, 6, '2024-09-17 12:05:54'),
(172, 11, 37, '8.19', 'yes', 100, 'Description of control is fully met', NULL, 0, 'Asset component is directly publicly exposed', NULL, 100, '0.00000', '0.00000', '0.00000', NULL, NULL, NULL, NULL, NULL, NULL, NULL, 6, '2024-09-17 12:05:54'),
(173, 11, 37, '8.20', 'yes', 100, 'Description of control is fully met', NULL, 0, 'Asset component is directly publicly exposed', NULL, 100, '0.00000', '0.00000', '0.00000', NULL, NULL, NULL, NULL, NULL, NULL, NULL, 6, '2024-09-17 12:05:54'),
(174, 11, 37, '8.21', 'yes', 100, 'Description of control is fully met', NULL, 0, 'Asset component is directly publicly exposed', NULL, 100, '0.00000', '0.00000', '0.00000', NULL, NULL, NULL, NULL, NULL, NULL, NULL, 6, '2024-09-17 12:05:54'),
(175, 11, 37, '8.22', 'yes', 100, 'Description of control is fully met', NULL, 0, 'Asset component is directly publicly exposed', NULL, 100, '0.00000', '0.00000', '0.00000', NULL, NULL, NULL, NULL, NULL, NULL, NULL, 6, '2024-09-17 12:05:54'),
(176, 11, 37, '8.23', 'yes', 100, 'Description of control is fully met', NULL, 0, 'Asset component is directly publicly exposed', NULL, 100, '0.00000', '0.00000', '0.00000', NULL, NULL, NULL, NULL, NULL, NULL, NULL, 6, '2024-09-17 12:05:54'),
(177, 11, 37, '8.24', 'yes', 100, 'Description of control is fully met', NULL, 0, 'Asset component is directly publicly exposed', NULL, 100, '0.00000', '0.00000', '0.00000', NULL, NULL, NULL, NULL, NULL, NULL, NULL, 6, '2024-09-17 12:05:54'),
(178, 11, 37, '8.25', 'yes', 100, 'Description of control is fully met', NULL, 0, 'Asset component is directly publicly exposed', NULL, 100, '0.00000', '0.00000', '0.00000', NULL, NULL, NULL, NULL, NULL, NULL, NULL, 6, '2024-09-17 12:05:54'),
(179, 11, 37, '8.26', 'yes', 100, 'Description of control is fully met', NULL, 0, 'Asset component is directly publicly exposed', NULL, 100, '0.00000', '0.00000', '0.00000', NULL, NULL, NULL, NULL, NULL, NULL, NULL, 6, '2024-09-17 12:05:54'),
(180, 11, 37, '8.27', 'yes', 100, 'Description of control is fully met', NULL, 0, 'Asset component is directly publicly exposed', NULL, 100, '0.00000', '0.00000', '0.00000', NULL, NULL, NULL, NULL, NULL, NULL, NULL, 6, '2024-09-17 12:05:54'),
(181, 11, 37, '8.28', 'yes', 100, 'Description of control is fully met', NULL, 0, 'Asset component is directly publicly exposed', NULL, 100, '0.00000', '0.00000', '0.00000', NULL, NULL, NULL, NULL, NULL, NULL, NULL, 6, '2024-09-17 12:05:54'),
(182, 11, 37, '8.29', 'yes', 100, 'Description of control is fully met', NULL, 0, 'Asset component is directly publicly exposed', NULL, 100, '0.00000', '0.00000', '0.00000', NULL, NULL, NULL, NULL, NULL, NULL, NULL, 6, '2024-09-17 12:05:54'),
(183, 11, 37, '8.30', 'yes', 100, 'Description of control is fully met', NULL, 0, 'Asset component is directly publicly exposed', NULL, 100, '0.00000', '0.00000', '0.00000', NULL, NULL, NULL, NULL, NULL, NULL, NULL, 6, '2024-09-17 12:05:54'),
(184, 11, 37, '8.31', 'yes', 100, 'Description of control is fully met', NULL, 0, 'Asset component is directly publicly exposed', NULL, 100, '0.00000', '0.00000', '0.00000', NULL, NULL, NULL, NULL, NULL, NULL, NULL, 6, '2024-09-17 12:05:54'),
(185, 11, 37, '8.32', 'yes', 100, 'Description of control is fully met', NULL, 0, 'Asset component is directly publicly exposed', NULL, 100, '0.00000', '0.00000', '0.00000', NULL, NULL, NULL, NULL, NULL, NULL, NULL, 6, '2024-09-17 12:05:54'),
(186, 11, 37, '8.33', 'yes', 100, 'Description of control is fully met', NULL, 0, 'Asset component is directly publicly exposed', NULL, 100, '0.00000', '0.00000', '0.00000', NULL, NULL, NULL, NULL, NULL, NULL, NULL, 6, '2024-09-17 12:05:54'),
(187, 11, 37, '8.34', 'yes', 100, 'Description of control is fully met', NULL, 0, 'Asset component is directly publicly exposed', NULL, 100, '0.00000', '0.00000', '0.00000', NULL, NULL, NULL, NULL, NULL, NULL, NULL, 6, '2024-09-17 12:05:54'),
(188, 11, 36, '5.1', 'yes', 100, 'Description of control is fully met', NULL, 0, 'Asset component is directly publicly exposed', NULL, 100, '0.00000', '0.00000', '0.00000', NULL, NULL, NULL, NULL, NULL, NULL, NULL, 6, '2024-09-17 12:07:00'),
(189, 11, 36, '5.2', 'yes', 100, 'Description of control is fully met', NULL, 0, 'Asset component is directly publicly exposed', NULL, 100, '0.00000', '0.00000', '0.00000', NULL, NULL, NULL, NULL, NULL, NULL, NULL, 6, '2024-09-17 12:07:00'),
(190, 11, 36, '5.4', 'yes', 100, 'Description of control is fully met', NULL, 0, 'Asset component is directly publicly exposed', NULL, 100, '0.00000', '0.00000', '0.00000', NULL, NULL, NULL, NULL, NULL, NULL, NULL, 6, '2024-09-17 12:07:00'),
(191, 11, 36, '5.5', 'yes', 100, 'Description of control is fully met', NULL, 0, 'Asset component is directly publicly exposed', NULL, 100, '0.00000', '0.00000', '0.00000', NULL, NULL, NULL, NULL, NULL, NULL, NULL, 6, '2024-09-17 12:07:00'),
(192, 11, 36, '5.6', 'yes', 100, 'Description of control is fully met', NULL, 0, 'Asset component is directly publicly exposed', NULL, 100, '0.00000', '0.00000', '0.00000', NULL, NULL, NULL, NULL, NULL, NULL, NULL, 6, '2024-09-17 12:07:00'),
(193, 11, 36, '5.7', 'yes', 100, 'Description of control is fully met', NULL, 0, 'Asset component is directly publicly exposed', NULL, 100, '0.00000', '0.00000', '0.00000', NULL, NULL, NULL, NULL, NULL, NULL, NULL, 6, '2024-09-17 12:07:00'),
(194, 11, 36, '5.8', 'yes', 100, 'Description of control is fully met', NULL, 0, 'Asset component is directly publicly exposed', NULL, 100, '0.00000', '0.00000', '0.00000', NULL, NULL, NULL, NULL, NULL, NULL, NULL, 6, '2024-09-17 12:07:00'),
(195, 11, 36, '5.9', 'yes', 100, 'Description of control is fully met', NULL, 0, 'Asset component is directly publicly exposed', NULL, 100, '0.00000', '0.00000', '0.00000', NULL, NULL, NULL, NULL, NULL, NULL, NULL, 6, '2024-09-17 12:07:00'),
(196, 11, 36, '5.10', 'yes', 100, 'Description of control is fully met', NULL, 0, 'Asset component is directly publicly exposed', NULL, 100, '0.00000', '0.00000', '0.00000', NULL, NULL, NULL, NULL, NULL, NULL, NULL, 6, '2024-09-17 12:07:00'),
(197, 11, 36, '5.11', 'yes', 100, 'Description of control is fully met', NULL, 0, 'Asset component is directly publicly exposed', NULL, 100, '0.00000', '0.00000', '0.00000', NULL, NULL, NULL, NULL, NULL, NULL, NULL, 6, '2024-09-17 12:07:00'),
(198, 11, 36, '5.12', 'yes', 100, 'Description of control is fully met', NULL, 0, 'Asset component is directly publicly exposed', NULL, 100, '0.00000', '0.00000', '0.00000', NULL, NULL, NULL, NULL, NULL, NULL, NULL, 6, '2024-09-17 12:07:00'),
(199, 11, 36, '5.13', 'yes', 100, 'Description of control is fully met', NULL, 0, 'Asset component is directly publicly exposed', NULL, 100, '0.00000', '0.00000', '0.00000', NULL, NULL, NULL, NULL, NULL, NULL, NULL, 6, '2024-09-17 12:07:00'),
(200, 11, 36, '5.14', 'yes', 100, 'Description of control is fully met', NULL, 0, 'Asset component is directly publicly exposed', NULL, 100, '0.00000', '0.00000', '0.00000', NULL, NULL, NULL, NULL, NULL, NULL, NULL, 6, '2024-09-17 12:07:00'),
(201, 11, 36, '5.15', 'yes', 100, 'Description of control is fully met', NULL, 0, 'Asset component is directly publicly exposed', NULL, 100, '0.00000', '0.00000', '0.00000', NULL, NULL, NULL, NULL, NULL, NULL, NULL, 6, '2024-09-17 12:07:00'),
(202, 11, 36, '5.16', 'yes', 100, 'Description of control is fully met', NULL, 0, 'Asset component is directly publicly exposed', NULL, 100, '0.00000', '0.00000', '0.00000', NULL, NULL, NULL, NULL, NULL, NULL, NULL, 6, '2024-09-17 12:07:00'),
(203, 11, 36, '5.17', 'yes', 100, 'Description of control is fully met', NULL, 0, 'Asset component is directly publicly exposed', NULL, 100, '0.00000', '0.00000', '0.00000', NULL, NULL, NULL, NULL, NULL, NULL, NULL, 6, '2024-09-17 12:07:00'),
(204, 11, 36, '5.18', 'yes', 100, 'Description of control is fully met', NULL, 0, 'Asset component is directly publicly exposed', NULL, 100, '0.00000', '0.00000', '0.00000', NULL, NULL, NULL, NULL, NULL, NULL, NULL, 6, '2024-09-17 12:07:00'),
(205, 11, 36, '5.19', 'yes', 100, 'Description of control is fully met', NULL, 0, 'Asset component is directly publicly exposed', NULL, 100, '0.00000', '0.00000', '0.00000', NULL, NULL, NULL, NULL, NULL, NULL, NULL, 6, '2024-09-17 12:07:00'),
(206, 11, 36, '5.20', 'yes', 100, 'Description of control is fully met', NULL, 0, 'Asset component is directly publicly exposed', NULL, 100, '0.00000', '0.00000', '0.00000', NULL, NULL, NULL, NULL, NULL, NULL, NULL, 6, '2024-09-17 12:07:00');
INSERT INTO `iso_sec_2_3_1` (`assessment_id`, `project_id`, `asset_id`, `control_num`, `applicability`, `control_compliance`, `desc_vulnerability`, `desc_vulnerability_other`, `vulnerability`, `desc_threat`, `desc_threat_other`, `threat`, `risk_level`, `risk_integrity`, `risk_availability`, `desc_risk`, `desc_risk_other`, `residual_risk_treatment`, `treatment_action`, `treatment_target_date`, `treatment_comp_date`, `responsibility_for_treatment`, `last_edited_by`, `last_edited_at`) VALUES
(207, 11, 36, '5.21', 'yes', 100, 'Description of control is fully met', NULL, 0, 'Asset component is directly publicly exposed', NULL, 100, '0.00000', '0.00000', '0.00000', NULL, NULL, NULL, NULL, NULL, NULL, NULL, 6, '2024-09-17 12:07:00'),
(208, 11, 36, '5.22', 'yes', 100, 'Description of control is fully met', NULL, 0, 'Asset component is directly publicly exposed', NULL, 100, '0.00000', '0.00000', '0.00000', NULL, NULL, NULL, NULL, NULL, NULL, NULL, 6, '2024-09-17 12:07:00'),
(209, 11, 36, '5.23', 'yes', 100, 'Description of control is fully met', NULL, 0, 'Asset component is directly publicly exposed', NULL, 100, '0.00000', '0.00000', '0.00000', NULL, NULL, NULL, NULL, NULL, NULL, NULL, 6, '2024-09-17 12:07:00'),
(210, 11, 36, '5.24', 'yes', 100, 'Description of control is fully met', NULL, 0, 'Asset component is directly publicly exposed', NULL, 100, '0.00000', '0.00000', '0.00000', NULL, NULL, NULL, NULL, NULL, NULL, NULL, 6, '2024-09-17 12:07:01'),
(211, 11, 36, '5.25', 'yes', 100, 'Description of control is fully met', NULL, 0, 'Asset component is directly publicly exposed', NULL, 100, '0.00000', '0.00000', '0.00000', NULL, NULL, NULL, NULL, NULL, NULL, NULL, 6, '2024-09-17 12:07:01'),
(212, 11, 36, '5.26', 'yes', 100, 'Description of control is fully met', NULL, 0, 'Asset component is directly publicly exposed', NULL, 100, '0.00000', '0.00000', '0.00000', NULL, NULL, NULL, NULL, NULL, NULL, NULL, 6, '2024-09-17 12:07:01'),
(213, 11, 36, '5.27', 'yes', 100, 'Description of control is fully met', NULL, 0, 'Asset component is directly publicly exposed', NULL, 100, '0.00000', '0.00000', '0.00000', NULL, NULL, NULL, NULL, NULL, NULL, NULL, 6, '2024-09-17 12:07:01'),
(214, 11, 36, '5.28', 'yes', 100, 'Description of control is fully met', NULL, 0, 'Asset component is directly publicly exposed', NULL, 100, '0.00000', '0.00000', '0.00000', NULL, NULL, NULL, NULL, NULL, NULL, NULL, 6, '2024-09-17 12:07:01'),
(215, 11, 36, '5.29', 'yes', 100, 'Description of control is fully met', NULL, 0, 'Asset component is directly publicly exposed', NULL, 100, '0.00000', '0.00000', '0.00000', NULL, NULL, NULL, NULL, NULL, NULL, NULL, 6, '2024-09-17 12:07:01'),
(216, 11, 36, '5.30', 'yes', 100, 'Description of control is fully met', NULL, 0, 'Asset component is directly publicly exposed', NULL, 100, '0.00000', '0.00000', '0.00000', NULL, NULL, NULL, NULL, NULL, NULL, NULL, 6, '2024-09-17 12:07:01'),
(217, 11, 36, '5.31', 'yes', 100, 'Description of control is fully met', NULL, 0, 'Asset component is directly publicly exposed', NULL, 100, '0.00000', '0.00000', '0.00000', NULL, NULL, NULL, NULL, NULL, NULL, NULL, 6, '2024-09-17 12:07:01'),
(218, 11, 36, '5.32', 'yes', 100, 'Description of control is fully met', NULL, 0, 'Asset component is directly publicly exposed', NULL, 100, '0.00000', '0.00000', '0.00000', NULL, NULL, NULL, NULL, NULL, NULL, NULL, 6, '2024-09-17 12:07:01'),
(219, 11, 36, '5.33', 'yes', 100, 'Description of control is fully met', NULL, 0, 'Asset component is directly publicly exposed', NULL, 100, '0.00000', '0.00000', '0.00000', NULL, NULL, NULL, NULL, NULL, NULL, NULL, 6, '2024-09-17 12:07:01'),
(220, 11, 36, '5.34', 'yes', 100, 'Description of control is fully met', NULL, 0, 'Asset component is directly publicly exposed', NULL, 100, '0.00000', '0.00000', '0.00000', NULL, NULL, NULL, NULL, NULL, NULL, NULL, 6, '2024-09-17 12:07:01'),
(221, 11, 36, '5.35', 'yes', 100, 'Description of control is fully met', NULL, 0, 'Asset component is directly publicly exposed', NULL, 100, '0.00000', '0.00000', '0.00000', NULL, NULL, NULL, NULL, NULL, NULL, NULL, 6, '2024-09-17 12:07:01'),
(222, 11, 36, '5.36', 'yes', 100, 'Description of control is fully met', NULL, 0, 'Asset component is directly publicly exposed', NULL, 100, '0.00000', '0.00000', '0.00000', NULL, NULL, NULL, NULL, NULL, NULL, NULL, 6, '2024-09-17 12:07:01'),
(223, 11, 36, '5.37', 'yes', 100, 'Description of control is fully met', NULL, 0, 'Asset component is directly publicly exposed', NULL, 100, '0.00000', '0.00000', '0.00000', NULL, NULL, NULL, NULL, NULL, NULL, NULL, 6, '2024-09-17 12:07:01'),
(224, 11, 36, '6.1', 'yes', 100, 'Description of control is fully met', NULL, 0, 'Asset component is directly publicly exposed', NULL, 100, '0.00000', '0.00000', '0.00000', NULL, NULL, NULL, NULL, NULL, NULL, NULL, 6, '2024-09-17 12:07:01'),
(225, 11, 36, '6.2', 'yes', 100, 'Description of control is fully met', NULL, 0, 'Asset component is directly publicly exposed', NULL, 100, '0.00000', '0.00000', '0.00000', NULL, NULL, NULL, NULL, NULL, NULL, NULL, 6, '2024-09-17 12:07:01'),
(226, 11, 36, '6.3', 'yes', 100, 'Description of control is fully met', NULL, 0, 'Asset component is directly publicly exposed', NULL, 100, '0.00000', '0.00000', '0.00000', NULL, NULL, NULL, NULL, NULL, NULL, NULL, 6, '2024-09-17 12:07:01'),
(227, 11, 36, '6.4', 'yes', 100, 'Description of control is fully met', NULL, 0, 'Asset component is directly publicly exposed', NULL, 100, '0.00000', '0.00000', '0.00000', NULL, NULL, NULL, NULL, NULL, NULL, NULL, 6, '2024-09-17 12:07:01'),
(228, 11, 36, '6.5', 'yes', 100, 'Description of control is fully met', NULL, 0, 'Asset component is directly publicly exposed', NULL, 100, '0.00000', '0.00000', '0.00000', NULL, NULL, NULL, NULL, NULL, NULL, NULL, 6, '2024-09-17 12:07:01'),
(229, 11, 36, '6.6', 'yes', 100, 'Description of control is fully met', NULL, 0, 'Asset component is directly publicly exposed', NULL, 100, '0.00000', '0.00000', '0.00000', NULL, NULL, NULL, NULL, NULL, NULL, NULL, 6, '2024-09-17 12:07:01'),
(230, 11, 36, '6.7', 'yes', 100, 'Description of control is fully met', NULL, 0, 'Asset component is directly publicly exposed', NULL, 100, '0.00000', '0.00000', '0.00000', NULL, NULL, NULL, NULL, NULL, NULL, NULL, 6, '2024-09-17 12:07:01'),
(231, 11, 36, '6.8', 'yes', 100, 'Description of control is fully met', NULL, 0, 'Asset component is directly publicly exposed', NULL, 100, '0.00000', '0.00000', '0.00000', NULL, NULL, NULL, NULL, NULL, NULL, NULL, 6, '2024-09-17 12:07:01'),
(232, 11, 36, '7.1', 'yes', 100, 'Description of control is fully met', NULL, 0, 'Asset component is directly publicly exposed', NULL, 100, '0.00000', '0.00000', '0.00000', NULL, NULL, NULL, NULL, NULL, NULL, NULL, 6, '2024-09-17 12:07:01'),
(233, 11, 36, '7.2', 'yes', 100, 'Description of control is fully met', NULL, 0, 'Asset component is directly publicly exposed', NULL, 100, '0.00000', '0.00000', '0.00000', NULL, NULL, NULL, NULL, NULL, NULL, NULL, 6, '2024-09-17 12:07:01'),
(234, 11, 36, '7.3', 'yes', 100, 'Description of control is fully met', NULL, 0, 'Asset component is directly publicly exposed', NULL, 100, '0.00000', '0.00000', '0.00000', NULL, NULL, NULL, NULL, NULL, NULL, NULL, 6, '2024-09-17 12:07:01'),
(235, 11, 36, '7.4', 'yes', 100, 'Description of control is fully met', NULL, 0, 'Asset component is directly publicly exposed', NULL, 100, '0.00000', '0.00000', '0.00000', NULL, NULL, NULL, NULL, NULL, NULL, NULL, 6, '2024-09-17 12:07:01'),
(236, 11, 36, '7.5', 'yes', 100, 'Description of control is fully met', NULL, 0, 'Asset component is directly publicly exposed', NULL, 100, '0.00000', '0.00000', '0.00000', NULL, NULL, NULL, NULL, NULL, NULL, NULL, 6, '2024-09-17 12:07:01'),
(237, 11, 36, '7.6', 'yes', 100, 'Description of control is fully met', NULL, 0, 'Asset component is directly publicly exposed', NULL, 100, '0.00000', '0.00000', '0.00000', NULL, NULL, NULL, NULL, NULL, NULL, NULL, 6, '2024-09-17 12:07:01'),
(238, 11, 36, '7.7', 'yes', 100, 'Description of control is fully met', NULL, 0, 'Asset component is directly publicly exposed', NULL, 100, '0.00000', '0.00000', '0.00000', NULL, NULL, NULL, NULL, NULL, NULL, NULL, 6, '2024-09-17 12:07:01'),
(239, 11, 36, '7.8', 'yes', 100, 'Description of control is fully met', NULL, 0, 'Asset component is directly publicly exposed', NULL, 100, '0.00000', '0.00000', '0.00000', NULL, NULL, NULL, NULL, NULL, NULL, NULL, 6, '2024-09-17 12:07:01'),
(240, 11, 36, '7.9', 'yes', 100, 'Description of control is fully met', NULL, 0, 'Asset component is directly publicly exposed', NULL, 100, '0.00000', '0.00000', '0.00000', NULL, NULL, NULL, NULL, NULL, NULL, NULL, 6, '2024-09-17 12:07:01'),
(241, 11, 36, '7.10', 'yes', 100, 'Description of control is fully met', NULL, 0, 'Asset component is directly publicly exposed', NULL, 100, '0.00000', '0.00000', '0.00000', NULL, NULL, NULL, NULL, NULL, NULL, NULL, 6, '2024-09-17 12:07:01'),
(242, 11, 36, '7.11', 'yes', 100, 'Description of control is fully met', NULL, 0, 'Asset component is directly publicly exposed', NULL, 100, '0.00000', '0.00000', '0.00000', NULL, NULL, NULL, NULL, NULL, NULL, NULL, 6, '2024-09-17 12:07:01'),
(243, 11, 36, '7.12', 'yes', 100, 'Description of control is fully met', NULL, 0, 'Asset component is directly publicly exposed', NULL, 100, '0.00000', '0.00000', '0.00000', NULL, NULL, NULL, NULL, NULL, NULL, NULL, 6, '2024-09-17 12:07:01'),
(244, 11, 36, '7.13', 'yes', 100, 'Description of control is fully met', NULL, 0, 'Asset component is directly publicly exposed', NULL, 100, '0.00000', '0.00000', '0.00000', NULL, NULL, NULL, NULL, NULL, NULL, NULL, 6, '2024-09-17 12:07:01'),
(245, 11, 36, '7.14', 'yes', 100, 'Description of control is fully met', NULL, 0, 'Asset component is directly publicly exposed', NULL, 100, '0.00000', '0.00000', '0.00000', NULL, NULL, NULL, NULL, NULL, NULL, NULL, 6, '2024-09-17 12:07:01'),
(246, 11, 36, '8.1', 'yes', 100, 'Description of control is fully met', NULL, 0, 'Asset component is directly publicly exposed', NULL, 100, '0.00000', '0.00000', '0.00000', NULL, NULL, NULL, NULL, NULL, NULL, NULL, 6, '2024-09-17 12:07:01'),
(247, 11, 36, '8.2', 'yes', 100, 'Description of control is fully met', NULL, 0, 'Asset component is directly publicly exposed', NULL, 100, '0.00000', '0.00000', '0.00000', NULL, NULL, NULL, NULL, NULL, NULL, NULL, 6, '2024-09-17 12:07:01'),
(248, 11, 36, '8.3', 'yes', 100, 'Description of control is fully met', NULL, 0, 'Asset component is directly publicly exposed', NULL, 100, '0.00000', '0.00000', '0.00000', NULL, NULL, NULL, NULL, NULL, NULL, NULL, 6, '2024-09-17 12:07:01'),
(249, 11, 36, '8.4', 'yes', 100, 'Description of control is fully met', NULL, 0, 'Asset component is directly publicly exposed', NULL, 100, '0.00000', '0.00000', '0.00000', NULL, NULL, NULL, NULL, NULL, NULL, NULL, 6, '2024-09-17 12:07:01'),
(250, 11, 36, '8.5', 'yes', 100, 'Description of control is fully met', NULL, 0, 'Asset component is directly publicly exposed', NULL, 100, '0.00000', '0.00000', '0.00000', NULL, NULL, NULL, NULL, NULL, NULL, NULL, 6, '2024-09-17 12:07:01'),
(251, 11, 36, '8.6', 'yes', 100, 'Description of control is fully met', NULL, 0, 'Asset component is directly publicly exposed', NULL, 100, '0.00000', '0.00000', '0.00000', NULL, NULL, NULL, NULL, NULL, NULL, NULL, 6, '2024-09-17 12:07:01'),
(252, 11, 36, '8.7', 'yes', 100, 'Description of control is fully met', NULL, 0, 'Asset component is directly publicly exposed', NULL, 100, '0.00000', '0.00000', '0.00000', NULL, NULL, NULL, NULL, NULL, NULL, NULL, 6, '2024-09-17 12:07:01'),
(253, 11, 36, '8.8', 'yes', 100, 'Description of control is fully met', NULL, 0, 'Asset component is directly publicly exposed', NULL, 100, '0.00000', '0.00000', '0.00000', NULL, NULL, NULL, NULL, NULL, NULL, NULL, 6, '2024-09-17 12:07:01'),
(254, 11, 36, '8.9', 'yes', 100, 'Description of control is fully met', NULL, 0, 'Asset component is directly publicly exposed', NULL, 100, '0.00000', '0.00000', '0.00000', NULL, NULL, NULL, NULL, NULL, NULL, NULL, 6, '2024-09-17 12:07:01'),
(255, 11, 36, '8.10', 'yes', 100, 'Description of control is fully met', NULL, 0, 'Asset component is directly publicly exposed', NULL, 100, '0.00000', '0.00000', '0.00000', NULL, NULL, NULL, NULL, NULL, NULL, NULL, 6, '2024-09-17 12:07:01'),
(256, 11, 36, '8.11', 'yes', 100, 'Description of control is fully met', NULL, 0, 'Asset component is directly publicly exposed', NULL, 100, '0.00000', '0.00000', '0.00000', NULL, NULL, NULL, NULL, NULL, NULL, NULL, 6, '2024-09-17 12:07:01'),
(257, 11, 36, '8.12', 'yes', 100, 'Description of control is fully met', NULL, 0, 'Asset component is directly publicly exposed', NULL, 100, '0.00000', '0.00000', '0.00000', NULL, NULL, NULL, NULL, NULL, NULL, NULL, 6, '2024-09-17 12:07:01'),
(258, 11, 36, '8.13', 'yes', 100, 'Description of control is fully met', NULL, 0, 'Asset component is directly publicly exposed', NULL, 100, '0.00000', '0.00000', '0.00000', NULL, NULL, NULL, NULL, NULL, NULL, NULL, 6, '2024-09-17 12:07:01'),
(259, 11, 36, '8.14', 'yes', 100, 'Description of control is fully met', NULL, 0, 'Asset component is directly publicly exposed', NULL, 100, '0.00000', '0.00000', '0.00000', NULL, NULL, NULL, NULL, NULL, NULL, NULL, 6, '2024-09-17 12:07:01'),
(260, 11, 36, '8.15', 'yes', 100, 'Description of control is fully met', NULL, 0, 'Asset component is directly publicly exposed', NULL, 100, '0.00000', '0.00000', '0.00000', NULL, NULL, NULL, NULL, NULL, NULL, NULL, 6, '2024-09-17 12:07:01'),
(261, 11, 36, '8.16', 'yes', 100, 'Description of control is fully met', NULL, 0, 'Asset component is directly publicly exposed', NULL, 100, '0.00000', '0.00000', '0.00000', NULL, NULL, NULL, NULL, NULL, NULL, NULL, 6, '2024-09-17 12:07:01'),
(262, 11, 36, '8.17', 'yes', 100, 'Description of control is fully met', NULL, 0, 'Asset component is directly publicly exposed', NULL, 100, '0.00000', '0.00000', '0.00000', NULL, NULL, NULL, NULL, NULL, NULL, NULL, 6, '2024-09-17 12:07:01'),
(263, 11, 36, '8.18', 'yes', 100, 'Description of control is fully met', NULL, 0, 'Asset component is directly publicly exposed', NULL, 100, '0.00000', '0.00000', '0.00000', NULL, NULL, NULL, NULL, NULL, NULL, NULL, 6, '2024-09-17 12:07:01'),
(264, 11, 36, '8.19', 'yes', 100, 'Description of control is fully met', NULL, 0, 'Asset component is directly publicly exposed', NULL, 100, '0.00000', '0.00000', '0.00000', NULL, NULL, NULL, NULL, NULL, NULL, NULL, 6, '2024-09-17 12:07:01'),
(265, 11, 36, '8.20', 'yes', 100, 'Description of control is fully met', NULL, 0, 'Asset component is directly publicly exposed', NULL, 100, '0.00000', '0.00000', '0.00000', NULL, NULL, NULL, NULL, NULL, NULL, NULL, 6, '2024-09-17 12:07:01'),
(266, 11, 36, '8.21', 'yes', 100, 'Description of control is fully met', NULL, 0, 'Asset component is directly publicly exposed', NULL, 100, '0.00000', '0.00000', '0.00000', NULL, NULL, NULL, NULL, NULL, NULL, NULL, 6, '2024-09-17 12:07:01'),
(267, 11, 36, '8.22', 'yes', 100, 'Description of control is fully met', NULL, 0, 'Asset component is directly publicly exposed', NULL, 100, '0.00000', '0.00000', '0.00000', NULL, NULL, NULL, NULL, NULL, NULL, NULL, 6, '2024-09-17 12:07:01'),
(268, 11, 36, '8.23', 'yes', 100, 'Description of control is fully met', NULL, 0, 'Asset component is directly publicly exposed', NULL, 100, '0.00000', '0.00000', '0.00000', NULL, NULL, NULL, NULL, NULL, NULL, NULL, 6, '2024-09-17 12:07:01'),
(269, 11, 36, '8.24', 'yes', 100, 'Description of control is fully met', NULL, 0, 'Asset component is directly publicly exposed', NULL, 100, '0.00000', '0.00000', '0.00000', NULL, NULL, NULL, NULL, NULL, NULL, NULL, 6, '2024-09-17 12:07:01'),
(270, 11, 36, '8.25', 'yes', 100, 'Description of control is fully met', NULL, 0, 'Asset component is directly publicly exposed', NULL, 100, '0.00000', '0.00000', '0.00000', NULL, NULL, NULL, NULL, NULL, NULL, NULL, 6, '2024-09-17 12:07:01'),
(271, 11, 36, '8.26', 'yes', 100, 'Description of control is fully met', NULL, 0, 'Asset component is directly publicly exposed', NULL, 100, '0.00000', '0.00000', '0.00000', NULL, NULL, NULL, NULL, NULL, NULL, NULL, 6, '2024-09-17 12:07:01'),
(272, 11, 36, '8.27', 'yes', 100, 'Description of control is fully met', NULL, 0, 'Asset component is directly publicly exposed', NULL, 100, '0.00000', '0.00000', '0.00000', NULL, NULL, NULL, NULL, NULL, NULL, NULL, 6, '2024-09-17 12:07:01'),
(273, 11, 36, '8.28', 'yes', 100, 'Description of control is fully met', NULL, 0, 'Asset component is directly publicly exposed', NULL, 100, '0.00000', '0.00000', '0.00000', NULL, NULL, NULL, NULL, NULL, NULL, NULL, 6, '2024-09-17 12:07:01'),
(274, 11, 36, '8.29', 'yes', 100, 'Description of control is fully met', NULL, 0, 'Asset component is directly publicly exposed', NULL, 100, '0.00000', '0.00000', '0.00000', NULL, NULL, NULL, NULL, NULL, NULL, NULL, 6, '2024-09-17 12:07:01'),
(275, 11, 36, '8.30', 'yes', 100, 'Description of control is fully met', NULL, 0, 'Asset component is directly publicly exposed', NULL, 100, '0.00000', '0.00000', '0.00000', NULL, NULL, NULL, NULL, NULL, NULL, NULL, 6, '2024-09-17 12:07:01'),
(276, 11, 36, '8.31', 'yes', 100, 'Description of control is fully met', NULL, 0, 'Asset component is directly publicly exposed', NULL, 100, '0.00000', '0.00000', '0.00000', NULL, NULL, NULL, NULL, NULL, NULL, NULL, 6, '2024-09-17 12:07:01'),
(277, 11, 36, '8.32', 'yes', 100, 'Description of control is fully met', NULL, 0, 'Asset component is directly publicly exposed', NULL, 100, '0.00000', '0.00000', '0.00000', NULL, NULL, NULL, NULL, NULL, NULL, NULL, 6, '2024-09-17 12:07:01'),
(278, 11, 36, '8.33', 'yes', 100, 'Description of control is fully met', NULL, 0, 'Asset component is directly publicly exposed', NULL, 100, '0.00000', '0.00000', '0.00000', NULL, NULL, NULL, NULL, NULL, NULL, NULL, 6, '2024-09-17 12:07:01'),
(279, 11, 36, '8.34', 'yes', 100, 'Description of control is fully met', NULL, 0, 'Asset component is directly publicly exposed', NULL, 100, '0.00000', '0.00000', '0.00000', NULL, NULL, NULL, NULL, NULL, NULL, NULL, 6, '2024-09-17 12:07:01');

-- --------------------------------------------------------

--
-- Table structure for table `migrations`
--

CREATE TABLE `migrations` (
  `id` int(10) UNSIGNED NOT NULL,
  `migration` varchar(255) COLLATE utf8mb4_unicode_ci NOT NULL,
  `batch` int(11) NOT NULL
) ENGINE=InnoDB DEFAULT CHARSET=utf8mb4 COLLATE=utf8mb4_unicode_ci;

-- --------------------------------------------------------

--
-- Table structure for table `model_has_permissions`
--

CREATE TABLE `model_has_permissions` (
  `permission_id` bigint(20) UNSIGNED NOT NULL,
  `model_type` varchar(255) COLLATE utf8mb4_unicode_ci NOT NULL,
  `model_id` bigint(20) UNSIGNED NOT NULL
) ENGINE=InnoDB DEFAULT CHARSET=utf8mb4 COLLATE=utf8mb4_unicode_ci;

--
-- Dumping data for table `model_has_permissions`
--

INSERT INTO `model_has_permissions` (`permission_id`, `model_type`, `model_id`) VALUES
(6, 'App\\Models\\User', 6);

-- --------------------------------------------------------

--
-- Table structure for table `model_has_roles`
--

CREATE TABLE `model_has_roles` (
  `role_id` bigint(20) UNSIGNED NOT NULL,
  `model_type` varchar(255) COLLATE utf8mb4_unicode_ci NOT NULL,
  `model_id` bigint(20) UNSIGNED NOT NULL
) ENGINE=InnoDB DEFAULT CHARSET=utf8mb4 COLLATE=utf8mb4_unicode_ci;

--
-- Dumping data for table `model_has_roles`
--

INSERT INTO `model_has_roles` (`role_id`, `model_type`, `model_id`) VALUES
(6, 'App\\Models\\User', 4),
(7, 'App\\Models\\User', 5),
(8, 'App\\Models\\User', 6);

-- --------------------------------------------------------

--
-- Table structure for table `organizations`
--

CREATE TABLE `organizations` (
  `org_id` int(11) NOT NULL,
  `name` varchar(100) COLLATE utf8mb4_unicode_ci NOT NULL,
  `type` varchar(100) COLLATE utf8mb4_unicode_ci NOT NULL,
  `sub_org` varchar(100) COLLATE utf8mb4_unicode_ci NOT NULL,
  `country` varchar(100) COLLATE utf8mb4_unicode_ci NOT NULL,
  `state` varchar(100) COLLATE utf8mb4_unicode_ci NOT NULL,
  `city` varchar(100) COLLATE utf8mb4_unicode_ci NOT NULL,
  `zip_code` int(11) NOT NULL,
  `address` varchar(100) COLLATE utf8mb4_unicode_ci NOT NULL,
  `record_created_by` varchar(100) COLLATE utf8mb4_unicode_ci NOT NULL,
  `record_creation_date` date NOT NULL,
  `record_creation_time` time NOT NULL,
  `status` varchar(20) COLLATE utf8mb4_unicode_ci NOT NULL,
  `created_at` timestamp NULL DEFAULT NULL,
  `updated_at` timestamp NULL DEFAULT NULL
) ENGINE=InnoDB DEFAULT CHARSET=utf8mb4 COLLATE=utf8mb4_unicode_ci;

--
-- Dumping data for table `organizations`
--

INSERT INTO `organizations` (`org_id`, `name`, `type`, `sub_org`, `country`, `state`, `city`, `zip_code`, `address`, `record_created_by`, `record_creation_date`, `record_creation_time`, `status`, `created_at`, `updated_at`) VALUES
(2, 'Bank', 'host', 'IT', 'Pakistan', 'Sindh', 'Karachi', 75950, '1647/2 Fb Area Azizabad', 'shahmeer@gmail.com', '2024-09-07', '19:18:43', 'active', '2024-09-07 14:18:43', '2024-09-07 14:18:43');

-- --------------------------------------------------------

--
-- Table structure for table `password_reset_tokens`
--

CREATE TABLE `password_reset_tokens` (
  `email` varchar(255) COLLATE utf8mb4_unicode_ci NOT NULL,
  `token` varchar(255) COLLATE utf8mb4_unicode_ci NOT NULL,
  `created_at` timestamp NULL DEFAULT NULL
) ENGINE=InnoDB DEFAULT CHARSET=utf8mb4 COLLATE=utf8mb4_unicode_ci;

-- --------------------------------------------------------

--
-- Table structure for table `permissions`
--

CREATE TABLE `permissions` (
  `id` bigint(20) UNSIGNED NOT NULL,
  `name` varchar(255) COLLATE utf8mb4_unicode_ci NOT NULL,
  `guard_name` varchar(255) COLLATE utf8mb4_unicode_ci NOT NULL,
  `created_at` timestamp NULL DEFAULT NULL,
  `updated_at` timestamp NULL DEFAULT NULL
) ENGINE=InnoDB DEFAULT CHARSET=utf8mb4 COLLATE=utf8mb4_unicode_ci;

--
-- Dumping data for table `permissions`
--

INSERT INTO `permissions` (`id`, `name`, `guard_name`, `created_at`, `updated_at`) VALUES
(5, 'Data Inputter', 'web', '2024-09-07 14:19:40', '2024-09-07 14:19:40'),
(6, 'Project Creator', 'web', '2024-09-07 14:19:48', '2024-09-07 14:19:48'),
(7, 'Project Approver', 'web', '2024-09-07 14:20:00', '2024-09-07 14:20:00');

-- --------------------------------------------------------

--
-- Table structure for table `personal_access_tokens`
--

CREATE TABLE `personal_access_tokens` (
  `id` bigint(20) UNSIGNED NOT NULL,
  `tokenable_type` varchar(255) COLLATE utf8mb4_unicode_ci NOT NULL,
  `tokenable_id` bigint(20) UNSIGNED NOT NULL,
  `name` varchar(255) COLLATE utf8mb4_unicode_ci NOT NULL,
  `token` varchar(64) COLLATE utf8mb4_unicode_ci NOT NULL,
  `abilities` text COLLATE utf8mb4_unicode_ci DEFAULT NULL,
  `last_used_at` timestamp NULL DEFAULT NULL,
  `expires_at` timestamp NULL DEFAULT NULL,
  `created_at` timestamp NULL DEFAULT NULL,
  `updated_at` timestamp NULL DEFAULT NULL
) ENGINE=InnoDB DEFAULT CHARSET=utf8mb4 COLLATE=utf8mb4_unicode_ci;

-- --------------------------------------------------------

--
-- Table structure for table `privileges`
--

CREATE TABLE `privileges` (
  `id` bigint(20) UNSIGNED NOT NULL,
  `privilege_name` varchar(100) COLLATE utf8mb4_unicode_ci NOT NULL,
  `created_at` timestamp NULL DEFAULT NULL,
  `updated_at` timestamp NULL DEFAULT NULL
) ENGINE=InnoDB DEFAULT CHARSET=utf8mb4 COLLATE=utf8mb4_unicode_ci;

--
-- Dumping data for table `privileges`
--

INSERT INTO `privileges` (`id`, `privilege_name`, `created_at`, `updated_at`) VALUES
(1, 'Super User', '2023-07-08 08:01:23', '2023-07-08 08:01:23'),
(2, 'Primary Contact', '2023-07-08 08:01:39', '2023-07-08 08:01:39'),
(3, 'Secondary Contact', '2023-07-08 08:01:40', '2023-07-08 08:01:40'),
(4, 'Root Admin', NULL, NULL),
(5, 'End User', NULL, NULL);

-- --------------------------------------------------------

--
-- Table structure for table `projects`
--

CREATE TABLE `projects` (
  `project_id` int(11) NOT NULL,
  `project_name` varchar(100) COLLATE utf8mb4_unicode_ci NOT NULL,
  `org_id` int(11) DEFAULT NULL,
  `created_by` bigint(20) UNSIGNED DEFAULT NULL,
  `project_creation_date` date NOT NULL,
  `project_creation_time` time NOT NULL,
  `project_type` bigint(20) UNSIGNED DEFAULT NULL,
  `status` varchar(100) COLLATE utf8mb4_unicode_ci NOT NULL DEFAULT 'Not submitted for approval',
  `status_last_changed_by` bigint(20) UNSIGNED DEFAULT NULL,
  `created_at` timestamp NULL DEFAULT NULL,
  `updated_at` timestamp NULL DEFAULT NULL
) ENGINE=InnoDB DEFAULT CHARSET=utf8mb4 COLLATE=utf8mb4_unicode_ci;

--
-- Dumping data for table `projects`
--

INSERT INTO `projects` (`project_id`, `project_name`, `org_id`, `created_by`, `project_creation_date`, `project_creation_time`, `project_type`, `status`, `status_last_changed_by`, `created_at`, `updated_at`) VALUES
(11, 'Test Project1', 2, 6, '2024-09-13', '11:00:12', 4, 'Not submitted for approval', 6, '2024-09-13 06:00:12', '2024-09-13 06:00:12');

-- --------------------------------------------------------

--
-- Table structure for table `project_details`
--

CREATE TABLE `project_details` (
  `project_code` int(11) DEFAULT NULL,
  `assigned_enduser` bigint(20) UNSIGNED DEFAULT NULL,
  `project_permissions` longtext CHARACTER SET utf8mb4 COLLATE utf8mb4_bin NOT NULL CHECK (json_valid(`project_permissions`)),
  `created_at` timestamp NULL DEFAULT NULL,
  `updated_at` timestamp NULL DEFAULT NULL
) ENGINE=InnoDB DEFAULT CHARSET=utf8mb4 COLLATE=utf8mb4_unicode_ci;

--
-- Dumping data for table `project_details`
--

INSERT INTO `project_details` (`project_code`, `assigned_enduser`, `project_permissions`, `created_at`, `updated_at`) VALUES
(NULL, 6, '[\"Data Inputter\"]', '2024-09-07 14:21:22', '2024-09-07 14:21:22'),
(NULL, 6, '[\"Data Inputter\"]', '2024-09-11 04:07:05', '2024-09-11 04:07:05'),
(11, 6, '[\"Data Inputter\"]', '2024-09-13 06:00:21', '2024-09-13 06:00:21');

-- --------------------------------------------------------

--
-- Table structure for table `project_types`
--

CREATE TABLE `project_types` (
  `id` bigint(20) UNSIGNED NOT NULL,
  `type` varchar(100) COLLATE utf8mb4_unicode_ci NOT NULL,
  `created_at` timestamp NULL DEFAULT NULL,
  `updated_at` timestamp NULL DEFAULT NULL
) ENGINE=InnoDB DEFAULT CHARSET=utf8mb4 COLLATE=utf8mb4_unicode_ci;

--
-- Dumping data for table `project_types`
--

INSERT INTO `project_types` (`id`, `type`, `created_at`, `updated_at`) VALUES
(1, 'PCI-DSS v4-Single-Tenant Service Provider (stSP)', NULL, NULL),
(4, 'ISO 27001:2022', NULL, NULL);

-- --------------------------------------------------------

--
-- Table structure for table `roles`
--

CREATE TABLE `roles` (
  `id` bigint(20) UNSIGNED NOT NULL,
  `name` varchar(255) COLLATE utf8mb4_unicode_ci NOT NULL,
  `guard_name` varchar(255) COLLATE utf8mb4_unicode_ci NOT NULL,
  `created_at` timestamp NULL DEFAULT NULL,
  `updated_at` timestamp NULL DEFAULT NULL
) ENGINE=InnoDB DEFAULT CHARSET=utf8mb4 COLLATE=utf8mb4_unicode_ci;

--
-- Dumping data for table `roles`
--

INSERT INTO `roles` (`id`, `name`, `guard_name`, `created_at`, `updated_at`) VALUES
(6, 'root admin', 'web', '2024-09-07 14:17:20', '2024-09-07 14:17:20'),
(7, 'super user', 'web', '2024-09-07 14:17:20', '2024-09-07 14:17:20'),
(8, 'end user', 'web', '2024-09-07 14:17:20', '2024-09-07 14:17:20'),
(9, 'primary contact ', 'web', '2024-09-07 14:17:20', '2024-09-07 14:17:20'),
(10, 'secondary contact', 'web', '2024-09-07 14:17:20', '2024-09-07 14:17:20');

-- --------------------------------------------------------

--
-- Table structure for table `role_has_permissions`
--

CREATE TABLE `role_has_permissions` (
  `permission_id` bigint(20) UNSIGNED NOT NULL,
  `role_id` bigint(20) UNSIGNED NOT NULL
) ENGINE=InnoDB DEFAULT CHARSET=utf8mb4 COLLATE=utf8mb4_unicode_ci;

-- --------------------------------------------------------

--
-- Table structure for table `superusers`
--

CREATE TABLE `superusers` (
  `id` int(11) NOT NULL,
  `user_id` bigint(20) UNSIGNED DEFAULT NULL,
  `org_id` int(11) DEFAULT NULL
) ENGINE=InnoDB DEFAULT CHARSET=utf8mb4 COLLATE=utf8mb4_unicode_ci;

--
-- Dumping data for table `superusers`
--

INSERT INTO `superusers` (`id`, `user_id`, `org_id`) VALUES
(2, 5, 2);

-- --------------------------------------------------------

--
-- Table structure for table `users`
--

CREATE TABLE `users` (
  `id` bigint(20) UNSIGNED NOT NULL,
  `org_id` int(11) DEFAULT NULL,
  `first_name` varchar(100) COLLATE utf8mb4_unicode_ci NOT NULL,
  `last_name` varchar(100) COLLATE utf8mb4_unicode_ci NOT NULL,
  `national_id` varchar(255) COLLATE utf8mb4_unicode_ci DEFAULT NULL,
  `email` varchar(255) COLLATE utf8mb4_unicode_ci NOT NULL,
  `telephone` varchar(100) COLLATE utf8mb4_unicode_ci NOT NULL,
  `address` varchar(100) COLLATE utf8mb4_unicode_ci NOT NULL,
  `city` varchar(100) COLLATE utf8mb4_unicode_ci NOT NULL,
  `state` varchar(100) COLLATE utf8mb4_unicode_ci NOT NULL,
  `country` varchar(100) COLLATE utf8mb4_unicode_ci NOT NULL,
  `zip_code` int(11) NOT NULL,
  `password` varchar(255) COLLATE utf8mb4_unicode_ci NOT NULL,
  `2FA` varchar(3) COLLATE utf8mb4_unicode_ci NOT NULL,
  `privilege_id` bigint(20) UNSIGNED DEFAULT NULL,
  `status` varchar(20) COLLATE utf8mb4_unicode_ci NOT NULL,
  `email_verified_at` timestamp NULL DEFAULT NULL,
  `remember_token` varchar(100) COLLATE utf8mb4_unicode_ci DEFAULT NULL,
  `created_at` timestamp NULL DEFAULT NULL,
  `updated_at` timestamp NULL DEFAULT NULL
) ENGINE=InnoDB DEFAULT CHARSET=utf8mb4 COLLATE=utf8mb4_unicode_ci;

--
-- Dumping data for table `users`
--

INSERT INTO `users` (`id`, `org_id`, `first_name`, `last_name`, `national_id`, `email`, `telephone`, `address`, `city`, `state`, `country`, `zip_code`, `password`, `2FA`, `privilege_id`, `status`, `email_verified_at`, `remember_token`, `created_at`, `updated_at`) VALUES
(4, NULL, 'shahmeer', 'sheraz', NULL, 'shahmeer@gmail.com', '04448887643', 'Gulshan', 'karachi', 'Sindh', 'country', 12, '$2y$10$pXxvlXqb00DkIoV9bE2T6OmRNwo/TvXmsePHZAfusUw9YxmHkTWx.', 'N', 4, 'active', NULL, NULL, NULL, NULL),
(5, 2, 'Bank', 'SuperUser1', '344443', 'banks1@gmail.com', '03344334', '1647/2 Fb Area Azizabad', 'Karachi', 'Sindh', 'Pakistan', 75950, '$2y$10$46vF49/peDgGwitW5hT9NOFuhjA0s4.L/67ncM2tmkGwe0GFrUcnS', 'N', 1, 'active', NULL, NULL, '2024-09-07 14:19:23', '2024-09-07 14:19:23'),
(6, 2, 'Bank', 'EndUSer1', '4433', 'banke1@gmail.com', '03344334', '1647/2 Fb Area Azizabad', 'Karachi', 'Sindh', 'Pakistan', 75950, '$2y$10$LZw8IkUacyf8PxFNS9Alq.gD/ICbxzWRPwLEtEPOXfJPNiBXd4Rli', 'N', 5, 'active', NULL, NULL, '2024-09-07 14:20:46', '2024-09-07 14:20:46');

--
-- Indexes for dumped tables
--

--
-- Indexes for table `failed_jobs`
--
ALTER TABLE `failed_jobs`
  ADD PRIMARY KEY (`id`),
  ADD UNIQUE KEY `failed_jobs_uuid_unique` (`uuid`);

--
-- Indexes for table `iso_risk_treatment`
--
ALTER TABLE `iso_risk_treatment`
  ADD PRIMARY KEY (`assessment_id`),
  ADD UNIQUE KEY `asset_id_2` (`asset_id`,`control_num`),
  ADD KEY `projid_sec2_3_1` (`project_id`),
  ADD KEY `asset_id` (`asset_id`),
  ADD KEY `acceptance_proposed_responsibility` (`acceptance_proposed_responsibility`),
  ADD KEY `accepted_by` (`accepted_by`),
  ADD KEY `last_edited_by` (`last_edited_by`);

--
-- Indexes for table `iso_sec2_4_a5`
--
ALTER TABLE `iso_sec2_4_a5`
  ADD PRIMARY KEY (`assessment_id`),
  ADD UNIQUE KEY `asset_id_2` (`asset_id`,`control_num`),
  ADD KEY `project_id` (`project_id`),
  ADD KEY `asset_id` (`asset_id`),
  ADD KEY `last_edited_by` (`last_edited_by`);

--
-- Indexes for table `iso_sec2_4_a6`
--
ALTER TABLE `iso_sec2_4_a6`
  ADD PRIMARY KEY (`assessment_id`),
  ADD UNIQUE KEY `project_id` (`project_id`,`control_num`),
  ADD KEY `project_id_2` (`project_id`),
  ADD KEY `asset_id` (`asset_id`),
  ADD KEY `last_edited_by` (`last_edited_by`);

--
-- Indexes for table `iso_sec2_4_a7`
--
ALTER TABLE `iso_sec2_4_a7`
  ADD PRIMARY KEY (`assessment_id`),
  ADD KEY `project_id_2` (`project_id`),
  ADD KEY `asset_id` (`asset_id`),
  ADD KEY `last_edited_by` (`last_edited_by`);

--
-- Indexes for table `iso_sec2_4_a8`
--
ALTER TABLE `iso_sec2_4_a8`
  ADD PRIMARY KEY (`assessment_id`),
  ADD KEY `project_id_2` (`project_id`),
  ADD KEY `asset_id` (`asset_id`),
  ADD KEY `last_edited_by` (`last_edited_by`);

--
-- Indexes for table `iso_sec_2_1`
--
ALTER TABLE `iso_sec_2_1`
  ADD PRIMARY KEY (`assessment_id`),
  ADD UNIQUE KEY `project_id_2` (`project_id`,`g_name`,`name`,`c_name`,`s_name`),
  ADD KEY `project_id` (`project_id`),
  ADD KEY `last_edited_by` (`last_edited_by`);

--
-- Indexes for table `iso_sec_2_2`
--
ALTER TABLE `iso_sec_2_2`
  ADD PRIMARY KEY (`assessment_id`),
  ADD UNIQUE KEY `project_id` (`project_id`,`sub_req`),
  ADD KEY `project_id_2` (`project_id`),
  ADD KEY `last_edited_by` (`last_edited_by`);

--
-- Indexes for table `iso_sec_2_3`
--
ALTER TABLE `iso_sec_2_3`
  ADD PRIMARY KEY (`sec2_3_key`),
  ADD UNIQUE KEY `asset_id` (`asset_id`,`project_id`),
  ADD KEY `asset_id_2` (`asset_id`),
  ADD KEY `project_id` (`project_id`),
  ADD KEY `last_edited_by` (`last_edited_by`);

--
-- Indexes for table `iso_sec_2_3_1`
--
ALTER TABLE `iso_sec_2_3_1`
  ADD PRIMARY KEY (`assessment_id`),
  ADD UNIQUE KEY `asset_id_2` (`asset_id`,`control_num`),
  ADD KEY `projid_sec2_3_1` (`project_id`),
  ADD KEY `asset_id` (`asset_id`),
  ADD KEY `last_edited_by` (`last_edited_by`);

--
-- Indexes for table `migrations`
--
ALTER TABLE `migrations`
  ADD PRIMARY KEY (`id`);

--
-- Indexes for table `model_has_permissions`
--
ALTER TABLE `model_has_permissions`
  ADD PRIMARY KEY (`permission_id`,`model_id`,`model_type`),
  ADD KEY `model_has_permissions_model_id_model_type_index` (`model_id`,`model_type`);

--
-- Indexes for table `model_has_roles`
--
ALTER TABLE `model_has_roles`
  ADD PRIMARY KEY (`role_id`,`model_id`,`model_type`),
  ADD KEY `model_has_roles_model_id_model_type_index` (`model_id`,`model_type`);

--
-- Indexes for table `organizations`
--
ALTER TABLE `organizations`
  ADD PRIMARY KEY (`org_id`),
  ADD UNIQUE KEY `name` (`name`,`sub_org`);

--
-- Indexes for table `password_reset_tokens`
--
ALTER TABLE `password_reset_tokens`
  ADD PRIMARY KEY (`email`);

--
-- Indexes for table `permissions`
--
ALTER TABLE `permissions`
  ADD PRIMARY KEY (`id`),
  ADD UNIQUE KEY `permissions_name_guard_name_unique` (`name`,`guard_name`);

--
-- Indexes for table `personal_access_tokens`
--
ALTER TABLE `personal_access_tokens`
  ADD PRIMARY KEY (`id`),
  ADD UNIQUE KEY `personal_access_tokens_token_unique` (`token`),
  ADD KEY `personal_access_tokens_tokenable_type_tokenable_id_index` (`tokenable_type`,`tokenable_id`);

--
-- Indexes for table `privileges`
--
ALTER TABLE `privileges`
  ADD PRIMARY KEY (`id`);

--
-- Indexes for table `projects`
--
ALTER TABLE `projects`
  ADD PRIMARY KEY (`project_id`),
  ADD KEY `org_id` (`org_id`),
  ADD KEY `created_by` (`created_by`),
  ADD KEY `project_type` (`project_type`);

--
-- Indexes for table `project_details`
--
ALTER TABLE `project_details`
  ADD UNIQUE KEY `project_code_3` (`project_code`,`assigned_enduser`),
  ADD KEY `project_code` (`project_code`),
  ADD KEY `project_code_2` (`project_code`),
  ADD KEY `assigned_enduser` (`assigned_enduser`);

--
-- Indexes for table `project_types`
--
ALTER TABLE `project_types`
  ADD PRIMARY KEY (`id`);

--
-- Indexes for table `roles`
--
ALTER TABLE `roles`
  ADD PRIMARY KEY (`id`),
  ADD UNIQUE KEY `roles_name_guard_name_unique` (`name`,`guard_name`);

--
-- Indexes for table `role_has_permissions`
--
ALTER TABLE `role_has_permissions`
  ADD PRIMARY KEY (`permission_id`,`role_id`),
  ADD KEY `role_has_permissions_role_id_foreign` (`role_id`);

--
-- Indexes for table `superusers`
--
ALTER TABLE `superusers`
  ADD PRIMARY KEY (`id`),
  ADD KEY `user_id` (`user_id`,`org_id`),
  ADD KEY `orgidfk` (`org_id`);

--
-- Indexes for table `users`
--
ALTER TABLE `users`
  ADD PRIMARY KEY (`id`),
  ADD UNIQUE KEY `users_email_unique` (`email`),
  ADD KEY `org_id` (`org_id`);

--
-- AUTO_INCREMENT for dumped tables
--

--
-- AUTO_INCREMENT for table `failed_jobs`
--
ALTER TABLE `failed_jobs`
  MODIFY `id` bigint(20) UNSIGNED NOT NULL AUTO_INCREMENT;

--
-- AUTO_INCREMENT for table `iso_risk_treatment`
--
ALTER TABLE `iso_risk_treatment`
  MODIFY `assessment_id` int(11) NOT NULL AUTO_INCREMENT, AUTO_INCREMENT=280;

--
-- AUTO_INCREMENT for table `iso_sec2_4_a5`
--
ALTER TABLE `iso_sec2_4_a5`
  MODIFY `assessment_id` int(11) NOT NULL AUTO_INCREMENT;

--
-- AUTO_INCREMENT for table `iso_sec2_4_a6`
--
ALTER TABLE `iso_sec2_4_a6`
  MODIFY `assessment_id` int(11) NOT NULL AUTO_INCREMENT;

--
-- AUTO_INCREMENT for table `iso_sec2_4_a7`
--
ALTER TABLE `iso_sec2_4_a7`
  MODIFY `assessment_id` int(11) NOT NULL AUTO_INCREMENT;

--
-- AUTO_INCREMENT for table `iso_sec2_4_a8`
--
ALTER TABLE `iso_sec2_4_a8`
  MODIFY `assessment_id` int(11) NOT NULL AUTO_INCREMENT;

--
-- AUTO_INCREMENT for table `iso_sec_2_1`
--
ALTER TABLE `iso_sec_2_1`
  MODIFY `assessment_id` int(11) NOT NULL AUTO_INCREMENT, AUTO_INCREMENT=38;

--
-- AUTO_INCREMENT for table `iso_sec_2_2`
--
ALTER TABLE `iso_sec_2_2`
  MODIFY `assessment_id` int(11) NOT NULL AUTO_INCREMENT, AUTO_INCREMENT=4;

--
-- AUTO_INCREMENT for table `iso_sec_2_3`
--
ALTER TABLE `iso_sec_2_3`
  MODIFY `sec2_3_key` int(11) NOT NULL AUTO_INCREMENT;

--
-- AUTO_INCREMENT for table `iso_sec_2_3_1`
--
ALTER TABLE `iso_sec_2_3_1`
  MODIFY `assessment_id` int(11) NOT NULL AUTO_INCREMENT, AUTO_INCREMENT=280;

--
-- AUTO_INCREMENT for table `migrations`
--
ALTER TABLE `migrations`
  MODIFY `id` int(10) UNSIGNED NOT NULL AUTO_INCREMENT, AUTO_INCREMENT=41;

--
-- AUTO_INCREMENT for table `organizations`
--
ALTER TABLE `organizations`
  MODIFY `org_id` int(11) NOT NULL AUTO_INCREMENT, AUTO_INCREMENT=3;

--
-- AUTO_INCREMENT for table `permissions`
--
ALTER TABLE `permissions`
  MODIFY `id` bigint(20) UNSIGNED NOT NULL AUTO_INCREMENT, AUTO_INCREMENT=8;

--
-- AUTO_INCREMENT for table `personal_access_tokens`
--
ALTER TABLE `personal_access_tokens`
  MODIFY `id` bigint(20) UNSIGNED NOT NULL AUTO_INCREMENT;

--
-- AUTO_INCREMENT for table `privileges`
--
ALTER TABLE `privileges`
  MODIFY `id` bigint(20) UNSIGNED NOT NULL AUTO_INCREMENT, AUTO_INCREMENT=6;

--
-- AUTO_INCREMENT for table `projects`
--
ALTER TABLE `projects`
  MODIFY `project_id` int(11) NOT NULL AUTO_INCREMENT, AUTO_INCREMENT=12;

--
-- AUTO_INCREMENT for table `project_types`
--
ALTER TABLE `project_types`
  MODIFY `id` bigint(20) UNSIGNED NOT NULL AUTO_INCREMENT, AUTO_INCREMENT=5;

--
-- AUTO_INCREMENT for table `roles`
--
ALTER TABLE `roles`
  MODIFY `id` bigint(20) UNSIGNED NOT NULL AUTO_INCREMENT, AUTO_INCREMENT=11;

--
-- AUTO_INCREMENT for table `superusers`
--
ALTER TABLE `superusers`
  MODIFY `id` int(11) NOT NULL AUTO_INCREMENT, AUTO_INCREMENT=3;

--
-- AUTO_INCREMENT for table `users`
--
ALTER TABLE `users`
  MODIFY `id` bigint(20) UNSIGNED NOT NULL AUTO_INCREMENT, AUTO_INCREMENT=7;

--
-- Constraints for dumped tables
--

--
-- Constraints for table `iso_risk_treatment`
--
ALTER TABLE `iso_risk_treatment`
  ADD CONSTRAINT `acceptace_flk1` FOREIGN KEY (`acceptance_proposed_responsibility`) REFERENCES `users` (`id`) ON DELETE SET NULL ON UPDATE SET NULL,
  ADD CONSTRAINT `acceptace_flk2` FOREIGN KEY (`accepted_by`) REFERENCES `users` (`id`) ON DELETE SET NULL ON UPDATE SET NULL,
  ADD CONSTRAINT `acceptace_flk3` FOREIGN KEY (`last_edited_by`) REFERENCES `users` (`id`) ON DELETE SET NULL ON UPDATE SET NULL,
  ADD CONSTRAINT `assetid` FOREIGN KEY (`asset_id`) REFERENCES `iso_sec_2_1` (`assessment_id`) ON DELETE CASCADE ON UPDATE CASCADE;

--
-- Constraints for table `iso_sec2_4_a5`
--
ALTER TABLE `iso_sec2_4_a5`
  ADD CONSTRAINT `asseid_isofk` FOREIGN KEY (`asset_id`) REFERENCES `iso_sec_2_1` (`assessment_id`) ON DELETE CASCADE ON UPDATE CASCADE,
  ADD CONSTRAINT `editby-iso_2_4_a5` FOREIGN KEY (`last_edited_by`) REFERENCES `users` (`id`) ON DELETE SET NULL ON UPDATE CASCADE,
  ADD CONSTRAINT `isosec2_4_a5_projid` FOREIGN KEY (`project_id`) REFERENCES `projects` (`project_id`) ON DELETE SET NULL ON UPDATE CASCADE;

--
-- Constraints for table `iso_sec2_4_a6`
--
ALTER TABLE `iso_sec2_4_a6`
  ADD CONSTRAINT `assrtidfkfor16` FOREIGN KEY (`asset_id`) REFERENCES `iso_sec_2_1` (`assessment_id`) ON DELETE CASCADE ON UPDATE CASCADE,
  ADD CONSTRAINT `edit_sec2_4_16` FOREIGN KEY (`last_edited_by`) REFERENCES `users` (`id`) ON DELETE SET NULL ON UPDATE CASCADE,
  ADD CONSTRAINT `proj_iso_2_4_a6` FOREIGN KEY (`project_id`) REFERENCES `projects` (`project_id`) ON DELETE SET NULL ON UPDATE CASCADE;

--
-- Constraints for table `iso_sec2_4_a7`
--
ALTER TABLE `iso_sec2_4_a7`
  ADD CONSTRAINT `assetid17fk` FOREIGN KEY (`asset_id`) REFERENCES `iso_sec_2_1` (`assessment_id`) ON DELETE CASCADE ON UPDATE CASCADE,
  ADD CONSTRAINT `iso_a72_4_edit` FOREIGN KEY (`last_edited_by`) REFERENCES `users` (`id`) ON DELETE SET NULL ON UPDATE CASCADE,
  ADD CONSTRAINT `iso_a72_4_proj` FOREIGN KEY (`project_id`) REFERENCES `projects` (`project_id`) ON DELETE SET NULL ON UPDATE CASCADE;

--
-- Constraints for table `iso_sec2_4_a8`
--
ALTER TABLE `iso_sec2_4_a8`
  ADD CONSTRAINT `assetid_a8fk` FOREIGN KEY (`asset_id`) REFERENCES `iso_sec_2_1` (`assessment_id`) ON DELETE CASCADE ON UPDATE CASCADE,
  ADD CONSTRAINT `iso_sec2_4a8_edit` FOREIGN KEY (`last_edited_by`) REFERENCES `users` (`id`) ON DELETE SET NULL ON UPDATE CASCADE,
  ADD CONSTRAINT `iso_sec2_4a8_proj` FOREIGN KEY (`project_id`) REFERENCES `projects` (`project_id`) ON DELETE SET NULL ON UPDATE CASCADE;

--
-- Constraints for table `iso_sec_2_1`
--
ALTER TABLE `iso_sec_2_1`
  ADD CONSTRAINT `iso_sec2_1_edit` FOREIGN KEY (`last_edited_by`) REFERENCES `users` (`id`) ON DELETE SET NULL ON UPDATE CASCADE,
  ADD CONSTRAINT `iso_sec2_1_proj` FOREIGN KEY (`project_id`) REFERENCES `projects` (`project_id`) ON DELETE CASCADE ON UPDATE CASCADE;

--
-- Constraints for table `iso_sec_2_2`
--
ALTER TABLE `iso_sec_2_2`
  ADD CONSTRAINT `iso_sec2_2edit` FOREIGN KEY (`last_edited_by`) REFERENCES `users` (`id`) ON DELETE SET NULL ON UPDATE CASCADE,
  ADD CONSTRAINT `iso_sec2_2projid` FOREIGN KEY (`project_id`) REFERENCES `projects` (`project_id`) ON DELETE SET NULL ON UPDATE CASCADE;

--
-- Constraints for table `iso_sec_2_3`
--
ALTER TABLE `iso_sec_2_3`
  ADD CONSTRAINT `iso_sec_2_3_assetid` FOREIGN KEY (`asset_id`) REFERENCES `iso_sec_2_1` (`assessment_id`) ON DELETE CASCADE ON UPDATE CASCADE,
  ADD CONSTRAINT `iso_sec_2_3_lastedit` FOREIGN KEY (`last_edited_by`) REFERENCES `users` (`id`) ON DELETE SET NULL ON UPDATE CASCADE,
  ADD CONSTRAINT `iso_sec_2_3_proj_id` FOREIGN KEY (`project_id`) REFERENCES `projects` (`project_id`) ON DELETE SET NULL ON UPDATE CASCADE;

--
-- Constraints for table `iso_sec_2_3_1`
--
ALTER TABLE `iso_sec_2_3_1`
  ADD CONSTRAINT `assetid_sec2_3_1FK` FOREIGN KEY (`asset_id`) REFERENCES `iso_sec_2_1` (`assessment_id`) ON DELETE CASCADE ON UPDATE CASCADE,
  ADD CONSTRAINT `lastEdit_fk_2_3_1` FOREIGN KEY (`last_edited_by`) REFERENCES `users` (`id`) ON DELETE SET NULL ON UPDATE CASCADE,
  ADD CONSTRAINT `projid_2_3` FOREIGN KEY (`project_id`) REFERENCES `projects` (`project_id`) ON DELETE CASCADE ON UPDATE CASCADE;

--
-- Constraints for table `model_has_permissions`
--
ALTER TABLE `model_has_permissions`
  ADD CONSTRAINT `model_has_permissions_permission_id_foreign` FOREIGN KEY (`permission_id`) REFERENCES `permissions` (`id`) ON DELETE CASCADE;

--
-- Constraints for table `model_has_roles`
--
ALTER TABLE `model_has_roles`
  ADD CONSTRAINT `model_has_roles_role_id_foreign` FOREIGN KEY (`role_id`) REFERENCES `roles` (`id`) ON DELETE CASCADE;

--
-- Constraints for table `projects`
--
ALTER TABLE `projects`
  ADD CONSTRAINT `createdbyfk` FOREIGN KEY (`created_by`) REFERENCES `users` (`id`) ON DELETE SET NULL ON UPDATE SET NULL,
  ADD CONSTRAINT `organfkss` FOREIGN KEY (`org_id`) REFERENCES `organizations` (`org_id`) ON DELETE SET NULL ON UPDATE SET NULL,
  ADD CONSTRAINT `projtype` FOREIGN KEY (`project_type`) REFERENCES `project_types` (`id`) ON DELETE SET NULL ON UPDATE SET NULL;

--
-- Constraints for table `project_details`
--
ALTER TABLE `project_details`
  ADD CONSTRAINT `endfk` FOREIGN KEY (`assigned_enduser`) REFERENCES `users` (`id`) ON DELETE SET NULL ON UPDATE SET NULL,
  ADD CONSTRAINT `proj_code` FOREIGN KEY (`project_code`) REFERENCES `projects` (`project_id`) ON DELETE SET NULL ON UPDATE SET NULL;

--
-- Constraints for table `role_has_permissions`
--
ALTER TABLE `role_has_permissions`
  ADD CONSTRAINT `role_has_permissions_permission_id_foreign` FOREIGN KEY (`permission_id`) REFERENCES `permissions` (`id`) ON DELETE CASCADE,
  ADD CONSTRAINT `role_has_permissions_role_id_foreign` FOREIGN KEY (`role_id`) REFERENCES `roles` (`id`) ON DELETE CASCADE;

--
-- Constraints for table `superusers`
--
ALTER TABLE `superusers`
  ADD CONSTRAINT `orgidfk` FOREIGN KEY (`org_id`) REFERENCES `organizations` (`org_id`) ON DELETE CASCADE ON UPDATE CASCADE,
  ADD CONSTRAINT `useridfk` FOREIGN KEY (`user_id`) REFERENCES `users` (`id`) ON DELETE CASCADE ON UPDATE CASCADE;

--
-- Constraints for table `users`
--
ALTER TABLE `users`
  ADD CONSTRAINT `org_id` FOREIGN KEY (`org_id`) REFERENCES `organizations` (`org_id`) ON DELETE SET NULL ON UPDATE CASCADE;
COMMIT;

/*!40101 SET CHARACTER_SET_CLIENT=@OLD_CHARACTER_SET_CLIENT */;
/*!40101 SET CHARACTER_SET_RESULTS=@OLD_CHARACTER_SET_RESULTS */;
/*!40101 SET COLLATION_CONNECTION=@OLD_COLLATION_CONNECTION */;
